sensor_id,city,feature,lag_minutes,lag,autocorrelation,absolute_autocorrelation,pacf,n_observations
4,Nablus,humidity,15,15 min,0.9958952384050136,0.9958952384050136,0.9952526881459676,1589
5,Nablus,humidity,15,15 min,0.9955070663941495,0.9955070663941495,0.9926696883342743,822
5,Nablus,temperature,15,15 min,0.9953180266341509,0.9953180266341509,0.9928238658810473,822
4,Nablus,temperature,15,15 min,0.9945288829818083,0.9945288829818083,0.9939067111801949,1589
2,Nablus,humidity,15,15 min,0.9944938887146593,0.9944938887146593,0.9935423973759899,1575
1,Tulkarem,humidity,15,15 min,0.9916069317294125,0.9916069317294125,0.9906537712694501,1618
2,Nablus,temperature,15,15 min,0.9913626115227914,0.9913626115227914,0.9902975436554123,1575
1,Tulkarem,temperature,15,15 min,0.9884646110766472,0.9884646110766472,0.9873478241278422,1620
2,Nablus,pm25,15,15 min,0.988108012522296,0.988108012522296,0.987404551098026,1575
4,Nablus,humidity,30,30 min,0.9859426091546774,0.9859426091546774,-0.615670051981619,1587
5,Nablus,humidity,30,30 min,0.9846977211167126,0.9846977211167126,-0.4452371113979412,820
5,Nablus,temperature,30,30 min,0.9831863579206286,0.9831863579206286,-0.5528664164405164,820
2,Nablus,humidity,30,30 min,0.9829013122928629,0.9829013122928629,-0.4760767577791775,1574
4,Nablus,temperature,30,30 min,0.9802356832277457,0.9802356832277457,-0.7476294753316189,1587
4,Nablus,pm25,15,15 min,0.9748695549852854,0.9748695549852854,0.9748429913797619,1589
2,Nablus,pm25,30,30 min,0.9747345774578164,0.9747345774578164,-0.07850257007607801,1574
1,Tulkarem,humidity,30,30 min,0.973755457717159,0.973755457717159,-0.5154980618356548,1617
2,Nablus,temperature,30,30 min,0.9724756276018182,0.9724756276018182,-0.5427369012006578,1574
5,Nablus,temperature,1440,24 h,0.969513596477016,0.969513596477016,-0.06714592651717749,635
5,Nablus,humidity,1440,24 h,0.9686545962997155,0.9686545962997155,-0.006592935200005486,635
1,Tulkarem,temperature,30,30 min,0.9655397757400462,0.9655397757400462,-0.45918262219570505,1619
4,Nablus,pm25,30,30 min,0.9580040140976238,0.9580040140976238,0.14939288368269307,1587
1,Tulkarem,temperature,1440,24 h,0.9554293273864696,0.9554293273864696,-0.17884224880126628,1525
4,Nablus,humidity,60,1 h,0.9529158082250949,0.9529158082250949,-0.11628356425753543,1585
2,Nablus,humidity,60,1 h,0.9489375611399998,0.9489375611399998,-0.11468630694460269,1572
1,Tulkarem,o3,15,15 min,0.9487093832586041,0.9487093832586041,0.9484524065865394,1620
5,Nablus,humidity,60,1 h,0.948478675208342,0.948478675208342,-0.19719557817524672,816
5,Nablus,temperature,60,1 h,0.9423774733555258,0.9423774733555258,-0.19598018353467953,816
2,Nablus,pm25,60,1 h,0.9422760258026464,0.9422760258026464,-0.08222127830248968,1572
2,Nablus,aqi,15,15 min,0.9362639115956368,0.9362639115956368,0.9351442423899715,1575
4,Nablus,temperature,60,1 h,0.9307853965848059,0.9307853965848059,-0.13290348253587214,1585
4,Nablus,aqi,15,15 min,0.9263090783024313,0.9263090783024313,0.9264098103673439,1589
4,Nablus,temperature,1440,24 h,0.9245613116535321,0.9245613116535321,-0.10672882375586584,1494
4,Nablus,pm25,60,1 h,0.923393088775829,0.923393088775829,-0.03606074203161072,1585
1,Tulkarem,humidity,60,1 h,0.9232463412786971,0.9232463412786971,-0.03721752543112458,1615
1,Tulkarem,pm25,15,15 min,0.9186948768796032,0.9186948768796032,0.9195947052320311,1618
2,Nablus,temperature,60,1 h,0.9163375580970082,0.9163375580970082,-0.12089595658177713,1572
1,Tulkarem,humidity,1440,24 h,0.9042448990684826,0.9042448990684826,-0.1462675686305571,1523
4,Nablus,aqi,30,30 min,0.9032555409150611,0.9032555409150611,0.30411693771521736,1587
1,Tulkarem,temperature,60,1 h,0.902197842573671,0.902197842573671,-0.015059302720055687,1617
1,Tulkarem,o3,30,30 min,0.9014716485819784,0.9014716485819784,0.0054981500101756,1619
5,Nablus,pm25,15,15 min,0.8981964676539793,0.8981964676539793,0.8817764212092967,822
2,Nablus,temperature,1440,24 h,0.885396882968916,0.885396882968916,-0.1433055553285714,1481
2,Nablus,aqi,30,30 min,0.8835048559946526,0.8835048559946526,0.06633201613520148,1574
2,Nablus,pm25,120,2 h,0.8707294797360473,0.8707294797360473,0.005312714383141141,1568
5,Nablus,aqi,15,15 min,0.8701402414172532,0.8701402414172532,0.8419597414937904,822
1,Tulkarem,no2,15,15 min,0.8561351542820419,0.8561351542820419,0.8557437126955673,1620
2,Nablus,humidity,120,2 h,0.8535306006525492,0.8535306006525492,-0.04027287720299541,1568
4,Nablus,aqi,60,1 h,0.85238735860721,0.85238735860721,-0.034756379599853844,1585
4,Nablus,humidity,120,2 h,0.8518909724896381,0.8518909724896381,-0.0036929169987220067,1581
1,Tulkarem,pm25,30,30 min,0.8508630043298723,0.8508630043298723,0.04062420434517524,1617
4,Nablus,pm25,120,2 h,0.8495367554644931,0.8495367554644931,0.0012039268832215197,1581
5,Nablus,pm25,30,30 min,0.8426697450528596,0.8426697450528596,0.17783650295019535,820
2,Nablus,aqi,60,1 h,0.8203574747038911,0.8203574747038911,0.05149239692603176,1572
5,Nablus,humidity,120,2 h,0.8200648041051415,0.8200648041051415,-0.07321363854751423,808
1,Tulkarem,o3,60,1 h,0.8042714974037066,0.8042714974037066,-0.029312200174256325,1617
2,Nablus,pm25,180,3 h,0.8038310889982917,0.8038310889982917,-0.0256259206217742,1564
5,Nablus,temperature,120,2 h,0.797908650445202,0.797908650445202,-0.09266660121324594,808
1,Tulkarem,humidity,120,2 h,0.7925275991350308,0.7925275991350308,-0.051078820700966907,1611
1,Tulkarem,aqi,15,15 min,0.7893730388140044,0.7893730388140044,0.7920268404111567,1620
5,Nablus,pm25,60,1 h,0.7875720072123781,0.7875720072123781,0.12371973282250104,816
1,Tulkarem,pm25,60,1 h,0.7874651309787164,0.7874651309787164,0.11771749230172064,1615
1,Tulkarem,temperature,720,12 h,-0.7831381461885025,0.7831381461885025,0.002064704107583543,1573
5,Nablus,aqi,30,30 min,0.7796333513456261,0.7796333513456261,0.07908431926361806,820
4,Nablus,temperature,120,2 h,0.7701376205454286,0.7701376205454286,-0.033884612230887366,1581
4,Nablus,pm25,180,3 h,0.7694905717161261,0.7694905717161261,0.005467342669293451,1577
1,Tulkarem,temperature,120,2 h,0.7660553171939702,0.7660553171939702,-0.11305275628646443,1613
5,Nablus,humidity,720,12 h,-0.7659398754043909,0.7659398754043909,0.016929169648903897,729
2,Nablus,temperature,120,2 h,0.7653149290531169,0.7653149290531169,0.023726725675913964,1568
1,Tulkarem,aqi,30,30 min,0.752418489974501,0.752418489974501,0.34151180806837006,1619
4,Nablus,humidity,1440,24 h,0.7488205116467783,0.7488205116467783,-0.07674138150862395,1494
2,Nablus,humidity,180,3 h,0.7468161193106712,0.7468161193106712,0.008173484810618982,1564
4,Nablus,aqi,120,2 h,0.7461442647043434,0.7461442647043434,-0.05013922040901555,1581
1,Tulkarem,humidity,720,12 h,-0.7458026027882865,0.7458026027882865,0.00996398761540373,1571
2,Nablus,aqi,120,2 h,0.733738529731656,0.733738529731656,-0.02856620868428756,1568
4,Nablus,humidity,180,3 h,0.7299566924761061,0.7299566924761061,0.04120351220621718,1577
1,Tulkarem,pm25,120,2 h,0.7174273271278893,0.7174273271278893,0.009626845392602666,1611
5,Nablus,pm25,120,2 h,0.7112705468591329,0.7112705468591329,0.03460334082718037,808
1,Tulkarem,no2,30,30 min,0.7084948615727238,0.7084948615727238,-0.09256095014077569,1619
1,Tulkarem,aqi,60,1 h,0.707983695212273,0.707983695212273,0.12576889021481757,1617
5,Nablus,temperature,720,12 h,-0.6918220974525996,0.6918220974525996,-0.03892107816889878,729
2,Nablus,humidity,1440,24 h,0.6915774019609473,0.6915774019609473,-0.0826013371657663,1481
4,Nablus,aqi,180,3 h,0.6818055638392864,0.6818055638392864,0.016330799051547346,1577
5,Nablus,aqi,60,1 h,0.6777139565600373,0.6777139565600373,0.11755579497151028,816
2,Nablus,aqi,180,3 h,0.649468747653512,0.649468747653512,-0.03159616610936007,1564
1,Tulkarem,aqi,120,2 h,0.6413738499746923,0.6413738499746923,0.012770362610625712,1613
5,Nablus,humidity,180,3 h,0.630523919344082,0.630523919344082,-0.036155921170850314,800
1,Tulkarem,humidity,180,3 h,0.62850430789555,0.62850430789555,-0.08296775503584657,1607
5,Nablus,pm25,180,3 h,0.6248876583734295,0.6248876583734295,-0.033832465996284526,800
1,Tulkarem,pm25,180,3 h,0.623826628045957,0.623826628045957,0.012780834978747612,1607
5,Nablus,aqi,120,2 h,0.6181654424878014,0.6181654424878014,-0.0248871515899838,808
2,Nablus,temperature,180,3 h,0.6117981391597982,0.6117981391597982,-0.033049079720511486,1564
1,Tulkarem,temperature,180,3 h,0.6057611535817765,0.6057611535817765,-0.05960372445159645,1609
1,Tulkarem,o3,120,2 h,0.6012152713199823,0.6012152713199823,-0.06515618461529857,1613
5,Nablus,temperature,180,3 h,0.5877564517730476,0.5877564517730476,-0.03915159721051698,800
2,Nablus,pm25,360,6 h,0.5828457218284188,0.5828457218284188,0.0018763538050687884,1553
1,Tulkarem,aqi,180,3 h,0.5751700454915915,0.5751700454915915,0.02218727689220804,1609
4,Nablus,temperature,180,3 h,0.5689202265251438,0.5689202265251438,-0.004702340755929935,1577
4,Nablus,pm25,360,6 h,0.5204427224494671,0.5204427224494671,-0.03569335024172457,1566
5,Nablus,aqi,180,3 h,0.5131759842590794,0.5131759842590794,-0.014454694833193053,800
2,Nablus,temperature,720,12 h,-0.5055980277090657,0.5055980277090657,-0.03916031482112491,1528
1,Tulkarem,no2,1440,24 h,0.5035903672148343,0.5035903672148343,0.011287852292670195,1525
2,Nablus,aqi,360,6 h,0.48356749265913834,0.48356749265913834,0.006176154039741939,1553
4,Nablus,temperature,720,12 h,-0.48283685292146883,0.48283685292146883,0.048329603758119295,1541
1,Tulkarem,no2,60,1 h,0.4818179528470127,0.4818179528470127,0.007904369947820289,1617
1,Tulkarem,o3,1440,24 h,0.4808001445418511,0.4808001445418511,-0.060035053950746244,1525
2,Nablus,pm25,1440,24 h,0.45884444518986234,0.45884444518986234,-0.02258108266737613,1481
4,Nablus,aqi,360,6 h,0.45862567520132425,0.45862567520132425,0.014780585709911934,1566
2,Nablus,humidity,360,6 h,0.456186139718476,0.456186139718476,-0.027575974458202573,1553
4,Nablus,pm25,1440,24 h,0.43594660044146977,0.43594660044146977,-0.03689126812764579,1494
1,Tulkarem,pm25,360,6 h,0.4225842979693605,0.4225842979693605,-0.03213918452110853,1596
1,Tulkarem,aqi,360,6 h,0.3964727160724253,0.3964727160724253,-0.030446421544274696,1598
1,Tulkarem,o3,180,3 h,0.389486225519607,0.389486225519607,0.019621543978458656,1609
4,Nablus,humidity,360,6 h,0.38358577069457606,0.38358577069457606,-0.0018019400147440035,1566
5,Nablus,pm25,1440,24 h,0.3796805859858236,0.3796805859858236,-0.051342430522073705,635
4,Nablus,aqi,1440,24 h,0.3687924548054945,0.3687924548054945,-0.020417141341705337,1494
1,Tulkarem,no2,120,2 h,0.3561546629393862,0.3561546629393862,0.022281013280362225,1613
5,Nablus,pm25,360,6 h,0.346391540815437,0.346391540815437,0.007856234600925884,777
2,Nablus,aqi,720,12 h,0.3378445999307267,0.3378445999307267,0.012466059585917537,1528
1,Tulkarem,no2,180,3 h,0.31854502218413444,0.31854502218413444,0.01776079594260508,1609
1,Tulkarem,pm25,1440,24 h,0.3056869789804034,0.3056869789804034,-0.03440073918846572,1523
2,Nablus,aqi,1440,24 h,0.2844726190938192,0.2844726190938192,0.008429335087272758,1481
1,Tulkarem,aqi,1440,24 h,0.26330913161097746,0.26330913161097746,-0.020177475701940693,1525
2,Nablus,pm25,720,12 h,0.25028069860931795,0.25028069860931795,-0.008377427925859372,1528
4,Nablus,aqi,720,12 h,0.24986965705986597,0.24986965705986597,0.022968380367494323,1541
5,Nablus,aqi,360,6 h,0.2462280751097269,0.2462280751097269,-0.13089659453711547,777
5,Nablus,aqi,1440,24 h,0.24527991405708682,0.24527991405708682,0.0057841463307217195,635
1,Tulkarem,no2,720,12 h,-0.20558194574996452,0.20558194574996452,-0.012477081336198192,1573
1,Tulkarem,aqi,720,12 h,0.16616188966246692,0.16616188966246692,0.018489524986820688,1573
4,Nablus,pm25,720,12 h,0.16286450301518,0.16286450301518,-0.0013807873385018727,1541
1,Tulkarem,pm25,720,12 h,0.15800517386320745,0.15800517386320745,0.03158000370633773,1571
5,Nablus,temperature,360,6 h,-0.1424076504202856,0.1424076504202856,-0.027593981626413168,777
2,Nablus,humidity,720,12 h,0.1332950105930257,0.1332950105930257,-0.018531628385310545,1528
2,Nablus,temperature,360,6 h,0.09935194357411205,0.09935194357411205,-0.04005145040800444,1553
5,Nablus,humidity,360,6 h,-0.0924797851074824,0.0924797851074824,-0.054982356552583316,777
1,Tulkarem,no2,360,6 h,0.0881607107304379,0.0881607107304379,-0.024035613178563568,1598
5,Nablus,pm25,720,12 h,-0.06632340387528754,0.06632340387528754,-0.031968694744251534,729
1,Tulkarem,o3,360,6 h,0.055781019922272065,0.055781019922272065,-0.05058200990760336,1598
1,Tulkarem,o3,720,12 h,0.04668561595311923,0.04668561595311923,-0.014343116104432719,1573
4,Nablus,humidity,720,12 h,0.020875993134249735,0.020875993134249735,0.05271852702840836,1541
1,Tulkarem,humidity,360,6 h,0.016524407461124577,0.016524407461124577,-0.028289111289738773,1596
1,Tulkarem,temperature,360,6 h,-0.012473132901842694,0.012473132901842694,-0.03142780849504016,1598
5,Nablus,aqi,720,12 h,-0.00998219418082232,0.00998219418082232,-0.010589337563405854,729
4,Nablus,temperature,360,6 h,0.0025052290555040717,0.0025052290555040717,-0.01344832981658135,1566
