sensor_id,city,source_feature,target_feature,lag_minutes,lag,correlation,absolute_correlation,n_observations
5,Nablus,humidity,temperature,0,+0 min,-0.9565764037865233,0.9565764037865233,829
5,Nablus,temperature,humidity,0,+0 min,-0.9565764037865233,0.9565764037865233,829
5,Nablus,temperature,humidity,-15,-15 min,-0.9565584390760671,0.9565584390760671,822
5,Nablus,humidity,temperature,15,+15 min,-0.9565584390760671,0.9565584390760671,822
5,Nablus,humidity,temperature,30,+30 min,-0.9497098842979713,0.9497098842979713,820
5,Nablus,temperature,humidity,-30,-30 min,-0.9497098842979713,0.9497098842979713,820
5,Nablus,humidity,temperature,-15,-15 min,-0.949065084910578,0.949065084910578,822
5,Nablus,temperature,humidity,15,+15 min,-0.9490650849105778,0.9490650849105778,822
5,Nablus,humidity,temperature,-30,-30 min,-0.9352368294651524,0.9352368294651524,820
5,Nablus,temperature,humidity,30,+30 min,-0.9352368294651523,0.9352368294651523,820
5,Nablus,temperature,humidity,-60,-1 h,-0.920313522526429,0.920313522526429,816
5,Nablus,humidity,temperature,60,+1 h,-0.9203135225264288,0.9203135225264288,816
1,Tulkarem,humidity,temperature,15,+15 min,-0.9014947666085256,0.9014947666085256,1619
1,Tulkarem,temperature,humidity,-15,-15 min,-0.9014947666085255,0.9014947666085255,1619
1,Tulkarem,temperature,humidity,0,+0 min,-0.9013228513312944,0.9013228513312944,1627
1,Tulkarem,humidity,temperature,0,+0 min,-0.9013228513312944,0.9013228513312944,1627
5,Nablus,temperature,humidity,60,+1 h,-0.8923971240689785,0.8923971240689785,816
5,Nablus,humidity,temperature,-60,-1 h,-0.8923971240689784,0.8923971240689784,816
1,Tulkarem,temperature,humidity,-30,-30 min,-0.8923030844437505,0.8923030844437505,1618
1,Tulkarem,humidity,temperature,30,+30 min,-0.8923030844437505,0.8923030844437505,1618
1,Tulkarem,temperature,humidity,15,+15 min,-0.885037012634249,0.885037012634249,1619
1,Tulkarem,humidity,temperature,-15,-15 min,-0.885037012634249,0.885037012634249,1619
1,Tulkarem,aqi,pm25,0,+0 min,0.8671106656914116,0.8671106656914116,1627
1,Tulkarem,pm25,aqi,0,+0 min,0.8671106656914116,0.8671106656914116,1627
1,Tulkarem,humidity,temperature,-30,-30 min,-0.8590616962686582,0.8590616962686582,1618
1,Tulkarem,temperature,humidity,30,+30 min,-0.8590616962686582,0.8590616962686582,1618
1,Tulkarem,humidity,temperature,60,+1 h,-0.8572354834919398,0.8572354834919398,1616
1,Tulkarem,temperature,humidity,-60,-1 h,-0.8572354834919397,0.8572354834919397,1616
4,Nablus,aqi,pm25,-15,-15 min,0.8528761871676008,0.8528761871676008,1589
4,Nablus,pm25,aqi,15,+15 min,0.8528761871676008,0.8528761871676008,1589
4,Nablus,pm25,aqi,0,+0 min,0.8519216146247541,0.8519216146247541,1597
4,Nablus,aqi,pm25,0,+0 min,0.8519216146247541,0.8519216146247541,1597
4,Nablus,pm25,aqi,-15,-15 min,0.8516574116289706,0.8516574116289706,1589
4,Nablus,aqi,pm25,15,+15 min,0.8516574116289706,0.8516574116289706,1589
4,Nablus,pm25,aqi,-30,-30 min,0.8466937600889904,0.8466937600889904,1587
4,Nablus,aqi,pm25,30,+30 min,0.8466937600889903,0.8466937600889903,1587
4,Nablus,aqi,pm25,-30,-30 min,0.8415920353518306,0.8415920353518306,1587
4,Nablus,pm25,aqi,30,+30 min,0.8415920353518306,0.8415920353518306,1587
1,Tulkarem,aqi,pm25,15,+15 min,0.8362634253687322,0.8362634253687322,1619
1,Tulkarem,pm25,aqi,-15,-15 min,0.8362634253687322,0.8362634253687322,1619
4,Nablus,pm25,aqi,-60,-1 h,0.8284396478103913,0.8284396478103913,1585
4,Nablus,aqi,pm25,60,+1 h,0.8284396478103911,0.8284396478103911,1585
1,Tulkarem,pm25,aqi,15,+15 min,0.8207166436795447,0.8207166436795447,1619
1,Tulkarem,aqi,pm25,-15,-15 min,0.8207166436795447,0.8207166436795447,1619
4,Nablus,pm25,aqi,60,+1 h,0.818860346066613,0.818860346066613,1585
4,Nablus,aqi,pm25,-60,-1 h,0.818860346066613,0.818860346066613,1585
5,Nablus,humidity,temperature,120,+2 h,-0.8033217073562998,0.8033217073562998,808
5,Nablus,temperature,humidity,-120,-2 h,-0.8033217073562997,0.8033217073562997,808
1,Tulkarem,pm25,aqi,-30,-30 min,0.7949085232785407,0.7949085232785407,1618
1,Tulkarem,aqi,pm25,30,+30 min,0.7949085232785406,0.7949085232785406,1618
1,Tulkarem,temperature,humidity,60,+1 h,-0.791459512971933,0.791459512971933,1616
1,Tulkarem,humidity,temperature,-60,-1 h,-0.791459512971933,0.791459512971933,1616
1,Tulkarem,aqi,pm25,-30,-30 min,0.7900953885687146,0.7900953885687146,1618
1,Tulkarem,pm25,aqi,30,+30 min,0.7900953885687146,0.7900953885687146,1618
4,Nablus,humidity,temperature,15,+15 min,-0.7865922831617436,0.7865922831617436,1589
4,Nablus,temperature,humidity,-15,-15 min,-0.7865922831617435,0.7865922831617435,1589
2,Nablus,aqi,pm25,0,+0 min,0.7858697065426276,0.7858697065426276,1582
2,Nablus,pm25,aqi,0,+0 min,0.7858697065426276,0.7858697065426276,1582
4,Nablus,temperature,humidity,0,+0 min,-0.7849990273601547,0.7849990273601547,1597
4,Nablus,humidity,temperature,0,+0 min,-0.7849990273601547,0.7849990273601547,1597
4,Nablus,temperature,humidity,-30,-30 min,-0.7836337315153759,0.7836337315153759,1587
4,Nablus,humidity,temperature,30,+30 min,-0.7836337315153757,0.7836337315153757,1587
2,Nablus,aqi,pm25,15,+15 min,0.7823226203921608,0.7823226203921608,1575
2,Nablus,pm25,aqi,-15,-15 min,0.7823226203921607,0.7823226203921607,1575
2,Nablus,aqi,pm25,30,+30 min,0.7791481405928558,0.7791481405928558,1574
2,Nablus,pm25,aqi,-30,-30 min,0.7791481405928558,0.7791481405928558,1574
2,Nablus,pm25,aqi,15,+15 min,0.7788411552600814,0.7788411552600814,1575
2,Nablus,aqi,pm25,-15,-15 min,0.7788411552600814,0.7788411552600814,1575
2,Nablus,humidity,temperature,15,+15 min,-0.7773045192211951,0.7773045192211951,1575
2,Nablus,temperature,humidity,-15,-15 min,-0.777304519221195,0.777304519221195,1575
2,Nablus,temperature,humidity,0,+0 min,-0.7761041168650554,0.7761041168650554,1582
2,Nablus,humidity,temperature,0,+0 min,-0.7761041168650554,0.7761041168650554,1582
4,Nablus,humidity,temperature,-15,-15 min,-0.7740893398139203,0.7740893398139203,1589
4,Nablus,temperature,humidity,15,+15 min,-0.7740893398139201,0.7740893398139201,1589
2,Nablus,aqi,pm25,-30,-30 min,0.7727828315315087,0.7727828315315087,1574
2,Nablus,pm25,aqi,30,+30 min,0.7727828315315087,0.7727828315315087,1574
2,Nablus,temperature,humidity,-30,-30 min,-0.7725096155867208,0.7725096155867208,1574
2,Nablus,humidity,temperature,30,+30 min,-0.7725096155867208,0.7725096155867208,1574
4,Nablus,pm25,aqi,-120,-2 h,0.767385852062459,0.767385852062459,1581
4,Nablus,aqi,pm25,120,+2 h,0.767385852062459,0.767385852062459,1581
4,Nablus,temperature,humidity,-60,-1 h,-0.7653212283337378,0.7653212283337378,1585
4,Nablus,humidity,temperature,60,+1 h,-0.7653212283337378,0.7653212283337378,1585
2,Nablus,pm25,aqi,-60,-1 h,0.7648105670053365,0.7648105670053365,1572
2,Nablus,aqi,pm25,60,+1 h,0.7648105670053365,0.7648105670053365,1572
4,Nablus,aqi,pm25,-120,-2 h,0.7635721933497598,0.7635721933497598,1581
4,Nablus,pm25,aqi,120,+2 h,0.7635721933497598,0.7635721933497598,1581
2,Nablus,humidity,temperature,-15,-15 min,-0.7631129101462338,0.7631129101462338,1575
2,Nablus,temperature,humidity,15,+15 min,-0.7631129101462338,0.7631129101462338,1575
1,Tulkarem,temperature,humidity,-120,-2 h,-0.7599881075221953,0.7599881075221953,1612
1,Tulkarem,humidity,temperature,120,+2 h,-0.7599881075221951,0.7599881075221951,1612
2,Nablus,aqi,pm25,-60,-1 h,0.7586121200792625,0.7586121200792625,1572
2,Nablus,pm25,aqi,60,+1 h,0.7586121200792625,0.7586121200792625,1572
4,Nablus,temperature,humidity,30,+30 min,-0.7580680305746684,0.7580680305746684,1587
4,Nablus,humidity,temperature,-30,-30 min,-0.7580680305746684,0.7580680305746684,1587
2,Nablus,temperature,humidity,-60,-1 h,-0.751880978055977,0.751880978055977,1572
2,Nablus,humidity,temperature,60,+1 h,-0.751880978055977,0.751880978055977,1572
5,Nablus,temperature,humidity,120,+2 h,-0.7488473085482849,0.7488473085482849,808
5,Nablus,humidity,temperature,-120,-2 h,-0.7488473085482847,0.7488473085482847,808
1,Tulkarem,pm25,aqi,60,+1 h,0.7448103438946656,0.7448103438946656,1616
1,Tulkarem,aqi,pm25,-60,-1 h,0.7448103438946655,0.7448103438946655,1616
1,Tulkarem,pm25,aqi,-60,-1 h,0.7442411153531017,0.7442411153531017,1616
1,Tulkarem,aqi,pm25,60,+1 h,0.7442411153531016,0.7442411153531016,1616
2,Nablus,temperature,humidity,30,+30 min,-0.7434757951302722,0.7434757951302722,1574
2,Nablus,humidity,temperature,-30,-30 min,-0.7434757951302722,0.7434757951302722,1574
2,Nablus,humidity,pm25,0,+0 min,0.7383005147859452,0.7383005147859452,1582
2,Nablus,pm25,humidity,0,+0 min,0.7383005147859452,0.7383005147859452,1582
2,Nablus,pm25,humidity,-15,-15 min,0.7359749308515219,0.7359749308515219,1575
2,Nablus,humidity,pm25,15,+15 min,0.7359749308515219,0.7359749308515219,1575
5,Nablus,pm25,aqi,0,+0 min,0.7345603270629711,0.7345603270629711,829
5,Nablus,aqi,pm25,0,+0 min,0.7345603270629711,0.7345603270629711,829
4,Nablus,humidity,pm25,0,+0 min,0.7341912594255934,0.7341912594255934,1597
4,Nablus,pm25,humidity,0,+0 min,0.7341912594255933,0.7341912594255933,1597
2,Nablus,humidity,pm25,-15,-15 min,0.7326658798186445,0.7326658798186445,1575
2,Nablus,pm25,humidity,15,+15 min,0.7326658798186445,0.7326658798186445,1575
4,Nablus,humidity,pm25,15,+15 min,0.7321128437240736,0.7321128437240736,1589
4,Nablus,pm25,humidity,-15,-15 min,0.7321128437240735,0.7321128437240735,1589
2,Nablus,humidity,pm25,30,+30 min,0.7311963939183134,0.7311963939183134,1574
2,Nablus,pm25,humidity,-30,-30 min,0.7311963939183134,0.7311963939183134,1574
4,Nablus,humidity,pm25,30,+30 min,0.7280971692013998,0.7280971692013998,1587
4,Nablus,pm25,humidity,-30,-30 min,0.7280971692013998,0.7280971692013998,1587
4,Nablus,humidity,pm25,-15,-15 min,0.7279846968646377,0.7279846968646377,1589
4,Nablus,pm25,humidity,15,+15 min,0.7279846968646376,0.7279846968646376,1589
4,Nablus,aqi,humidity,0,+0 min,0.7276547195170705,0.7276547195170705,1597
4,Nablus,humidity,aqi,0,+0 min,0.7276547195170705,0.7276547195170705,1597
4,Nablus,aqi,humidity,-15,-15 min,0.7254537206537466,0.7254537206537466,1589
4,Nablus,humidity,aqi,15,+15 min,0.7254537206537465,0.7254537206537465,1589
2,Nablus,pm25,humidity,30,+30 min,0.7234455133222991,0.7234455133222991,1574
2,Nablus,humidity,pm25,-30,-30 min,0.7234455133222991,0.7234455133222991,1574
2,Nablus,aqi,pm25,120,+2 h,0.7225209225037664,0.7225209225037664,1568
2,Nablus,pm25,aqi,-120,-2 h,0.7225209225037664,0.7225209225037664,1568
4,Nablus,aqi,humidity,15,+15 min,0.7224540641201079,0.7224540641201079,1589
4,Nablus,humidity,aqi,-15,-15 min,0.7224540641201079,0.7224540641201079,1589
2,Nablus,aqi,pm25,-120,-2 h,0.7223187177874556,0.7223187177874556,1568
2,Nablus,pm25,aqi,120,+2 h,0.7223187177874556,0.7223187177874556,1568
4,Nablus,humidity,aqi,30,+30 min,0.7197088433021224,0.7197088433021224,1587
4,Nablus,aqi,humidity,-30,-30 min,0.7197088433021224,0.7197088433021224,1587
4,Nablus,pm25,humidity,30,+30 min,0.7192946976209356,0.7192946976209356,1587
4,Nablus,humidity,pm25,-30,-30 min,0.7192946976209355,0.7192946976209355,1587
2,Nablus,humidity,pm25,60,+1 h,0.715345509660443,0.715345509660443,1572
2,Nablus,pm25,humidity,-60,-1 h,0.7153455096604429,0.7153455096604429,1572
4,Nablus,aqi,humidity,30,+30 min,0.7142246408803776,0.7142246408803776,1587
4,Nablus,humidity,aqi,-30,-30 min,0.7142246408803775,0.7142246408803775,1587
4,Nablus,pm25,humidity,-60,-1 h,0.7131771975466126,0.7131771975466126,1585
4,Nablus,humidity,pm25,60,+1 h,0.7131771975466126,0.7131771975466126,1585
4,Nablus,humidity,temperature,-60,-1 h,-0.710388104518435,0.710388104518435,1585
4,Nablus,temperature,humidity,60,+1 h,-0.710388104518435,0.710388104518435,1585
4,Nablus,aqi,humidity,-60,-1 h,0.702242222698752,0.702242222698752,1585
4,Nablus,humidity,aqi,60,+1 h,0.7022422226987519,0.7022422226987519,1585
4,Nablus,pm25,aqi,-180,-3 h,0.6990605162708425,0.6990605162708425,1577
4,Nablus,aqi,pm25,180,+3 h,0.6990605162708425,0.6990605162708425,1577
4,Nablus,aqi,pm25,-180,-3 h,0.698370888103815,0.698370888103815,1577
4,Nablus,pm25,aqi,180,+3 h,0.698370888103815,0.698370888103815,1577
2,Nablus,pm25,humidity,60,+1 h,0.6977417354725057,0.6977417354725057,1572
2,Nablus,humidity,pm25,-60,-1 h,0.6977417354725056,0.6977417354725056,1572
5,Nablus,pm25,aqi,-15,-15 min,0.6966895340328012,0.6966895340328012,822
5,Nablus,aqi,pm25,15,+15 min,0.6966895340328012,0.6966895340328012,822
5,Nablus,aqi,pm25,-15,-15 min,0.695075617618233,0.695075617618233,822
5,Nablus,pm25,aqi,15,+15 min,0.695075617618233,0.695075617618233,822
4,Nablus,humidity,pm25,-60,-1 h,0.6935162333228255,0.6935162333228255,1585
4,Nablus,pm25,humidity,60,+1 h,0.6935162333228254,0.6935162333228254,1585
4,Nablus,humidity,temperature,120,+2 h,-0.693337797947591,0.693337797947591,1581
4,Nablus,temperature,humidity,-120,-2 h,-0.6933377979475909,0.6933377979475909,1581
2,Nablus,humidity,temperature,-60,-1 h,-0.6902958516361564,0.6902958516361564,1572
2,Nablus,temperature,humidity,60,+1 h,-0.6902958516361564,0.6902958516361564,1572
2,Nablus,humidity,aqi,0,+0 min,0.6898177502940276,0.6898177502940276,1582
2,Nablus,aqi,humidity,0,+0 min,0.6898177502940276,0.6898177502940276,1582
4,Nablus,humidity,aqi,-60,-1 h,0.6888265364476501,0.6888265364476501,1585
4,Nablus,aqi,humidity,60,+1 h,0.6888265364476501,0.6888265364476501,1585
5,Nablus,pm25,aqi,60,+1 h,0.6872990466686334,0.6872990466686334,816
5,Nablus,aqi,pm25,-60,-1 h,0.6872990466686334,0.6872990466686334,816
2,Nablus,humidity,aqi,15,+15 min,0.6872060579116754,0.6872060579116754,1575
2,Nablus,aqi,humidity,-15,-15 min,0.6872060579116753,0.6872060579116753,1575
2,Nablus,aqi,humidity,15,+15 min,0.6850745610168044,0.6850745610168044,1575
2,Nablus,humidity,aqi,-15,-15 min,0.6850745610168044,0.6850745610168044,1575
2,Nablus,humidity,temperature,120,+2 h,-0.6846826297938539,0.6846826297938539,1568
2,Nablus,temperature,humidity,-120,-2 h,-0.6846826297938539,0.6846826297938539,1568
1,Tulkarem,aqi,pm25,120,+2 h,0.6838671480884138,0.6838671480884138,1612
1,Tulkarem,pm25,aqi,-120,-2 h,0.6838671480884136,0.6838671480884136,1612
2,Nablus,humidity,aqi,30,+30 min,0.682060628261336,0.682060628261336,1574
2,Nablus,aqi,humidity,-30,-30 min,0.682060628261336,0.682060628261336,1574
2,Nablus,pm25,aqi,-180,-3 h,0.6808216447929866,0.6808216447929866,1564
2,Nablus,aqi,pm25,180,+3 h,0.6808216447929866,0.6808216447929866,1564
2,Nablus,aqi,humidity,30,+30 min,0.6806259027969894,0.6806259027969894,1574
2,Nablus,humidity,aqi,-30,-30 min,0.6806259027969893,0.6806259027969893,1574
5,Nablus,pm25,aqi,30,+30 min,0.6769522454449479,0.6769522454449479,820
5,Nablus,aqi,pm25,-30,-30 min,0.6769522454449479,0.6769522454449479,820
1,Tulkarem,o3,no2,0,+0 min,-0.6763142357506958,0.6763142357506958,1628
1,Tulkarem,no2,o3,0,+0 min,-0.6763142357506958,0.6763142357506958,1628
1,Tulkarem,aqi,pm25,-120,-2 h,0.6740926671425989,0.6740926671425989,1612
1,Tulkarem,pm25,aqi,120,+2 h,0.6740926671425989,0.6740926671425989,1612
2,Nablus,pm25,humidity,-120,-2 h,0.66993909064653,0.66993909064653,1568
2,Nablus,humidity,pm25,120,+2 h,0.66993909064653,0.66993909064653,1568
2,Nablus,pm25,aqi,180,+3 h,0.6694926141666855,0.6694926141666855,1564
2,Nablus,aqi,pm25,-180,-3 h,0.6694926141666855,0.6694926141666855,1564
5,Nablus,pm25,aqi,-30,-30 min,0.6694877188929237,0.6694877188929237,820
5,Nablus,aqi,pm25,30,+30 min,0.6694877188929237,0.6694877188929237,820
2,Nablus,humidity,aqi,-60,-1 h,0.6637333543187868,0.6637333543187868,1572
2,Nablus,aqi,humidity,60,+1 h,0.6637333543187868,0.6637333543187868,1572
2,Nablus,aqi,humidity,-60,-1 h,0.6632990023554962,0.6632990023554962,1572
2,Nablus,humidity,aqi,60,+1 h,0.6632990023554962,0.6632990023554962,1572
5,Nablus,aqi,pm25,60,+1 h,0.6585424325303982,0.6585424325303982,816
5,Nablus,pm25,aqi,-60,-1 h,0.6585424325303981,0.6585424325303981,816
4,Nablus,humidity,pm25,120,+2 h,0.6570014468925628,0.6570014468925628,1581
4,Nablus,pm25,humidity,-120,-2 h,0.6570014468925627,0.6570014468925627,1581
1,Tulkarem,o3,no2,15,+15 min,-0.6507185603676336,0.6507185603676336,1620
1,Tulkarem,no2,o3,-15,-15 min,-0.6507185603676336,0.6507185603676336,1620
4,Nablus,aqi,humidity,-120,-2 h,0.6412922385866753,0.6412922385866753,1581
4,Nablus,humidity,aqi,120,+2 h,0.6412922385866753,0.6412922385866753,1581
5,Nablus,pm25,humidity,-30,-30 min,0.6382463092480937,0.6382463092480937,820
5,Nablus,humidity,pm25,30,+30 min,0.6382463092480937,0.6382463092480937,820
5,Nablus,pm25,humidity,-60,-1 h,0.6380326519818986,0.6380326519818986,816
5,Nablus,humidity,pm25,60,+1 h,0.6380326519818986,0.6380326519818986,816
1,Tulkarem,temperature,humidity,120,+2 h,-0.6362404393644757,0.6362404393644757,1612
1,Tulkarem,humidity,temperature,-120,-2 h,-0.6362404393644756,0.6362404393644756,1612
5,Nablus,pm25,humidity,-15,-15 min,0.6337013811472008,0.6337013811472008,822
5,Nablus,humidity,pm25,15,+15 min,0.6337013811472006,0.6337013811472006,822
1,Tulkarem,humidity,temperature,180,+3 h,-0.6295507887826446,0.6295507887826446,1608
1,Tulkarem,temperature,humidity,-180,-3 h,-0.6295507887826446,0.6295507887826446,1608
2,Nablus,pm25,humidity,120,+2 h,0.6293399554012458,0.6293399554012458,1568
2,Nablus,humidity,pm25,-120,-2 h,0.6293399554012458,0.6293399554012458,1568
5,Nablus,pm25,humidity,0,+0 min,0.6290065382543151,0.6290065382543151,829
5,Nablus,humidity,pm25,0,+0 min,0.6290065382543151,0.6290065382543151,829
4,Nablus,humidity,pm25,-120,-2 h,0.622981101415851,0.622981101415851,1581
4,Nablus,pm25,humidity,120,+2 h,0.6229811014158508,0.6229811014158508,1581
5,Nablus,humidity,temperature,180,+3 h,-0.6205018558980234,0.6205018558980234,800
5,Nablus,temperature,humidity,-180,-3 h,-0.6205018558980233,0.6205018558980233,800
4,Nablus,humidity,aqi,-120,-2 h,0.6185120971687689,0.6185120971687689,1581
4,Nablus,aqi,humidity,120,+2 h,0.6185120971687689,0.6185120971687689,1581
1,Tulkarem,o3,no2,-15,-15 min,-0.616455505040696,0.616455505040696,1620
1,Tulkarem,no2,o3,15,+15 min,-0.616455505040696,0.616455505040696,1620
5,Nablus,pm25,humidity,15,+15 min,0.6159726934699502,0.6159726934699502,822
5,Nablus,humidity,pm25,-15,-15 min,0.6159726934699502,0.6159726934699502,822
2,Nablus,humidity,pm25,180,+3 h,0.6156835258392244,0.6156835258392244,1564
2,Nablus,pm25,humidity,-180,-3 h,0.6156835258392244,0.6156835258392244,1564
1,Tulkarem,no2,o3,-30,-30 min,-0.6156197301920149,0.6156197301920149,1619
1,Tulkarem,o3,no2,30,+30 min,-0.6156197301920149,0.6156197301920149,1619
2,Nablus,humidity,aqi,120,+2 h,0.6137456788398824,0.6137456788398824,1568
2,Nablus,aqi,humidity,-120,-2 h,0.6137456788398823,0.6137456788398823,1568
5,Nablus,aqi,pm25,120,+2 h,0.6076410096938175,0.6076410096938175,808
5,Nablus,pm25,aqi,-120,-2 h,0.6076410096938175,0.6076410096938175,808
2,Nablus,humidity,temperature,180,+3 h,-0.6068398443410483,0.6068398443410483,1564
2,Nablus,temperature,humidity,-180,-3 h,-0.6068398443410482,0.6068398443410482,1564
5,Nablus,humidity,aqi,30,+30 min,0.6053415408347886,0.6053415408347886,820
5,Nablus,aqi,humidity,-30,-30 min,0.6053415408347885,0.6053415408347885,820
1,Tulkarem,pm25,aqi,180,+3 h,0.6044412123751081,0.6044412123751081,1608
1,Tulkarem,aqi,pm25,-180,-3 h,0.6044412123751081,0.6044412123751081,1608
5,Nablus,humidity,aqi,60,+1 h,0.6023550132889637,0.6023550132889637,816
5,Nablus,aqi,humidity,-60,-1 h,0.6023550132889637,0.6023550132889637,816
2,Nablus,aqi,humidity,120,+2 h,0.6023112020314835,0.6023112020314835,1568
2,Nablus,humidity,aqi,-120,-2 h,0.6023112020314835,0.6023112020314835,1568
5,Nablus,aqi,humidity,-15,-15 min,0.6022475667516809,0.6022475667516809,822
5,Nablus,humidity,aqi,15,+15 min,0.6022475667516809,0.6022475667516809,822
5,Nablus,humidity,pm25,-30,-30 min,0.6012433519143645,0.6012433519143645,820
5,Nablus,pm25,humidity,30,+30 min,0.6012433519143645,0.6012433519143645,820
1,Tulkarem,temperature,no2,-30,-30 min,-0.6010052696513383,0.6010052696513383,1619
1,Tulkarem,no2,temperature,30,+30 min,-0.6010052696513383,0.6010052696513383,1619
5,Nablus,humidity,pm25,120,+2 h,0.599232749236605,0.599232749236605,808
5,Nablus,pm25,humidity,-120,-2 h,0.599232749236605,0.599232749236605,808
5,Nablus,humidity,aqi,0,+0 min,0.5967119440921902,0.5967119440921902,829
5,Nablus,aqi,humidity,0,+0 min,0.5967119440921902,0.5967119440921902,829
4,Nablus,temperature,humidity,-180,-3 h,-0.5958332142607683,0.5958332142607683,1577
4,Nablus,humidity,temperature,180,+3 h,-0.5958332142607682,0.5958332142607682,1577
1,Tulkarem,aqi,pm25,180,+3 h,0.5944884984261704,0.5944884984261704,1608
1,Tulkarem,pm25,aqi,-180,-3 h,0.5944884984261704,0.5944884984261704,1608
1,Tulkarem,temperature,no2,-15,-15 min,-0.5938014944003399,0.5938014944003399,1620
1,Tulkarem,no2,temperature,15,+15 min,-0.5938014944003398,0.5938014944003398,1620
5,Nablus,aqi,pm25,-120,-2 h,0.5893776713686308,0.5893776713686308,808
5,Nablus,pm25,aqi,120,+2 h,0.5893776713686308,0.5893776713686308,808
5,Nablus,humidity,aqi,-15,-15 min,0.5837895119399161,0.5837895119399161,822
5,Nablus,aqi,humidity,15,+15 min,0.583789511939916,0.583789511939916,822
4,Nablus,pm25,humidity,-180,-3 h,0.5827308667421088,0.5827308667421088,1577
4,Nablus,humidity,pm25,180,+3 h,0.5827308667421088,0.5827308667421088,1577
1,Tulkarem,no2,temperature,60,+1 h,-0.5715170101080669,0.5715170101080669,1617
1,Tulkarem,temperature,no2,-60,-1 h,-0.5715170101080669,0.5715170101080669,1617
1,Tulkarem,no2,o3,30,+30 min,-0.5696890333355615,0.5696890333355615,1619
1,Tulkarem,o3,no2,-30,-30 min,-0.5696890333355615,0.5696890333355615,1619
4,Nablus,temperature,humidity,120,+2 h,-0.5695299842671907,0.5695299842671907,1581
4,Nablus,humidity,temperature,-120,-2 h,-0.5695299842671907,0.5695299842671907,1581
5,Nablus,humidity,aqi,-30,-30 min,0.566501891855603,0.566501891855603,820
5,Nablus,aqi,humidity,30,+30 min,0.566501891855603,0.566501891855603,820
5,Nablus,humidity,pm25,-60,-1 h,0.5650221160580863,0.5650221160580863,816
5,Nablus,pm25,humidity,60,+1 h,0.5650221160580863,0.5650221160580863,816
4,Nablus,aqi,humidity,-180,-3 h,0.5642660433178848,0.5642660433178848,1577
4,Nablus,humidity,aqi,180,+3 h,0.5642660433178847,0.5642660433178847,1577
1,Tulkarem,no2,humidity,30,+30 min,0.5626694354919776,0.5626694354919776,1618
1,Tulkarem,humidity,no2,-30,-30 min,0.5626694354919776,0.5626694354919776,1618
5,Nablus,humidity,aqi,120,+2 h,0.5604713732019047,0.5604713732019047,808
5,Nablus,aqi,humidity,-120,-2 h,0.5604713732019047,0.5604713732019047,808
1,Tulkarem,no2,temperature,0,+0 min,-0.5585927235987469,0.5585927235987469,1628
1,Tulkarem,temperature,no2,0,+0 min,-0.5585927235987469,0.5585927235987469,1628
2,Nablus,humidity,aqi,180,+3 h,0.5580657998398306,0.5580657998398306,1564
2,Nablus,aqi,humidity,-180,-3 h,0.5580657998398306,0.5580657998398306,1564
1,Tulkarem,no2,humidity,15,+15 min,0.5567353501003939,0.5567353501003939,1619
1,Tulkarem,humidity,no2,-15,-15 min,0.5567353501003939,0.5567353501003939,1619
2,Nablus,humidity,temperature,-120,-2 h,-0.5537009249297915,0.5537009249297915,1568
2,Nablus,temperature,humidity,120,+2 h,-0.5537009249297915,0.5537009249297915,1568
2,Nablus,pm25,humidity,180,+3 h,0.5533189229022537,0.5533189229022537,1564
2,Nablus,humidity,pm25,-180,-3 h,0.5533189229022536,0.5533189229022536,1564
1,Tulkarem,o3,no2,60,+1 h,-0.5454719093130055,0.5454719093130055,1617
1,Tulkarem,no2,o3,-60,-1 h,-0.5454719093130055,0.5454719093130055,1617
5,Nablus,humidity,temperature,-180,-3 h,-0.5437451453951506,0.5437451453951506,800
5,Nablus,temperature,humidity,180,+3 h,-0.5437451453951506,0.5437451453951506,800
1,Tulkarem,no2,humidity,60,+1 h,0.539812784608626,0.539812784608626,1616
1,Tulkarem,humidity,no2,-60,-1 h,0.539812784608626,0.539812784608626,1616
4,Nablus,humidity,pm25,-180,-3 h,0.5384770855316857,0.5384770855316857,1577
4,Nablus,pm25,humidity,180,+3 h,0.5384770855316857,0.5384770855316857,1577
2,Nablus,pm25,temperature,0,+0 min,-0.5367733536451671,0.5367733536451671,1582
2,Nablus,temperature,pm25,0,+0 min,-0.5367733536451671,0.5367733536451671,1582
4,Nablus,aqi,humidity,180,+3 h,0.5352114959010609,0.5352114959010609,1577
4,Nablus,humidity,aqi,-180,-3 h,0.5352114959010609,0.5352114959010609,1577
2,Nablus,aqi,humidity,180,+3 h,0.5341505771287715,0.5341505771287715,1564
2,Nablus,humidity,aqi,-180,-3 h,0.5341505771287715,0.5341505771287715,1564
2,Nablus,temperature,pm25,15,+15 min,-0.5330279887068222,0.5330279887068222,1575
2,Nablus,pm25,temperature,-15,-15 min,-0.5330279887068222,0.5330279887068222,1575
2,Nablus,temperature,pm25,-15,-15 min,-0.5305738950448875,0.5305738950448875,1575
2,Nablus,pm25,temperature,15,+15 min,-0.5305738950448875,0.5305738950448875,1575
5,Nablus,pm25,humidity,-180,-3 h,0.5285699151268641,0.5285699151268641,800
5,Nablus,humidity,pm25,180,+3 h,0.5285699151268641,0.5285699151268641,800
2,Nablus,pm25,aqi,360,+6 h,0.5278717454820504,0.5278717454820504,1553
2,Nablus,aqi,pm25,-360,-6 h,0.5278717454820504,0.5278717454820504,1553
2,Nablus,temperature,pm25,30,+30 min,-0.5277928442280764,0.5277928442280764,1574
2,Nablus,pm25,temperature,-30,-30 min,-0.5277928442280763,0.5277928442280763,1574
1,Tulkarem,temperature,o3,-120,-2 h,0.5275998013477918,0.5275998013477918,1613
1,Tulkarem,o3,temperature,120,+2 h,0.5275998013477918,0.5275998013477918,1613
5,Nablus,humidity,aqi,-60,-1 h,0.5268882107532705,0.5268882107532705,816
5,Nablus,aqi,humidity,60,+1 h,0.5268882107532705,0.5268882107532705,816
1,Tulkarem,humidity,no2,0,+0 min,0.5231501029024291,0.5231501029024291,1627
1,Tulkarem,no2,humidity,0,+0 min,0.5231501029024291,0.5231501029024291,1627
2,Nablus,pm25,temperature,30,+30 min,-0.521435598607344,0.521435598607344,1574
2,Nablus,temperature,pm25,-30,-30 min,-0.521435598607344,0.521435598607344,1574
4,Nablus,pm25,temperature,0,+0 min,-0.5132379081206621,0.5132379081206621,1597
4,Nablus,temperature,pm25,0,+0 min,-0.5132379081206621,0.5132379081206621,1597
1,Tulkarem,temperature,o3,-60,-1 h,0.5112403605280296,0.5112403605280296,1617
1,Tulkarem,o3,temperature,60,+1 h,0.5112403605280295,0.5112403605280295,1617
5,Nablus,aqi,pm25,180,+3 h,0.5109778784372271,0.5109778784372271,800
5,Nablus,pm25,aqi,-180,-3 h,0.5109778784372271,0.5109778784372271,800
4,Nablus,pm25,temperature,-15,-15 min,-0.5093673947684952,0.5093673947684952,1589
4,Nablus,temperature,pm25,15,+15 min,-0.5093673947684952,0.5093673947684952,1589
2,Nablus,temperature,pm25,60,+1 h,-0.5085972090107601,0.5085972090107601,1572
2,Nablus,pm25,temperature,-60,-1 h,-0.50859720901076,0.50859720901076,1572
4,Nablus,temperature,pm25,-15,-15 min,-0.5081095702576792,0.5081095702576792,1589
4,Nablus,pm25,temperature,15,+15 min,-0.5081095702576792,0.5081095702576792,1589
2,Nablus,aqi,pm25,360,+6 h,0.506275453151974,0.506275453151974,1553
2,Nablus,pm25,aqi,-360,-6 h,0.5062754531519739,0.5062754531519739,1553
4,Nablus,temperature,pm25,30,+30 min,-0.5042015579846596,0.5042015579846596,1587
4,Nablus,pm25,temperature,-30,-30 min,-0.5042015579846596,0.5042015579846596,1587
5,Nablus,aqi,pm25,-180,-3 h,0.504058735883327,0.504058735883327,800
5,Nablus,pm25,aqi,180,+3 h,0.504058735883327,0.504058735883327,800
4,Nablus,aqi,temperature,0,+0 min,-0.5023751036314734,0.5023751036314734,1597
4,Nablus,temperature,aqi,0,+0 min,-0.5023751036314734,0.5023751036314734,1597
4,Nablus,temperature,pm25,-30,-30 min,-0.5022311882614875,0.5022311882614875,1587
4,Nablus,pm25,temperature,30,+30 min,-0.5022311882614875,0.5022311882614875,1587
1,Tulkarem,temperature,o3,-180,-3 h,0.5007074238560656,0.5007074238560656,1609
1,Tulkarem,o3,temperature,180,+3 h,0.5007074238560656,0.5007074238560656,1609
4,Nablus,temperature,aqi,15,+15 min,-0.4982254669471823,0.4982254669471823,1589
4,Nablus,aqi,temperature,-15,-15 min,-0.4982254669471823,0.4982254669471823,1589
4,Nablus,aqi,temperature,15,+15 min,-0.49762669702592843,0.49762669702592843,1589
4,Nablus,temperature,aqi,-15,-15 min,-0.4976266970259283,0.4976266970259283,1589
2,Nablus,temperature,pm25,-60,-1 h,-0.49599997592308864,0.49599997592308864,1572
2,Nablus,pm25,temperature,60,+1 h,-0.49599997592308853,0.49599997592308853,1572
1,Tulkarem,temperature,no2,-120,-2 h,-0.4958608899727548,0.4958608899727548,1613
1,Tulkarem,no2,temperature,120,+2 h,-0.4958608899727548,0.4958608899727548,1613
1,Tulkarem,pm25,humidity,-30,-30 min,0.4934955492023502,0.4934955492023502,1617
1,Tulkarem,humidity,pm25,30,+30 min,0.4934955492023502,0.4934955492023502,1617
4,Nablus,aqi,temperature,30,+30 min,-0.4916547161619882,0.4916547161619882,1587
4,Nablus,temperature,aqi,-30,-30 min,-0.4916547161619882,0.4916547161619882,1587
1,Tulkarem,pm25,humidity,-60,-1 h,0.49140979791231476,0.49140979791231476,1615
1,Tulkarem,humidity,pm25,60,+1 h,0.4914097979123147,0.4914097979123147,1615
4,Nablus,aqi,temperature,-30,-30 min,-0.4912573393139795,0.4912573393139795,1587
4,Nablus,temperature,aqi,30,+30 min,-0.4912573393139795,0.4912573393139795,1587
1,Tulkarem,pm25,humidity,-15,-15 min,0.487757075392755,0.487757075392755,1618
1,Tulkarem,humidity,pm25,15,+15 min,0.487757075392755,0.487757075392755,1618
1,Tulkarem,pm25,humidity,-120,-2 h,0.4873696474285808,0.4873696474285808,1611
1,Tulkarem,humidity,pm25,120,+2 h,0.48736964742858074,0.48736964742858074,1611
5,Nablus,aqi,temperature,-30,-30 min,-0.487310191441727,0.487310191441727,820
5,Nablus,temperature,aqi,30,+30 min,-0.487310191441727,0.487310191441727,820
1,Tulkarem,o3,no2,-60,-1 h,-0.48675478334041034,0.48675478334041034,1617
1,Tulkarem,no2,o3,60,+1 h,-0.48675478334041034,0.48675478334041034,1617
4,Nablus,temperature,pm25,60,+1 h,-0.48610736037728,0.48610736037728,1585
4,Nablus,pm25,temperature,-60,-1 h,-0.4861073603772799,0.4861073603772799,1585
5,Nablus,pm25,temperature,-30,-30 min,-0.4851638890153693,0.4851638890153693,820
5,Nablus,temperature,pm25,30,+30 min,-0.4851638890153693,0.4851638890153693,820
5,Nablus,temperature,aqi,15,+15 min,-0.48500298772460415,0.48500298772460415,822
5,Nablus,aqi,temperature,-15,-15 min,-0.48500298772460415,0.48500298772460415,822
5,Nablus,pm25,temperature,-15,-15 min,-0.48297447184155273,0.48297447184155273,822
5,Nablus,temperature,pm25,15,+15 min,-0.48297447184155273,0.48297447184155273,822
5,Nablus,aqi,temperature,-60,-1 h,-0.48284707715796144,0.48284707715796144,816
5,Nablus,temperature,aqi,60,+1 h,-0.48284707715796144,0.48284707715796144,816
4,Nablus,temperature,pm25,-60,-1 h,-0.48197793195530975,0.48197793195530975,1585
4,Nablus,pm25,temperature,60,+1 h,-0.48197793195530975,0.48197793195530975,1585
5,Nablus,pm25,temperature,-60,-1 h,-0.4812599407215984,0.4812599407215984,816
5,Nablus,temperature,pm25,60,+1 h,-0.48125994072159833,0.48125994072159833,816
5,Nablus,humidity,aqi,180,+3 h,0.4803297162595925,0.4803297162595925,800
5,Nablus,aqi,humidity,-180,-3 h,0.4803297162595925,0.4803297162595925,800
5,Nablus,temperature,aqi,0,+0 min,-0.4802668714109861,0.4802668714109861,829
5,Nablus,aqi,temperature,0,+0 min,-0.4802668714109861,0.4802668714109861,829
4,Nablus,aqi,pm25,-360,-6 h,0.4799325630484927,0.4799325630484927,1566
4,Nablus,pm25,aqi,360,+6 h,0.4799325630484927,0.4799325630484927,1566
5,Nablus,temperature,pm25,0,+0 min,-0.47926449507574875,0.47926449507574875,829
5,Nablus,pm25,temperature,0,+0 min,-0.4792644950757487,0.4792644950757487,829
4,Nablus,aqi,pm25,360,+6 h,0.4790687400655,0.4790687400655,1566
4,Nablus,pm25,aqi,-360,-6 h,0.4790687400655,0.4790687400655,1566
1,Tulkarem,pm25,humidity,0,+0 min,0.47805338289670896,0.47805338289670896,1627
1,Tulkarem,humidity,pm25,0,+0 min,0.47805338289670896,0.47805338289670896,1627
1,Tulkarem,no2,temperature,-15,-15 min,-0.47801096406746013,0.47801096406746013,1620
1,Tulkarem,temperature,no2,15,+15 min,-0.47801096406746013,0.47801096406746013,1620
1,Tulkarem,temperature,o3,-30,-30 min,0.47379631129279326,0.47379631129279326,1619
1,Tulkarem,o3,temperature,30,+30 min,0.4737963112927932,0.4737963112927932,1619
4,Nablus,aqi,temperature,60,+1 h,-0.4704232694311798,0.4704232694311798,1585
4,Nablus,temperature,aqi,-60,-1 h,-0.47042326943117974,0.47042326943117974,1585
5,Nablus,aqi,temperature,15,+15 min,-0.470183636707912,0.470183636707912,822
5,Nablus,temperature,aqi,-15,-15 min,-0.47018363670791197,0.47018363670791197,822
4,Nablus,temperature,aqi,60,+1 h,-0.46965067090919244,0.46965067090919244,1585
4,Nablus,aqi,temperature,-60,-1 h,-0.4696506709091924,0.4696506709091924,1585
5,Nablus,pm25,temperature,15,+15 min,-0.4694213581527292,0.4694213581527292,822
5,Nablus,temperature,pm25,-15,-15 min,-0.4694213581527292,0.4694213581527292,822
2,Nablus,aqi,temperature,0,+0 min,-0.46815540786695076,0.46815540786695076,1582
2,Nablus,temperature,aqi,0,+0 min,-0.4681554078669507,0.4681554078669507,1582
1,Tulkarem,humidity,aqi,60,+1 h,0.46809142651585567,0.46809142651585567,1616
1,Tulkarem,aqi,humidity,-60,-1 h,0.46809142651585567,0.46809142651585567,1616
5,Nablus,pm25,humidity,120,+2 h,0.46762315054240644,0.46762315054240644,808
5,Nablus,humidity,pm25,-120,-2 h,0.46762315054240644,0.46762315054240644,808
2,Nablus,temperature,aqi,15,+15 min,-0.46427766948339644,0.46427766948339644,1575
2,Nablus,aqi,temperature,-15,-15 min,-0.4642776694833964,0.4642776694833964,1575
1,Tulkarem,humidity,no2,-120,-2 h,0.46380952385826774,0.46380952385826774,1612
1,Tulkarem,no2,humidity,120,+2 h,0.46380952385826774,0.46380952385826774,1612
2,Nablus,temperature,aqi,-15,-15 min,-0.46240982761343846,0.46240982761343846,1575
2,Nablus,aqi,temperature,15,+15 min,-0.4624098276134384,0.4624098276134384,1575
1,Tulkarem,aqi,humidity,-120,-2 h,0.46152300015485376,0.46152300015485376,1612
1,Tulkarem,humidity,aqi,120,+2 h,0.46152300015485376,0.46152300015485376,1612
1,Tulkarem,pm25,humidity,15,+15 min,0.46040788908515157,0.46040788908515157,1618
1,Tulkarem,humidity,pm25,-15,-15 min,0.46040788908515157,0.46040788908515157,1618
2,Nablus,aqi,temperature,-30,-30 min,-0.4584984826933377,0.4584984826933377,1574
2,Nablus,temperature,aqi,30,+30 min,-0.4584984826933377,0.4584984826933377,1574
2,Nablus,temperature,aqi,-30,-30 min,-0.45786905235963143,0.45786905235963143,1574
2,Nablus,aqi,temperature,30,+30 min,-0.4578690523596313,0.4578690523596313,1574
1,Tulkarem,humidity,aqi,30,+30 min,0.45786661420479646,0.45786661420479646,1618
1,Tulkarem,aqi,humidity,-30,-30 min,0.45786661420479646,0.45786661420479646,1618
5,Nablus,pm25,temperature,30,+30 min,-0.457030519417787,0.457030519417787,820
5,Nablus,temperature,pm25,-30,-30 min,-0.45703051941778694,0.45703051941778694,820
1,Tulkarem,humidity,no2,15,+15 min,0.45612466862739665,0.45612466862739665,1619
1,Tulkarem,no2,humidity,-15,-15 min,0.45612466862739665,0.45612466862739665,1619
1,Tulkarem,temperature,humidity,180,+3 h,-0.4554187584906338,0.4554187584906338,1608
1,Tulkarem,humidity,temperature,-180,-3 h,-0.45541875849063373,0.45541875849063373,1608
5,Nablus,temperature,aqi,-30,-30 min,-0.4549475531349252,0.4549475531349252,820
5,Nablus,aqi,temperature,30,+30 min,-0.4549475531349252,0.4549475531349252,820
1,Tulkarem,aqi,humidity,-15,-15 min,0.45323952960003505,0.45323952960003505,1619
1,Tulkarem,humidity,aqi,15,+15 min,0.45323952960003505,0.45323952960003505,1619
1,Tulkarem,no2,temperature,180,+3 h,-0.4522152184383652,0.4522152184383652,1609
1,Tulkarem,temperature,no2,-180,-3 h,-0.45221521843836515,0.45221521843836515,1609
2,Nablus,pm25,temperature,-120,-2 h,-0.4511237316976315,0.4511237316976315,1568
2,Nablus,temperature,pm25,120,+2 h,-0.4511237316976315,0.4511237316976315,1568
1,Tulkarem,humidity,aqi,0,+0 min,0.45032669812679516,0.45032669812679516,1627
1,Tulkarem,aqi,humidity,0,+0 min,0.4503266981267951,0.4503266981267951,1627
1,Tulkarem,o3,humidity,120,+2 h,-0.4469613359278584,0.4469613359278584,1612
1,Tulkarem,humidity,o3,-120,-2 h,-0.44696133592785836,0.44696133592785836,1612
1,Tulkarem,o3,humidity,60,+1 h,-0.4467374861588634,0.4467374861588634,1616
1,Tulkarem,humidity,o3,-60,-1 h,-0.4467374861588634,0.4467374861588634,1616
1,Tulkarem,no2,o3,-120,-2 h,-0.4459943293950296,0.4459943293950296,1613
1,Tulkarem,o3,no2,120,+2 h,-0.4459943293950296,0.4459943293950296,1613
1,Tulkarem,o3,temperature,15,+15 min,0.4444627895792097,0.4444627895792097,1620
1,Tulkarem,temperature,o3,-15,-15 min,0.44446278957920965,0.44446278957920965,1620
1,Tulkarem,pm25,humidity,30,+30 min,0.4428431136034789,0.4428431136034789,1617
1,Tulkarem,humidity,pm25,-30,-30 min,0.4428431136034789,0.4428431136034789,1617
1,Tulkarem,humidity,pm25,180,+3 h,0.442184897219235,0.442184897219235,1607
1,Tulkarem,pm25,humidity,-180,-3 h,0.44218489721923493,0.44218489721923493,1607
5,Nablus,temperature,pm25,120,+2 h,-0.44022605097483897,0.44022605097483897,808
5,Nablus,pm25,temperature,-120,-2 h,-0.44022605097483897,0.44022605097483897,808
2,Nablus,temperature,aqi,-60,-1 h,-0.4396747297918178,0.4396747297918178,1572
2,Nablus,aqi,temperature,60,+1 h,-0.4396747297918178,0.4396747297918178,1572
5,Nablus,aqi,temperature,-120,-2 h,-0.43832250384317645,0.43832250384317645,808
5,Nablus,temperature,aqi,120,+2 h,-0.43832250384317645,0.43832250384317645,808
1,Tulkarem,humidity,aqi,-15,-15 min,0.4355402793915034,0.4355402793915034,1619
1,Tulkarem,aqi,humidity,15,+15 min,0.4355402793915034,0.4355402793915034,1619
2,Nablus,aqi,temperature,-60,-1 h,-0.43454920059328234,0.43454920059328234,1572
2,Nablus,temperature,aqi,60,+1 h,-0.4345492005932823,0.4345492005932823,1572
1,Tulkarem,aqi,humidity,-180,-3 h,0.4336809948596954,0.4336809948596954,1608
1,Tulkarem,humidity,aqi,180,+3 h,0.4336809948596954,0.4336809948596954,1608
1,Tulkarem,pm25,aqi,360,+6 h,0.42957153956611216,0.42957153956611216,1597
1,Tulkarem,aqi,pm25,-360,-6 h,0.4295715395661121,0.4295715395661121,1597
2,Nablus,pm25,temperature,120,+2 h,-0.42603589431140837,0.42603589431140837,1568
2,Nablus,temperature,pm25,-120,-2 h,-0.4260358943114083,0.4260358943114083,1568
5,Nablus,pm25,temperature,60,+1 h,-0.42566194918210315,0.42566194918210315,816
5,Nablus,temperature,pm25,-60,-1 h,-0.4256619491821031,0.4256619491821031,816
1,Tulkarem,o3,humidity,30,+30 min,-0.421596271577964,0.421596271577964,1618
1,Tulkarem,humidity,o3,-30,-30 min,-0.4215962715779639,0.4215962715779639,1618
4,Nablus,pm25,temperature,120,+2 h,-0.4214670621198817,0.4214670621198817,1581
4,Nablus,temperature,pm25,-120,-2 h,-0.42146706211988166,0.42146706211988166,1581
1,Tulkarem,aqi,humidity,30,+30 min,0.4205639682762549,0.4205639682762549,1618
1,Tulkarem,humidity,aqi,-30,-30 min,0.42056396827625486,0.42056396827625486,1618
5,Nablus,humidity,aqi,-120,-2 h,0.42027742866948575,0.42027742866948575,808
5,Nablus,aqi,humidity,120,+2 h,0.42027742866948575,0.42027742866948575,808
2,Nablus,pm25,humidity,-360,-6 h,0.41928835321818064,0.41928835321818064,1553
2,Nablus,humidity,pm25,360,+6 h,0.41928835321818064,0.41928835321818064,1553
4,Nablus,temperature,pm25,120,+2 h,-0.4182139084367354,0.4182139084367354,1581
4,Nablus,pm25,temperature,-120,-2 h,-0.4182139084367354,0.4182139084367354,1581
5,Nablus,temperature,aqi,-60,-1 h,-0.41815722306007935,0.41815722306007935,816
5,Nablus,aqi,temperature,60,+1 h,-0.41815722306007935,0.41815722306007935,816
2,Nablus,temperature,humidity,180,+3 h,-0.41566576967548235,0.41566576967548235,1564
2,Nablus,humidity,temperature,-180,-3 h,-0.41566576967548235,0.41566576967548235,1564
1,Tulkarem,humidity,o3,-180,-3 h,-0.40755967168001583,0.40755967168001583,1608
1,Tulkarem,o3,humidity,180,+3 h,-0.40755967168001583,0.40755967168001583,1608
4,Nablus,aqi,temperature,120,+2 h,-0.4063315144901289,0.4063315144901289,1581
4,Nablus,temperature,aqi,-120,-2 h,-0.40633151449012883,0.40633151449012883,1581
1,Tulkarem,o3,temperature,0,+0 min,0.4040353674278119,0.4040353674278119,1628
1,Tulkarem,temperature,o3,0,+0 min,0.4040353674278119,0.4040353674278119,1628
1,Tulkarem,humidity,pm25,-60,-1 h,0.4022473014805549,0.4022473014805549,1615
1,Tulkarem,pm25,humidity,60,+1 h,0.4022473014805549,0.4022473014805549,1615
4,Nablus,humidity,temperature,-180,-3 h,-0.4014753373944224,0.4014753373944224,1577
4,Nablus,temperature,humidity,180,+3 h,-0.40147533739442237,0.40147533739442237,1577
1,Tulkarem,humidity,no2,-180,-3 h,0.40109579943686113,0.40109579943686113,1608
1,Tulkarem,no2,humidity,180,+3 h,0.40109579943686113,0.40109579943686113,1608
1,Tulkarem,temperature,no2,30,+30 min,-0.4010360313867817,0.4010360313867817,1619
1,Tulkarem,no2,temperature,-30,-30 min,-0.4010360313867817,0.4010360313867817,1619
1,Tulkarem,o3,humidity,15,+15 min,-0.40022426239899783,0.40022426239899783,1619
1,Tulkarem,humidity,o3,-15,-15 min,-0.40022426239899783,0.40022426239899783,1619
1,Tulkarem,no2,humidity,-30,-30 min,0.3923193091239328,0.3923193091239328,1618
1,Tulkarem,humidity,no2,30,+30 min,0.3923193091239328,0.3923193091239328,1618
4,Nablus,temperature,aqi,120,+2 h,-0.3916048747733266,0.3916048747733266,1581
4,Nablus,aqi,temperature,-120,-2 h,-0.3916048747733266,0.3916048747733266,1581
1,Tulkarem,aqi,pm25,360,+6 h,0.3900720609121253,0.3900720609121253,1597
1,Tulkarem,pm25,aqi,-360,-6 h,0.3900720609121253,0.3900720609121253,1597
2,Nablus,humidity,aqi,360,+6 h,0.38808636386696765,0.38808636386696765,1553
2,Nablus,aqi,humidity,-360,-6 h,0.38808636386696765,0.38808636386696765,1553
1,Tulkarem,aqi,humidity,60,+1 h,0.38082469170218625,0.38082469170218625,1616
1,Tulkarem,humidity,aqi,-60,-1 h,0.3808246917021862,0.3808246917021862,1616
2,Nablus,pm25,temperature,-180,-3 h,-0.38054949008367517,0.38054949008367517,1564
2,Nablus,temperature,pm25,180,+3 h,-0.3805494900836751,0.3805494900836751,1564
1,Tulkarem,no2,o3,-180,-3 h,-0.37211954281672516,0.37211954281672516,1609
1,Tulkarem,o3,no2,180,+3 h,-0.37211954281672516,0.37211954281672516,1609
2,Nablus,temperature,aqi,-120,-2 h,-0.37122739577682135,0.37122739577682135,1568
2,Nablus,aqi,temperature,120,+2 h,-0.37122739577682135,0.37122739577682135,1568
2,Nablus,aqi,temperature,-120,-2 h,-0.37089418201301727,0.37089418201301727,1568
2,Nablus,temperature,aqi,120,+2 h,-0.3708941820130172,0.3708941820130172,1568
1,Tulkarem,humidity,o3,0,+0 min,-0.3699658794878814,0.3699658794878814,1627
1,Tulkarem,o3,humidity,0,+0 min,-0.3699658794878814,0.3699658794878814,1627
5,Nablus,pm25,temperature,-180,-3 h,-0.3650408911083341,0.3650408911083341,800
5,Nablus,temperature,pm25,180,+3 h,-0.3650408911083341,0.3650408911083341,800
2,Nablus,aqi,humidity,360,+6 h,0.36417134761227593,0.36417134761227593,1553
2,Nablus,humidity,aqi,-360,-6 h,0.36417134761227593,0.36417134761227593,1553
1,Tulkarem,o3,temperature,-15,-15 min,0.36093451183555336,0.36093451183555336,1620
1,Tulkarem,temperature,o3,15,+15 min,0.36093451183555336,0.36093451183555336,1620
1,Tulkarem,no2,o3,120,+2 h,-0.35922723029028614,0.35922723029028614,1613
1,Tulkarem,o3,no2,-120,-2 h,-0.35922723029028614,0.35922723029028614,1613
5,Nablus,temperature,aqi,180,+3 h,-0.353610546305256,0.353610546305256,800
5,Nablus,aqi,temperature,-180,-3 h,-0.353610546305256,0.353610546305256,800
4,Nablus,pm25,temperature,180,+3 h,-0.34747773647107094,0.34747773647107094,1577
4,Nablus,temperature,pm25,-180,-3 h,-0.34747773647107094,0.34747773647107094,1577
2,Nablus,pm25,temperature,180,+3 h,-0.34577565191032594,0.34577565191032594,1564
2,Nablus,temperature,pm25,-180,-3 h,-0.34577565191032594,0.34577565191032594,1564
2,Nablus,humidity,pm25,-360,-6 h,0.3436550831512776,0.3436550831512776,1553
2,Nablus,pm25,humidity,360,+6 h,0.3436550831512776,0.3436550831512776,1553
4,Nablus,pm25,humidity,-360,-6 h,0.3407221720106948,0.3407221720106948,1566
4,Nablus,humidity,pm25,360,+6 h,0.3407221720106948,0.3407221720106948,1566
5,Nablus,temperature,pm25,-120,-2 h,-0.34016716427298105,0.34016716427298105,808
5,Nablus,pm25,temperature,120,+2 h,-0.34016716427298105,0.34016716427298105,808
5,Nablus,pm25,humidity,180,+3 h,0.3380724253492461,0.3380724253492461,800
5,Nablus,humidity,pm25,-180,-3 h,0.3380724253492461,0.3380724253492461,800
1,Tulkarem,pm25,temperature,-30,-30 min,-0.3380018102452825,0.3380018102452825,1618
1,Tulkarem,temperature,pm25,30,+30 min,-0.3380018102452825,0.3380018102452825,1618
1,Tulkarem,o3,humidity,-15,-15 min,-0.33606447681013024,0.33606447681013024,1619
1,Tulkarem,humidity,o3,15,+15 min,-0.3360644768101302,0.3360644768101302,1619
1,Tulkarem,temperature,pm25,15,+15 min,-0.3346221492495936,0.3346221492495936,1619
1,Tulkarem,pm25,temperature,-15,-15 min,-0.3346221492495936,0.3346221492495936,1619
1,Tulkarem,temperature,pm25,60,+1 h,-0.33276369495347596,0.33276369495347596,1616
1,Tulkarem,pm25,temperature,-60,-1 h,-0.3327636949534759,0.3327636949534759,1616
4,Nablus,aqi,temperature,180,+3 h,-0.32941015599464246,0.32941015599464246,1577
4,Nablus,temperature,aqi,-180,-3 h,-0.32941015599464246,0.32941015599464246,1577
2,Nablus,temperature,humidity,-360,-6 h,-0.32910745921786155,0.32910745921786155,1553
2,Nablus,humidity,temperature,360,+6 h,-0.3291074592178615,0.3291074592178615,1553
1,Tulkarem,temperature,pm25,0,+0 min,-0.32800297787860283,0.32800297787860283,1627
1,Tulkarem,pm25,temperature,0,+0 min,-0.3280029778786028,0.3280029778786028,1627
4,Nablus,pm25,temperature,-180,-3 h,-0.32355462178086153,0.32355462178086153,1577
4,Nablus,temperature,pm25,180,+3 h,-0.32355462178086153,0.32355462178086153,1577
5,Nablus,aqi,temperature,120,+2 h,-0.3209923085112935,0.3209923085112935,808
5,Nablus,temperature,aqi,-120,-2 h,-0.3209923085112935,0.3209923085112935,808
1,Tulkarem,temperature,o3,30,+30 min,0.3207588648986072,0.3207588648986072,1619
1,Tulkarem,o3,temperature,-30,-30 min,0.3207588648986072,0.3207588648986072,1619
4,Nablus,aqi,humidity,-360,-6 h,0.3169651724610412,0.3169651724610412,1566
4,Nablus,humidity,aqi,360,+6 h,0.3169651724610412,0.3169651724610412,1566
1,Tulkarem,temperature,pm25,-15,-15 min,-0.31351202661074357,0.31351202661074357,1619
1,Tulkarem,pm25,temperature,15,+15 min,-0.31351202661074357,0.31351202661074357,1619
4,Nablus,humidity,aqi,-360,-6 h,0.3135018133190125,0.3135018133190125,1566
4,Nablus,aqi,humidity,360,+6 h,0.31350181331901245,0.31350181331901245,1566
1,Tulkarem,aqi,temperature,-60,-1 h,-0.31130901715809894,0.31130901715809894,1617
1,Tulkarem,temperature,aqi,60,+1 h,-0.31130901715809894,0.31130901715809894,1617
1,Tulkarem,temperature,pm25,120,+2 h,-0.31043803484624644,0.31043803484624644,1612
1,Tulkarem,pm25,temperature,-120,-2 h,-0.31043803484624644,0.31043803484624644,1612
1,Tulkarem,pm25,humidity,120,+2 h,0.3065288784834386,0.3065288784834386,1611
1,Tulkarem,humidity,pm25,-120,-2 h,0.30652887848343857,0.30652887848343857,1611
1,Tulkarem,no2,humidity,-60,-1 h,0.3054676486440837,0.3054676486440837,1616
1,Tulkarem,humidity,no2,60,+1 h,0.30546764864408366,0.30546764864408366,1616
1,Tulkarem,temperature,aqi,30,+30 min,-0.3022103239716239,0.3022103239716239,1619
1,Tulkarem,aqi,temperature,-30,-30 min,-0.30221032397162384,0.30221032397162384,1619
1,Tulkarem,humidity,o3,30,+30 min,-0.3019757553495389,0.3019757553495389,1618
1,Tulkarem,o3,humidity,-30,-30 min,-0.30197575534953885,0.30197575534953885,1618
5,Nablus,aqi,pm25,-360,-6 h,0.30137460134008803,0.30137460134008803,777
5,Nablus,pm25,aqi,360,+6 h,0.301374601340088,0.301374601340088,777
1,Tulkarem,temperature,aqi,15,+15 min,-0.3013037198685986,0.3013037198685986,1620
1,Tulkarem,aqi,temperature,-15,-15 min,-0.3013037198685986,0.3013037198685986,1620
4,Nablus,humidity,pm25,-360,-6 h,0.3003597940353503,0.3003597940353503,1566
4,Nablus,pm25,humidity,360,+6 h,0.30035979403535024,0.30035979403535024,1566
2,Nablus,temperature,aqi,180,+3 h,-0.2999202531015758,0.2999202531015758,1564
2,Nablus,aqi,temperature,-180,-3 h,-0.2999202531015758,0.2999202531015758,1564
1,Tulkarem,temperature,aqi,0,+0 min,-0.29891863060814766,0.29891863060814766,1628
1,Tulkarem,aqi,temperature,0,+0 min,-0.2989186306081476,0.2989186306081476,1628
1,Tulkarem,temperature,pm25,-30,-30 min,-0.2979880838670083,0.2979880838670083,1618
1,Tulkarem,pm25,temperature,30,+30 min,-0.29798808386700826,0.29798808386700826,1618
2,Nablus,temperature,aqi,-180,-3 h,-0.2973236671177498,0.2973236671177498,1564
2,Nablus,aqi,temperature,180,+3 h,-0.2973236671177498,0.2973236671177498,1564
5,Nablus,aqi,pm25,360,+6 h,0.2971506854001952,0.2971506854001952,777
5,Nablus,pm25,aqi,-360,-6 h,0.2971506854001951,0.2971506854001951,777
1,Tulkarem,no2,temperature,-60,-1 h,-0.2951723082650433,0.2951723082650433,1617
1,Tulkarem,temperature,no2,60,+1 h,-0.2951723082650433,0.2951723082650433,1617
1,Tulkarem,humidity,aqi,-120,-2 h,0.2926427377592423,0.2926427377592423,1612
1,Tulkarem,aqi,humidity,120,+2 h,0.2926427377592423,0.2926427377592423,1612
1,Tulkarem,temperature,aqi,120,+2 h,-0.2924678646886588,0.2924678646886588,1613
1,Tulkarem,aqi,temperature,-120,-2 h,-0.2924678646886588,0.2924678646886588,1613
1,Tulkarem,aqi,temperature,15,+15 min,-0.2913675100121709,0.2913675100121709,1620
1,Tulkarem,temperature,aqi,-15,-15 min,-0.2913675100121709,0.2913675100121709,1620
4,Nablus,aqi,temperature,-180,-3 h,-0.28908248201990466,0.28908248201990466,1577
4,Nablus,temperature,aqi,180,+3 h,-0.28908248201990466,0.28908248201990466,1577
5,Nablus,humidity,aqi,-180,-3 h,0.28532636684686563,0.28532636684686563,800
5,Nablus,aqi,humidity,180,+3 h,0.28532636684686563,0.28532636684686563,800
1,Tulkarem,temperature,aqi,-30,-30 min,-0.2794755272924588,0.2794755272924588,1619
1,Tulkarem,aqi,temperature,30,+30 min,-0.2794755272924588,0.2794755272924588,1619
1,Tulkarem,o3,temperature,-360,-6 h,-0.27084383050852034,0.27084383050852034,1598
1,Tulkarem,temperature,o3,360,+6 h,-0.27084383050852034,0.27084383050852034,1598
1,Tulkarem,temperature,pm25,180,+3 h,-0.26474892411631556,0.26474892411631556,1608
1,Tulkarem,pm25,temperature,-180,-3 h,-0.2647489241163155,0.2647489241163155,1608
1,Tulkarem,aqi,temperature,-180,-3 h,-0.25879729978580335,0.25879729978580335,1609
1,Tulkarem,temperature,aqi,180,+3 h,-0.2587972997858033,0.2587972997858033,1609
1,Tulkarem,temperature,pm25,-60,-1 h,-0.2557890891738822,0.2557890891738822,1616
1,Tulkarem,pm25,temperature,60,+1 h,-0.2557890891738822,0.2557890891738822,1616
1,Tulkarem,no2,pm25,30,+30 min,0.2530046188815257,0.2530046188815257,1618
1,Tulkarem,pm25,no2,-30,-30 min,0.2530046188815257,0.2530046188815257,1618
1,Tulkarem,no2,aqi,60,+1 h,0.250549541131801,0.250549541131801,1617
1,Tulkarem,aqi,no2,-60,-1 h,0.25054954113180095,0.25054954113180095,1617
1,Tulkarem,no2,pm25,60,+1 h,0.24851263769312237,0.24851263769312237,1616
1,Tulkarem,pm25,no2,-60,-1 h,0.24851263769312235,0.24851263769312235,1616
1,Tulkarem,o3,temperature,360,+6 h,0.2468773456107181,0.2468773456107181,1598
1,Tulkarem,temperature,o3,-360,-6 h,0.2468773456107181,0.2468773456107181,1598
4,Nablus,temperature,humidity,-360,-6 h,-0.24684023848689515,0.24684023848689515,1566
4,Nablus,humidity,temperature,360,+6 h,-0.24684023848689515,0.24684023848689515,1566
1,Tulkarem,o3,temperature,-60,-1 h,0.2424183131803475,0.2424183131803475,1617
1,Tulkarem,temperature,o3,60,+1 h,0.24241831318034748,0.24241831318034748,1617
1,Tulkarem,no2,pm25,15,+15 min,0.24049368077148253,0.24049368077148253,1619
1,Tulkarem,pm25,no2,-15,-15 min,0.24049368077148253,0.24049368077148253,1619
1,Tulkarem,aqi,temperature,60,+1 h,-0.2397926960493044,0.2397926960493044,1617
1,Tulkarem,temperature,aqi,-60,-1 h,-0.2397926960493044,0.2397926960493044,1617
1,Tulkarem,no2,aqi,0,+0 min,0.23585727411530194,0.23585727411530194,1628
1,Tulkarem,aqi,no2,0,+0 min,0.23585727411530194,0.23585727411530194,1628
1,Tulkarem,o3,humidity,-60,-1 h,-0.2352869192121214,0.2352869192121214,1616
1,Tulkarem,humidity,o3,60,+1 h,-0.23528691921212136,0.23528691921212136,1616
1,Tulkarem,no2,aqi,15,+15 min,0.23281612786016018,0.23281612786016018,1620
1,Tulkarem,aqi,no2,-15,-15 min,0.23281612786016015,0.23281612786016015,1620
1,Tulkarem,humidity,pm25,360,+6 h,0.23122515843896255,0.23122515843896255,1596
1,Tulkarem,pm25,humidity,-360,-6 h,0.23122515843896255,0.23122515843896255,1596
1,Tulkarem,humidity,aqi,360,+6 h,0.23103793559731164,0.23103793559731164,1597
1,Tulkarem,aqi,humidity,-360,-6 h,0.23103793559731162,0.23103793559731162,1597
1,Tulkarem,pm25,temperature,360,+6 h,0.2305525934546267,0.2305525934546267,1597
1,Tulkarem,temperature,pm25,-360,-6 h,0.2305525934546267,0.2305525934546267,1597
5,Nablus,temperature,pm25,-180,-3 h,-0.22888250768006319,0.22888250768006319,800
5,Nablus,pm25,temperature,180,+3 h,-0.22888250768006319,0.22888250768006319,800
1,Tulkarem,no2,aqi,-15,-15 min,0.2226810680985012,0.2226810680985012,1620
1,Tulkarem,aqi,no2,15,+15 min,0.2226810680985012,0.2226810680985012,1620
1,Tulkarem,aqi,no2,-30,-30 min,0.22258996882637144,0.22258996882637144,1619
1,Tulkarem,no2,aqi,30,+30 min,0.22258996882637141,0.22258996882637141,1619
1,Tulkarem,no2,o3,180,+3 h,-0.22064654622756907,0.22064654622756907,1609
1,Tulkarem,o3,no2,-180,-3 h,-0.22064654622756905,0.22064654622756905,1609
1,Tulkarem,no2,temperature,-360,-6 h,0.2196364222383525,0.2196364222383525,1598
1,Tulkarem,temperature,no2,360,+6 h,0.2196364222383525,0.2196364222383525,1598
1,Tulkarem,no2,humidity,-120,-2 h,0.21848837718435576,0.21848837718435576,1612
1,Tulkarem,humidity,no2,120,+2 h,0.21848837718435576,0.21848837718435576,1612
1,Tulkarem,temperature,aqi,-360,-6 h,0.21503160737661256,0.21503160737661256,1598
1,Tulkarem,aqi,temperature,360,+6 h,0.21503160737661253,0.21503160737661253,1598
1,Tulkarem,no2,pm25,0,+0 min,0.21484156824352824,0.21484156824352824,1627
1,Tulkarem,pm25,no2,0,+0 min,0.2148415682435282,0.2148415682435282,1627
1,Tulkarem,o3,humidity,-360,-6 h,0.21018345140308203,0.21018345140308203,1597
1,Tulkarem,humidity,o3,360,+6 h,0.210183451403082,0.210183451403082,1597
1,Tulkarem,no2,aqi,120,+2 h,0.20947997372332847,0.20947997372332847,1613
1,Tulkarem,aqi,no2,-120,-2 h,0.20947997372332847,0.20947997372332847,1613
1,Tulkarem,no2,temperature,-120,-2 h,-0.2062407718322884,0.2062407718322884,1613
1,Tulkarem,temperature,no2,120,+2 h,-0.20624077183228837,0.20624077183228837,1613
5,Nablus,temperature,aqi,-180,-3 h,-0.202293634636076,0.202293634636076,800
5,Nablus,aqi,temperature,180,+3 h,-0.20229363463607597,0.20229363463607597,800
5,Nablus,temperature,aqi,-360,-6 h,0.1995389696780732,0.1995389696780732,777
5,Nablus,aqi,temperature,360,+6 h,0.1995389696780732,0.1995389696780732,777
1,Tulkarem,humidity,pm25,-180,-3 h,0.19722215805763238,0.19722215805763238,1607
1,Tulkarem,pm25,humidity,180,+3 h,0.19722215805763235,0.19722215805763235,1607
1,Tulkarem,pm25,no2,-120,-2 h,0.19643690349978754,0.19643690349978754,1612
1,Tulkarem,no2,pm25,120,+2 h,0.1964369034997875,0.1964369034997875,1612
1,Tulkarem,aqi,no2,-180,-3 h,0.19471640906790988,0.19471640906790988,1609
1,Tulkarem,no2,aqi,180,+3 h,0.19471640906790985,0.19471640906790985,1609
5,Nablus,pm25,temperature,360,+6 h,0.19344546884849187,0.19344546884849187,777
5,Nablus,temperature,pm25,-360,-6 h,0.19344546884849187,0.19344546884849187,777
1,Tulkarem,aqi,humidity,180,+3 h,0.19113828444982103,0.19113828444982103,1608
1,Tulkarem,humidity,aqi,-180,-3 h,0.19113828444982103,0.19113828444982103,1608
1,Tulkarem,aqi,no2,30,+30 min,0.18449714662182315,0.18449714662182315,1619
1,Tulkarem,no2,aqi,-30,-30 min,0.18449714662182312,0.18449714662182312,1619
1,Tulkarem,no2,pm25,-15,-15 min,0.18273278022553463,0.18273278022553463,1619
1,Tulkarem,pm25,no2,15,+15 min,0.1827327802255346,0.1827327802255346,1619
5,Nablus,pm25,humidity,-360,-6 h,0.1817953339616512,0.1817953339616512,777
5,Nablus,humidity,pm25,360,+6 h,0.18179533396165118,0.18179533396165118,777
1,Tulkarem,o3,no2,360,+6 h,-0.18154531728744205,0.18154531728744205,1598
1,Tulkarem,no2,o3,-360,-6 h,-0.18154531728744203,0.18154531728744203,1598
1,Tulkarem,humidity,temperature,-360,-6 h,0.18151850561110608,0.18151850561110608,1597
1,Tulkarem,temperature,humidity,360,+6 h,0.18151850561110608,0.18151850561110608,1597
1,Tulkarem,temperature,no2,-360,-6 h,-0.17947374649236003,0.17947374649236003,1598
1,Tulkarem,no2,temperature,360,+6 h,-0.17947374649236,0.17947374649236,1598
1,Tulkarem,o3,pm25,-180,-3 h,0.17911169172594413,0.17911169172594413,1608
1,Tulkarem,pm25,o3,180,+3 h,0.17911169172594413,0.17911169172594413,1608
5,Nablus,humidity,temperature,-360,-6 h,0.17828574307987952,0.17828574307987952,777
5,Nablus,temperature,humidity,360,+6 h,0.1782857430798795,0.1782857430798795,777
1,Tulkarem,o3,aqi,-360,-6 h,0.17215055946935026,0.17215055946935026,1598
1,Tulkarem,aqi,o3,360,+6 h,0.17215055946935026,0.17215055946935026,1598
1,Tulkarem,pm25,temperature,120,+2 h,-0.16824705147149802,0.16824705147149802,1612
1,Tulkarem,temperature,pm25,-120,-2 h,-0.16824705147149802,0.16824705147149802,1612
1,Tulkarem,pm25,no2,-180,-3 h,0.16658253455841113,0.16658253455841113,1608
1,Tulkarem,no2,pm25,180,+3 h,0.1665825345584111,0.1665825345584111,1608
1,Tulkarem,aqi,o3,180,+3 h,0.16603492082770022,0.16603492082770022,1609
1,Tulkarem,o3,aqi,-180,-3 h,0.1660349208277002,0.1660349208277002,1609
1,Tulkarem,no2,humidity,-360,-6 h,-0.16521527843617634,0.16521527843617634,1597
1,Tulkarem,humidity,no2,360,+6 h,-0.16521527843617634,0.16521527843617634,1597
1,Tulkarem,pm25,o3,360,+6 h,0.16055943021955787,0.16055943021955787,1597
1,Tulkarem,o3,pm25,-360,-6 h,0.16055943021955785,0.16055943021955785,1597
1,Tulkarem,temperature,aqi,-120,-2 h,-0.15940949862544102,0.15940949862544102,1613
1,Tulkarem,aqi,temperature,120,+2 h,-0.15940949862544102,0.15940949862544102,1613
1,Tulkarem,humidity,o3,-360,-6 h,-0.1575691362286271,0.1575691362286271,1597
1,Tulkarem,o3,humidity,360,+6 h,-0.1575691362286271,0.1575691362286271,1597
1,Tulkarem,no2,pm25,-30,-30 min,0.1501068596602093,0.1501068596602093,1618
1,Tulkarem,pm25,no2,30,+30 min,0.1501068596602093,0.1501068596602093,1618
1,Tulkarem,pm25,no2,360,+6 h,-0.14517839957243925,0.14517839957243925,1597
1,Tulkarem,no2,pm25,-360,-6 h,-0.14517839957243925,0.14517839957243925,1597
1,Tulkarem,o3,pm25,-120,-2 h,0.1372424095113504,0.1372424095113504,1612
1,Tulkarem,pm25,o3,120,+2 h,0.13724240951135036,0.13724240951135036,1612
1,Tulkarem,no2,aqi,360,+6 h,0.1368598073108994,0.1368598073108994,1598
1,Tulkarem,aqi,no2,-360,-6 h,0.1368598073108994,0.1368598073108994,1598
1,Tulkarem,aqi,no2,360,+6 h,-0.13205849489079727,0.13205849489079727,1598
1,Tulkarem,no2,aqi,-360,-6 h,-0.13205849489079724,0.13205849489079724,1598
5,Nablus,aqi,humidity,360,+6 h,-0.13095073457076406,0.13095073457076406,777
5,Nablus,humidity,aqi,-360,-6 h,-0.13095073457076403,0.13095073457076403,777
5,Nablus,humidity,aqi,360,+6 h,0.1297103192181162,0.1297103192181162,777
5,Nablus,aqi,humidity,-360,-6 h,0.1297103192181162,0.1297103192181162,777
1,Tulkarem,no2,humidity,-180,-3 h,0.12434814095283357,0.12434814095283357,1608
1,Tulkarem,humidity,no2,180,+3 h,0.12434814095283356,0.12434814095283356,1608
1,Tulkarem,aqi,o3,120,+2 h,0.12260949606967221,0.12260949606967221,1613
1,Tulkarem,o3,aqi,-120,-2 h,0.12260949606967218,0.12260949606967218,1613
2,Nablus,pm25,temperature,-360,-6 h,-0.1217899340689979,0.1217899340689979,1553
2,Nablus,temperature,pm25,360,+6 h,-0.1217899340689979,0.1217899340689979,1553
1,Tulkarem,o3,aqi,180,+3 h,-0.117263386045469,0.117263386045469,1609
1,Tulkarem,aqi,o3,-180,-3 h,-0.11726338604546899,0.11726338604546899,1609
1,Tulkarem,pm25,humidity,360,+6 h,-0.11343156928551684,0.11343156928551684,1596
1,Tulkarem,humidity,pm25,-360,-6 h,-0.11343156928551684,0.11343156928551684,1596
1,Tulkarem,aqi,no2,60,+1 h,0.11234281632523427,0.11234281632523427,1617
1,Tulkarem,no2,aqi,-60,-1 h,0.11234281632523425,0.11234281632523425,1617
4,Nablus,pm25,temperature,360,+6 h,-0.10679722970400517,0.10679722970400517,1566
4,Nablus,temperature,pm25,-360,-6 h,-0.10679722970400517,0.10679722970400517,1566
1,Tulkarem,o3,aqi,120,+2 h,-0.10561198732656256,0.10561198732656256,1613
1,Tulkarem,aqi,o3,-120,-2 h,-0.10561198732656255,0.10561198732656255,1613
5,Nablus,pm25,humidity,360,+6 h,-0.1050096720982917,0.1050096720982917,777
5,Nablus,humidity,pm25,-360,-6 h,-0.1050096720982917,0.1050096720982917,777
1,Tulkarem,o3,humidity,-120,-2 h,-0.10479345796606351,0.10479345796606351,1612
1,Tulkarem,humidity,o3,120,+2 h,-0.10479345796606351,0.10479345796606351,1612
1,Tulkarem,temperature,no2,180,+3 h,-0.10474823733021808,0.10474823733021808,1609
1,Tulkarem,no2,temperature,-180,-3 h,-0.10474823733021808,0.10474823733021808,1609
5,Nablus,humidity,temperature,360,+6 h,0.10326026154747667,0.10326026154747667,777
5,Nablus,temperature,humidity,-360,-6 h,0.10326026154747667,0.10326026154747667,777
1,Tulkarem,aqi,humidity,360,+6 h,-0.1030054929507268,0.1030054929507268,1597
1,Tulkarem,humidity,aqi,-360,-6 h,-0.1030054929507268,0.1030054929507268,1597
4,Nablus,aqi,temperature,360,+6 h,-0.10289814926680654,0.10289814926680654,1566
4,Nablus,temperature,aqi,-360,-6 h,-0.10289814926680654,0.10289814926680654,1566
2,Nablus,pm25,temperature,360,+6 h,-0.10244823789012802,0.10244823789012802,1553
2,Nablus,temperature,pm25,-360,-6 h,-0.10244823789012802,0.10244823789012802,1553
2,Nablus,temperature,aqi,-360,-6 h,-0.10096225577424649,0.10096225577424649,1553
2,Nablus,aqi,temperature,360,+6 h,-0.10096225577424647,0.10096225577424647,1553
1,Tulkarem,pm25,no2,60,+1 h,0.0979720151873883,0.0979720151873883,1616
1,Tulkarem,no2,pm25,-60,-1 h,0.0979720151873883,0.0979720151873883,1616
1,Tulkarem,humidity,no2,-360,-6 h,0.09758829262488473,0.09758829262488473,1597
1,Tulkarem,no2,humidity,360,+6 h,0.09758829262488473,0.09758829262488473,1597
2,Nablus,temperature,aqi,360,+6 h,-0.09586064283587599,0.09586064283587599,1553
2,Nablus,aqi,temperature,-360,-6 h,-0.09586064283587599,0.09586064283587599,1553
1,Tulkarem,pm25,o3,-180,-3 h,-0.09128431716497508,0.09128431716497508,1608
1,Tulkarem,o3,pm25,180,+3 h,-0.09128431716497507,0.09128431716497507,1608
1,Tulkarem,o3,temperature,-120,-2 h,0.08958184264528633,0.08958184264528633,1613
1,Tulkarem,temperature,o3,120,+2 h,0.08958184264528633,0.08958184264528633,1613
1,Tulkarem,pm25,o3,-120,-2 h,-0.08760778815858339,0.08760778815858339,1612
1,Tulkarem,o3,pm25,120,+2 h,-0.08760778815858339,0.08760778815858339,1612
1,Tulkarem,o3,aqi,60,+1 h,-0.08662996286011139,0.08662996286011139,1617
1,Tulkarem,aqi,o3,-60,-1 h,-0.08662996286011139,0.08662996286011139,1617
1,Tulkarem,pm25,no2,-360,-6 h,0.0861720413693257,0.0861720413693257,1597
1,Tulkarem,no2,pm25,360,+6 h,0.0861720413693257,0.0861720413693257,1597
1,Tulkarem,no2,o3,360,+6 h,-0.072420378197166,0.072420378197166,1598
1,Tulkarem,o3,no2,-360,-6 h,-0.072420378197166,0.072420378197166,1598
1,Tulkarem,temperature,pm25,-180,-3 h,-0.07224908300084516,0.07224908300084516,1608
1,Tulkarem,pm25,temperature,180,+3 h,-0.07224908300084516,0.07224908300084516,1608
1,Tulkarem,humidity,temperature,360,+6 h,-0.071450897452893,0.071450897452893,1597
1,Tulkarem,temperature,humidity,-360,-6 h,-0.071450897452893,0.071450897452893,1597
2,Nablus,humidity,temperature,-360,-6 h,-0.07137673468379983,0.07137673468379983,1553
2,Nablus,temperature,humidity,360,+6 h,-0.07137673468379983,0.07137673468379983,1553
1,Tulkarem,aqi,temperature,180,+3 h,-0.07036071067002676,0.07036071067002676,1609
1,Tulkarem,temperature,aqi,-180,-3 h,-0.07036071067002676,0.07036071067002676,1609
1,Tulkarem,o3,aqi,30,+30 min,-0.06674044005668062,0.06674044005668062,1619
1,Tulkarem,aqi,o3,-30,-30 min,-0.06674044005668062,0.06674044005668062,1619
1,Tulkarem,o3,pm25,60,+1 h,-0.06439246853638875,0.06439246853638875,1616
1,Tulkarem,pm25,o3,-60,-1 h,-0.06439246853638873,0.06439246853638873,1616
1,Tulkarem,pm25,o3,60,+1 h,0.06372731797243814,0.06372731797243814,1616
1,Tulkarem,o3,pm25,-60,-1 h,0.06372731797243814,0.06372731797243814,1616
1,Tulkarem,aqi,o3,-360,-6 h,-0.05897767316730103,0.05897767316730103,1598
1,Tulkarem,o3,aqi,360,+6 h,-0.05897767316730103,0.05897767316730103,1598
1,Tulkarem,o3,aqi,15,+15 min,-0.05668662310847855,0.05668662310847855,1620
1,Tulkarem,aqi,o3,-15,-15 min,-0.05668662310847855,0.05668662310847855,1620
1,Tulkarem,aqi,o3,0,+0 min,-0.05609965501831454,0.05609965501831454,1628
1,Tulkarem,o3,aqi,0,+0 min,-0.05609965501831454,0.05609965501831454,1628
1,Tulkarem,o3,pm25,30,+30 min,-0.05093169154839478,0.05093169154839478,1618
1,Tulkarem,pm25,o3,-30,-30 min,-0.05093169154839478,0.05093169154839478,1618
1,Tulkarem,temperature,o3,180,+3 h,-0.04970709567519452,0.04970709567519452,1609
1,Tulkarem,o3,temperature,-180,-3 h,-0.04970709567519452,0.04970709567519452,1609
4,Nablus,pm25,temperature,-360,-6 h,-0.047772071283785224,0.047772071283785224,1566
4,Nablus,temperature,pm25,360,+6 h,-0.047772071283785224,0.047772071283785224,1566
1,Tulkarem,pm25,o3,-15,-15 min,-0.04377173457625797,0.04377173457625797,1619
1,Tulkarem,o3,pm25,15,+15 min,-0.04377173457625797,0.04377173457625797,1619
1,Tulkarem,temperature,aqi,360,+6 h,-0.04085996184346465,0.04085996184346465,1598
1,Tulkarem,aqi,temperature,-360,-6 h,-0.04085996184346465,0.04085996184346465,1598
1,Tulkarem,pm25,temperature,-360,-6 h,-0.04002318592784708,0.04002318592784708,1597
1,Tulkarem,temperature,pm25,360,+6 h,-0.04002318592784707,0.04002318592784707,1597
1,Tulkarem,aqi,o3,15,+15 min,-0.03438120618859462,0.03438120618859462,1620
1,Tulkarem,o3,aqi,-15,-15 min,-0.03438120618859462,0.03438120618859462,1620
1,Tulkarem,aqi,o3,60,+1 h,0.034244691659305986,0.034244691659305986,1617
1,Tulkarem,o3,aqi,-60,-1 h,0.034244691659305986,0.034244691659305986,1617
1,Tulkarem,o3,pm25,0,+0 min,-0.03245429535615829,0.03245429535615829,1627
1,Tulkarem,pm25,o3,0,+0 min,-0.03245429535615829,0.03245429535615829,1627
1,Tulkarem,no2,aqi,-120,-2 h,0.03218732233842539,0.03218732233842539,1613
1,Tulkarem,aqi,no2,120,+2 h,0.03218732233842538,0.03218732233842538,1613
1,Tulkarem,pm25,no2,120,+2 h,0.024729340914654698,0.024729340914654698,1612
1,Tulkarem,no2,pm25,-120,-2 h,0.024729340914654695,0.024729340914654695,1612
1,Tulkarem,pm25,no2,180,+3 h,-0.02363097448058737,0.02363097448058737,1608
1,Tulkarem,no2,pm25,-180,-3 h,-0.02363097448058737,0.02363097448058737,1608
1,Tulkarem,o3,pm25,360,+6 h,-0.023253274803014253,0.023253274803014253,1597
1,Tulkarem,pm25,o3,-360,-6 h,-0.02325327480301425,0.02325327480301425,1597
1,Tulkarem,pm25,o3,30,+30 min,0.02050999012523679,0.02050999012523679,1618
1,Tulkarem,o3,pm25,-30,-30 min,0.020509990125236785,0.020509990125236785,1618
1,Tulkarem,aqi,no2,180,+3 h,-0.01929318644482069,0.01929318644482069,1609
1,Tulkarem,no2,aqi,-180,-3 h,-0.019293186444820688,0.019293186444820688,1609
5,Nablus,aqi,temperature,-360,-6 h,0.01665176364085031,0.01665176364085031,777
5,Nablus,temperature,aqi,360,+6 h,0.016651763640850307,0.016651763640850307,777
1,Tulkarem,humidity,o3,180,+3 h,0.013729174419990779,0.013729174419990779,1608
1,Tulkarem,o3,humidity,-180,-3 h,0.013729174419990779,0.013729174419990779,1608
1,Tulkarem,aqi,o3,30,+30 min,-0.012269988202999902,0.012269988202999902,1619
1,Tulkarem,o3,aqi,-30,-30 min,-0.0122699882029999,0.0122699882029999,1619
4,Nablus,aqi,temperature,-360,-6 h,-0.011639425909937889,0.011639425909937889,1566
4,Nablus,temperature,aqi,360,+6 h,-0.011639425909937889,0.011639425909937889,1566
4,Nablus,temperature,humidity,360,+6 h,-0.008105076329112186,0.008105076329112186,1566
4,Nablus,humidity,temperature,-360,-6 h,-0.008105076329112186,0.008105076329112186,1566
5,Nablus,pm25,temperature,-360,-6 h,-0.006785204587952998,0.006785204587952998,777
5,Nablus,temperature,pm25,360,+6 h,-0.0067852045879529975,0.0067852045879529975,777
1,Tulkarem,pm25,o3,15,+15 min,-0.00508538846261394,0.00508538846261394,1619
1,Tulkarem,o3,pm25,-15,-15 min,-0.005085388462613939,0.005085388462613939,1619
