scope_type,scope_value,source_feature,target_feature,mutual_information,pearson,spearman,n_observations
global,All sensors,aqi,pm25,4.755904063763618,0.799731247103574,0.9554305811466236,5635
global,All sensors,pm25,aqi,4.750536203912831,0.799731247103574,0.9554305811466236,5635
sensor,4,pm25,aqi,4.653023400769944,0.8519216146247541,0.9617450850687664,1597
sensor,4,aqi,pm25,4.647569414217603,0.8519216146247541,0.9617450850687664,1597
sensor,2,pm25,aqi,4.640064639840686,0.7858697065426276,0.9262877693267016,1582
sensor,2,aqi,pm25,4.638034231276329,0.7858697065426276,0.9262877693267016,1582
sensor,1,pm25,aqi,4.562493403773162,0.8671106656914116,0.9945948936306795,1627
sensor,1,aqi,pm25,4.561942642568771,0.8671106656914116,0.9945948936306795,1627
sensor,5,aqi,pm25,4.354332474270807,0.7345603270629711,0.8925719999415984,829
sensor,5,pm25,aqi,4.351795633410423,0.7345603270629711,0.8925719999415984,829
sensor,5,temperature,humidity,1.362396031853896,-0.9565764037865233,-0.871073395812091,829
sensor,5,humidity,temperature,1.361300556427374,-0.9565764037865233,-0.871073395812091,829
sensor,4,temperature,humidity,1.3315891149939998,-0.7849990273601547,-0.8528549242299134,1597
sensor,4,humidity,temperature,1.3305128559936592,-0.7849990273601547,-0.8528549242299134,1597
sensor,1,temperature,humidity,1.0741155163066107,-0.9013228513312944,-0.8232816867326644,1627
sensor,1,humidity,temperature,1.0740324813069009,-0.9013228513312944,-0.8232816867326644,1627
sensor,2,temperature,humidity,1.064033690398114,-0.7761041168650554,-0.8359332842824405,1582
sensor,2,humidity,temperature,1.0630373832932545,-0.7761041168650554,-0.8359332842824405,1582
global,All sensors,temperature,humidity,0.881209296281674,-0.716320255380078,-0.6997803184434565,5635
global,All sensors,humidity,temperature,0.8807781163430555,-0.716320255380078,-0.6997803184434563,5635
sensor,4,pm25,humidity,0.7687339847660071,0.7341912594255933,0.7836079232456575,1597
sensor,4,humidity,pm25,0.7686170883891275,0.7341912594255934,0.7836079232456575,1597
sensor,2,humidity,pm25,0.7380940685368267,0.7383005147859452,0.7757037038844499,1582
sensor,2,pm25,humidity,0.7377475926476458,0.7383005147859452,0.7757037038844499,1582
sensor,4,aqi,humidity,0.6989351694551904,0.7276547195170705,0.7601354458148044,1597
sensor,4,humidity,aqi,0.6953930673017465,0.7276547195170705,0.7601354458148044,1597
sensor,4,temperature,pm25,0.6514341491241677,-0.5132379081206621,-0.5436226964146554,1597
sensor,4,pm25,temperature,0.6512050018492381,-0.5132379081206621,-0.5436226964146554,1597
sensor,2,aqi,humidity,0.6366848615619833,0.6898177502940276,0.706414352819921,1582
sensor,2,humidity,aqi,0.6317605682533602,0.6898177502940276,0.706414352819921,1582
sensor,5,pm25,humidity,0.603959782221569,0.6290065382543151,0.7212312007552927,829
sensor,5,humidity,pm25,0.6032961105555636,0.6290065382543151,0.7212312007552927,829
sensor,4,temperature,aqi,0.6011966720927293,-0.5023751036314734,-0.523471456155612,1597
sensor,4,aqi,temperature,0.5972464818930687,-0.5023751036314734,-0.5234714561556119,1597
sensor,1,temperature,no2,0.5222224422072781,-0.5585927235987469,-0.6375955117737544,1628
global,All sensors,temperature,no2,0.5222224422072781,-0.5585927235987469,-0.6375955117737544,1628
global,All sensors,no2,temperature,0.5195024508945432,-0.5585927235987469,-0.6375955117737545,1628
sensor,1,no2,temperature,0.5195024508945432,-0.5585927235987469,-0.6375955117737545,1628
sensor,5,pm25,temperature,0.4955121078206264,-0.4792644950757487,-0.48349303724864345,829
sensor,5,temperature,pm25,0.4954845230773963,-0.47926449507574875,-0.48349303724864345,829
sensor,2,pm25,temperature,0.4890311850594875,-0.5367733536451671,-0.5179701679101537,1582
sensor,2,temperature,pm25,0.4874999759369669,-0.5367733536451671,-0.5179701679101537,1582
sensor,5,humidity,aqi,0.4861468297548992,0.5967119440921902,0.6170065240804713,829
global,All sensors,humidity,no2,0.48036204009127115,0.5231501029024291,0.5753938333397086,1627
sensor,1,humidity,no2,0.48036204009127115,0.5231501029024291,0.5753938333397086,1627
global,All sensors,no2,humidity,0.47864208291401766,0.5231501029024291,0.5753938333397085,1627
sensor,1,no2,humidity,0.47864208291401766,0.5231501029024291,0.5753938333397085,1627
sensor,5,aqi,humidity,0.47661190141770904,0.5967119440921902,0.6170065240804713,829
global,All sensors,humidity,pm25,0.4746859086111286,0.66888244264873,0.7021866237197366,5635
global,All sensors,pm25,humidity,0.4746529465812639,0.6688824426487301,0.7021866237197366,5635
sensor,2,aqi,temperature,0.3973206820294162,-0.46815540786695076,-0.4511212490187402,1582
global,All sensors,aqi,humidity,0.39261041358262094,0.6185960334510469,0.6569955226085301,5635
global,All sensors,humidity,aqi,0.3922080922972606,0.6185960334510469,0.6569955226085301,5635
sensor,1,o3,no2,0.39201870212879264,-0.6763142357506958,-0.6908184146269125,1628
global,All sensors,o3,no2,0.39201870212879264,-0.6763142357506958,-0.6908184146269125,1628
global,All sensors,no2,o3,0.3907041926548822,-0.6763142357506958,-0.6908184146269126,1628
sensor,1,no2,o3,0.3907041926548822,-0.6763142357506958,-0.6908184146269126,1628
sensor,5,temperature,aqi,0.3875461214949185,-0.4802668714109861,-0.46384000737503395,829
sensor,2,temperature,aqi,0.38435321878889406,-0.4681554078669507,-0.4511212490187402,1582
sensor,1,aqi,humidity,0.3796025159842147,0.4503266981267951,0.48833765905059484,1627
sensor,1,pm25,humidity,0.37913195998501514,0.47805338289670896,0.48994444375067775,1627
sensor,1,humidity,pm25,0.37831702050891636,0.47805338289670896,0.48994444375067775,1627
sensor,1,humidity,aqi,0.378139108735013,0.45032669812679516,0.48833765905059484,1627
sensor,5,aqi,temperature,0.37747555005011524,-0.4802668714109861,-0.46384000737503395,829
global,All sensors,o3,temperature,0.3523427680286435,0.4040353674278119,0.488736833082624,1628
sensor,1,o3,temperature,0.3523427680286435,0.4040353674278119,0.488736833082624,1628
sensor,1,temperature,o3,0.3517108852711708,0.4040353674278119,0.488736833082624,1628
global,All sensors,temperature,o3,0.3517108852711708,0.4040353674278119,0.488736833082624,1628
sensor,1,temperature,aqi,0.297061806953705,-0.29891863060814766,-0.2748745397564352,1628
sensor,1,aqi,temperature,0.2925708613333713,-0.2989186306081476,-0.2748745397564352,1628
sensor,1,pm25,temperature,0.2906762404379304,-0.3280029778786028,-0.27728148880252956,1627
sensor,1,temperature,pm25,0.2900379502819588,-0.32800297787860283,-0.27728148880252956,1627
global,All sensors,pm25,temperature,0.2763097060157751,-0.325235273325466,-0.3568881705026192,5635
global,All sensors,temperature,pm25,0.2763069055728353,-0.325235273325466,-0.3568881705026191,5635
sensor,1,humidity,o3,0.2649610230348749,-0.3699658794878814,-0.3942319434851353,1627
global,All sensors,humidity,o3,0.2649610230348749,-0.3699658794878814,-0.3942319434851353,1627
global,All sensors,o3,humidity,0.26463762205793806,-0.3699658794878814,-0.3942319434851353,1627
sensor,1,o3,humidity,0.26463762205793806,-0.3699658794878814,-0.3942319434851353,1627
global,All sensors,temperature,aqi,0.2382208460414894,-0.33047088492571886,-0.34658110994792696,5636
global,All sensors,aqi,temperature,0.2351464162176784,-0.33047088492571886,-0.34658110994792696,5636
sensor,1,aqi,no2,0.11622324304034848,0.23585727411530194,0.22319402231604615,1628
global,All sensors,aqi,no2,0.11622324304034848,0.23585727411530194,0.22319402231604615,1628
global,All sensors,no2,pm25,0.11450478766818284,0.21484156824352824,0.22193348258396273,1627
sensor,1,no2,pm25,0.11450478766818284,0.21484156824352824,0.22193348258396273,1627
sensor,1,pm25,no2,0.1134903412741739,0.2148415682435282,0.22193348258396275,1627
global,All sensors,pm25,no2,0.1134903412741739,0.2148415682435282,0.22193348258396275,1627
global,All sensors,o3,pm25,0.10394037696482261,-0.03245429535615829,-0.030263905398221304,1627
sensor,1,o3,pm25,0.10394037696482261,-0.03245429535615829,-0.030263905398221304,1627
sensor,1,pm25,o3,0.10390264824146467,-0.03245429535615829,-0.030263905398221304,1627
global,All sensors,pm25,o3,0.10390264824146467,-0.03245429535615829,-0.030263905398221304,1627
global,All sensors,o3,aqi,0.10150897593043862,-0.05609965501831454,-0.032770727789126,1628
sensor,1,o3,aqi,0.10150897593043862,-0.05609965501831454,-0.032770727789126,1628
sensor,1,no2,aqi,0.1006769538840353,0.23585727411530194,0.22319402231604613,1628
global,All sensors,no2,aqi,0.1006769538840353,0.23585727411530194,0.22319402231604613,1628
global,All sensors,aqi,o3,0.09680883518220185,-0.05609965501831454,-0.032770727789126,1628
sensor,1,aqi,o3,0.09680883518220185,-0.05609965501831454,-0.032770727789126,1628
