sensor_id,site,start_timestamp,end_timestamp,event_type,channel,severity,duration_minutes,evidence,message,alert_recommended
1,Tulkarem Municipality,2026-08-06T07:00:00+00:00,2026-08-06T07:00:00+00:00,jump,pm25,warning,0.0,"{""first"":{""absolute_change"":3.4800000000000004,""threshold"":2.7521599999999484,""reference_differences"":27,""method"":""max(median+8*MAD, Q3+3*IQR, resolution)""},""last"":{""absolute_change"":3.4800000000000004,""threshold"":2.7521599999999484,""reference_differences"":27,""method"":""max(median+8*MAD, Q3+3*IQR, resolution)""},""evaluations"":1}","pm25 changed by 3.48, above its causal robust threshold 2.75.",True
1,Tulkarem Municipality,2026-08-06T16:15:00+00:00,2026-08-06T16:15:00+00:00,jump,temperature,warning,0.0,"{""first"":{""absolute_change"":1.9899999999999984,""threshold"":1.9148159999999952,""reference_differences"":64,""method"":""max(median+8*MAD, Q3+3*IQR, resolution)""},""last"":{""absolute_change"":1.9899999999999984,""threshold"":1.9148159999999952,""reference_differences"":64,""method"":""max(median+8*MAD, Q3+3*IQR, resolution)""},""evaluations"":1}","temperature changed by 1.99, above its causal robust threshold 1.91.",True
5,Hisham Hijjawi College of Technology,2026-08-06T21:30:00+00:00,2026-08-06T21:45:00+00:00,jump,pm25,warning,15.0,"{""first"":{""absolute_change"":14.749999999999996,""threshold"":5.29710400000001,""reference_differences"":48,""method"":""max(median+8*MAD, Q3+3*IQR, resolution)""},""last"":{""absolute_change"":12.409999999999997,""threshold"":5.6929280000000455,""reference_differences"":49,""method"":""max(median+8*MAD, Q3+3*IQR, resolution)""},""evaluations"":2}","pm25 changed by 12.41, above its causal robust threshold 5.69.",True
1,Tulkarem Municipality,2026-08-07T01:00:00+00:00,2026-08-07T01:00:00+00:00,jump,pm25,warning,0.0,"{""first"":{""absolute_change"":9.580000000000002,""threshold"":3.216591999999982,""reference_differences"":99,""method"":""max(median+8*MAD, Q3+3*IQR, resolution)""},""last"":{""absolute_change"":9.580000000000002,""threshold"":3.216591999999982,""reference_differences"":99,""method"":""max(median+8*MAD, Q3+3*IQR, resolution)""},""evaluations"":1}","pm25 changed by 9.58, above its causal robust threshold 3.22.",True
1,Tulkarem Municipality,2026-08-07T01:30:00+00:00,2026-08-07T01:30:00+00:00,sampling_gap,,warning,0.0,"{""first"":{""gap_minutes"":30.0,""missed_intervals"":1},""last"":{""gap_minutes"":30.0,""missed_intervals"":1},""evaluations"":1}",Sensor missed 1 expected reporting interval(s).,True
2,ANNU New Campus,2026-08-07T01:30:00+00:00,2026-08-07T01:30:00+00:00,sampling_gap,,warning,0.0,"{""first"":{""gap_minutes"":30.0,""missed_intervals"":1},""last"":{""gap_minutes"":30.0,""missed_intervals"":1},""evaluations"":1}",Sensor missed 1 expected reporting interval(s).,True
4,ANNU Old Campus,2026-08-07T01:30:00+00:00,2026-08-07T01:30:00+00:00,sampling_gap,,warning,0.0,"{""first"":{""gap_minutes"":30.0,""missed_intervals"":1},""last"":{""gap_minutes"":30.0,""missed_intervals"":1},""evaluations"":1}",Sensor missed 1 expected reporting interval(s).,True
5,Hisham Hijjawi College of Technology,2026-08-07T01:30:00+00:00,2026-08-07T01:30:00+00:00,sampling_gap,,warning,0.0,"{""first"":{""gap_minutes"":30.0,""missed_intervals"":1},""last"":{""gap_minutes"":30.0,""missed_intervals"":1},""evaluations"":1}",Sensor missed 1 expected reporting interval(s).,True
1,Tulkarem Municipality,2026-08-07T14:30:00+00:00,2026-08-07T14:30:00+00:00,jump,pm25,warning,0.0,"{""first"":{""absolute_change"":4.949999999999999,""threshold"":4.286848000000026,""reference_differences"":51,""method"":""max(median+8*MAD, Q3+3*IQR, resolution)""},""last"":{""absolute_change"":4.949999999999999,""threshold"":4.286848000000026,""reference_differences"":51,""method"":""max(median+8*MAD, Q3+3*IQR, resolution)""},""evaluations"":1}","pm25 changed by 4.95, above its causal robust threshold 4.29.",True
1,Tulkarem Municipality,2026-08-07T15:30:00+00:00,2026-08-07T15:30:00+00:00,jump,no2,warning,0.0,"{""first"":{""absolute_change"":0.16000000000000014,""threshold"":0.1286080000000201,""reference_differences"":55,""method"":""max(median+8*MAD, Q3+3*IQR, resolution)""},""last"":{""absolute_change"":0.16000000000000014,""threshold"":0.1286080000000201,""reference_differences"":55,""method"":""max(median+8*MAD, Q3+3*IQR, resolution)""},""evaluations"":1}","no2 changed by 0.16, above its causal robust threshold 0.13.",True
1,Tulkarem Municipality,2026-08-07T16:00:00+00:00,2026-08-07T16:00:00+00:00,abnormal_noise,no2,warning,0.0,"{""first"":{""recent_difference_mad"":0.06671699999999989,""reference_difference_mad"":0.014825999999999683,""variability_ratio"":4.500000000000089,""sign_changes"":5,""window_samples"":8},""last"":{""recent_difference_mad"":0.06671699999999989,""reference_difference_mad"":0.014825999999999683,""variability_ratio"":4.500000000000089,""sign_changes"":5,""window_samples"":8},""evaluations"":1}",no2 is rapidly oscillating above its historical variability.,True
1,Tulkarem Municipality,2026-08-08T05:15:00+00:00,2026-08-08T05:15:00+00:00,jump,pm25,warning,0.0,"{""first"":{""absolute_change"":6.370000000000001,""threshold"":3.4988079999999973,""reference_differences"":110,""method"":""max(median+8*MAD, Q3+3*IQR, resolution)""},""last"":{""absolute_change"":6.370000000000001,""threshold"":3.4988079999999973,""reference_differences"":110,""method"":""max(median+8*MAD, Q3+3*IQR, resolution)""},""evaluations"":1}","pm25 changed by 6.37, above its causal robust threshold 3.50.",True
1,Tulkarem Municipality,2026-08-08T05:45:00+00:00,2026-08-08T05:45:00+00:00,jump,pm25,warning,0.0,"{""first"":{""absolute_change"":3.830000000000002,""threshold"":3.4988079999999973,""reference_differences"":112,""method"":""max(median+8*MAD, Q3+3*IQR, resolution)""},""last"":{""absolute_change"":3.830000000000002,""threshold"":3.4988079999999973,""reference_differences"":112,""method"":""max(median+8*MAD, Q3+3*IQR, resolution)""},""evaluations"":1}","pm25 changed by 3.83, above its causal robust threshold 3.50.",True
4,ANNU Old Campus,2026-08-08T06:15:00+00:00,2026-08-08T06:15:00+00:00,jump,pm25,warning,0.0,"{""first"":{""absolute_change"":7.240000000000002,""threshold"":4.7562800000000065,""reference_differences"":114,""method"":""max(median+8*MAD, Q3+3*IQR, resolution)""},""last"":{""absolute_change"":7.240000000000002,""threshold"":4.7562800000000065,""reference_differences"":114,""method"":""max(median+8*MAD, Q3+3*IQR, resolution)""},""evaluations"":1}","pm25 changed by 7.24, above its causal robust threshold 4.76.",True
1,Tulkarem Municipality,2026-08-08T11:45:00+00:00,2026-08-08T11:45:00+00:00,abnormal_noise,no2,warning,0.0,"{""first"":{""recent_difference_mad"":0.06671699999999857,""reference_difference_mad"":0.014825999999999683,""variability_ratio"":4.5,""sign_changes"":6,""window_samples"":8},""last"":{""recent_difference_mad"":0.06671699999999857,""reference_difference_mad"":0.014825999999999683,""variability_ratio"":4.5,""sign_changes"":6,""window_samples"":8},""evaluations"":1}",no2 is rapidly oscillating above its historical variability.,True
5,Hisham Hijjawi College of Technology,2026-08-08T13:45:00+00:00,2026-08-08T14:00:00+00:00,jump,pm25,warning,15.0,"{""first"":{""absolute_change"":4.59,""threshold"":3.474503999999987,""reference_differences"":144,""method"":""max(median+8*MAD, Q3+3*IQR, resolution)""},""last"":{""absolute_change"":3.59,""threshold"":3.5338079999999756,""reference_differences"":145,""method"":""max(median+8*MAD, Q3+3*IQR, resolution)""},""evaluations"":2}","pm25 changed by 3.59, above its causal robust threshold 3.53.",True
1,Tulkarem Municipality,2026-08-08T14:45:00+00:00,2026-08-08T15:00:00+00:00,jump,temperature,warning,15.0,"{""first"":{""absolute_change"":1.4499999999999993,""threshold"":1.4003839999999832,""reference_differences"":148,""method"":""max(median+8*MAD, Q3+3*IQR, resolution)""},""last"":{""absolute_change"":1.5,""threshold"":1.4646879999999933,""reference_differences"":149,""method"":""max(median+8*MAD, Q3+3*IQR, resolution)""},""evaluations"":2}","temperature changed by 1.5, above its causal robust threshold 1.46.",True
1,Tulkarem Municipality,2026-08-08T15:00:00+00:00,2026-08-08T15:00:00+00:00,jump,no2,warning,0.0,"{""first"":{""absolute_change"":0.16999999999999993,""threshold"":0.12860799999999725,""reference_differences"":149,""method"":""max(median+8*MAD, Q3+3*IQR, resolution)""},""last"":{""absolute_change"":0.16999999999999993,""threshold"":0.12860799999999725,""reference_differences"":149,""method"":""max(median+8*MAD, Q3+3*IQR, resolution)""},""evaluations"":1}","no2 changed by 0.17, above its causal robust threshold 0.13.",True
2,ANNU New Campus,2026-08-08T16:15:00+00:00,2026-08-08T16:15:00+00:00,jump,temperature,warning,0.0,"{""first"":{""absolute_change"":2.0799999999999983,""threshold"":2.009120000000001,""reference_differences"":154,""method"":""max(median+8*MAD, Q3+3*IQR, resolution)""},""last"":{""absolute_change"":2.0799999999999983,""threshold"":2.009120000000001,""reference_differences"":154,""method"":""max(median+8*MAD, Q3+3*IQR, resolution)""},""evaluations"":1}","temperature changed by 2.08, above its causal robust threshold 2.01.",True
1,Tulkarem Municipality,2026-08-08T18:15:00+00:00,2026-08-08T18:15:00+00:00,sampling_gap,,warning,0.0,"{""first"":{""gap_minutes"":30.0,""missed_intervals"":1},""last"":{""gap_minutes"":30.0,""missed_intervals"":1},""evaluations"":1}",Sensor missed 1 expected reporting interval(s).,True
2,ANNU New Campus,2026-08-08T18:15:00+00:00,2026-08-08T18:15:00+00:00,sampling_gap,,warning,0.0,"{""first"":{""gap_minutes"":30.0,""missed_intervals"":1},""last"":{""gap_minutes"":30.0,""missed_intervals"":1},""evaluations"":1}",Sensor missed 1 expected reporting interval(s).,True
4,ANNU Old Campus,2026-08-08T18:15:00+00:00,2026-08-08T18:15:00+00:00,sampling_gap,,warning,0.0,"{""first"":{""gap_minutes"":30.0,""missed_intervals"":1},""last"":{""gap_minutes"":30.0,""missed_intervals"":1},""evaluations"":1}",Sensor missed 1 expected reporting interval(s).,True
5,Hisham Hijjawi College of Technology,2026-08-08T18:15:00+00:00,2026-08-08T18:15:00+00:00,sampling_gap,,warning,0.0,"{""first"":{""gap_minutes"":30.0,""missed_intervals"":1},""last"":{""gap_minutes"":30.0,""missed_intervals"":1},""evaluations"":1}",Sensor missed 1 expected reporting interval(s).,True
1,Tulkarem Municipality,2026-08-09T00:15:00+00:00,2026-08-09T00:15:00+00:00,sampling_gap,,warning,0.0,"{""first"":{""gap_minutes"":30.0,""missed_intervals"":1},""last"":{""gap_minutes"":30.0,""missed_intervals"":1},""evaluations"":1}",Sensor missed 1 expected reporting interval(s).,True
2,ANNU New Campus,2026-08-09T00:15:00+00:00,2026-08-09T00:15:00+00:00,sampling_gap,,warning,0.0,"{""first"":{""gap_minutes"":30.0,""missed_intervals"":1},""last"":{""gap_minutes"":30.0,""missed_intervals"":1},""evaluations"":1}",Sensor missed 1 expected reporting interval(s).,True
4,ANNU Old Campus,2026-08-09T00:15:00+00:00,2026-08-09T00:15:00+00:00,sampling_gap,,warning,0.0,"{""first"":{""gap_minutes"":30.0,""missed_intervals"":1},""last"":{""gap_minutes"":30.0,""missed_intervals"":1},""evaluations"":1}",Sensor missed 1 expected reporting interval(s).,True
5,Hisham Hijjawi College of Technology,2026-08-09T00:15:00+00:00,2026-08-09T00:15:00+00:00,sampling_gap,,warning,0.0,"{""first"":{""gap_minutes"":30.0,""missed_intervals"":1},""last"":{""gap_minutes"":30.0,""missed_intervals"":1},""evaluations"":1}",Sensor missed 1 expected reporting interval(s).,True
4,ANNU Old Campus,2026-08-09T06:30:00+00:00,2026-08-09T06:45:00+00:00,jump,humidity,warning,15.0,"{""first"":{""absolute_change"":6.300000000000004,""threshold"":2.352032000000077,""reference_differences"":24,""method"":""max(median+8*MAD, Q3+3*IQR, resolution)""},""last"":{""absolute_change"":4.0,""threshold"":2.8907680000001,""reference_differences"":25,""method"":""max(median+8*MAD, Q3+3*IQR, resolution)""},""evaluations"":2}","humidity changed by 4, above its causal robust threshold 2.89.",True
4,ANNU Old Campus,2026-08-09T06:30:00+00:00,2026-08-09T06:45:00+00:00,jump,temperature,warning,15.0,"{""first"":{""absolute_change"":2.0700000000000003,""threshold"":1.068864000000023,""reference_differences"":24,""method"":""max(median+8*MAD, Q3+3*IQR, resolution)""},""last"":{""absolute_change"":1.1999999999999993,""threshold"":1.1974719999999586,""reference_differences"":25,""method"":""max(median+8*MAD, Q3+3*IQR, resolution)""},""evaluations"":2}","temperature changed by 1.2, above its causal robust threshold 1.20.",True
4,ANNU Old Campus,2026-08-09T07:15:00+00:00,2026-08-09T07:15:00+00:00,jump,humidity,warning,0.0,"{""first"":{""absolute_change"":3.6300000000000026,""threshold"":3.415199999999834,""reference_differences"":27,""method"":""max(median+8*MAD, Q3+3*IQR, resolution)""},""last"":{""absolute_change"":3.6300000000000026,""threshold"":3.415199999999834,""reference_differences"":27,""method"":""max(median+8*MAD, Q3+3*IQR, resolution)""},""evaluations"":1}","humidity changed by 3.63, above its causal robust threshold 3.42.",True
5,Hisham Hijjawi College of Technology,2026-08-09T11:30:00+00:00,2026-08-09T12:15:00+00:00,missing_timestamp,,warning,45.0,"{""first"":{""gap_minutes"":30.0,""missed_intervals"":2},""last"":{""gap_minutes"":75.0,""missed_intervals"":5},""evaluations"":4}",No sensor row arrived at the expected timestamp; 5 interval(s) are missing.,True
5,Hisham Hijjawi College of Technology,2026-08-09T12:30:00+00:00,2026-08-09T13:45:00+00:00,major_sampling_gap,,critical,75.0,"{""first"":{""gap_minutes"":90.0,""missed_intervals"":6,""major_gap_threshold_minutes"":90},""last"":{""gap_minutes"":165.0,""missed_intervals"":11,""major_gap_threshold_minutes"":90},""evaluations"":6}",Sensor has a major reporting gap of 165 minutes.,True
5,Hisham Hijjawi College of Technology,2026-08-09T14:00:00+00:00,2026-08-17T10:00:00+00:00,offline,,critical,11280.0,"{""first"":{""gap_minutes"":180.0,""missed_intervals"":12,""offline_threshold_minutes"":180},""last"":{""gap_minutes"":11460.0,""missed_intervals"":764,""offline_threshold_minutes"":180},""evaluations"":753}",Sensor has not reported for 11460 minutes.,True
1,Tulkarem Municipality,2026-08-09T16:15:00+00:00,2026-08-09T16:15:00+00:00,jump,humidity,warning,0.0,"{""first"":{""absolute_change"":5.770000000000003,""threshold"":3.9882399999999656,""reference_differences"":63,""method"":""max(median+8*MAD, Q3+3*IQR, resolution)""},""last"":{""absolute_change"":5.770000000000003,""threshold"":3.9882399999999656,""reference_differences"":63,""method"":""max(median+8*MAD, Q3+3*IQR, resolution)""},""evaluations"":1}","humidity changed by 5.77, above its causal robust threshold 3.99.",True
1,Tulkarem Municipality,2026-08-09T16:15:00+00:00,2026-08-09T16:15:00+00:00,jump,temperature,warning,0.0,"{""first"":{""absolute_change"":2.5299999999999976,""threshold"":1.7219039999999879,""reference_differences"":63,""method"":""max(median+8*MAD, Q3+3*IQR, resolution)""},""last"":{""absolute_change"":2.5299999999999976,""threshold"":1.7219039999999879,""reference_differences"":63,""method"":""max(median+8*MAD, Q3+3*IQR, resolution)""},""evaluations"":1}","temperature changed by 2.53, above its causal robust threshold 1.72.",True
4,ANNU Old Campus,2026-08-09T16:45:00+00:00,2026-08-09T17:00:00+00:00,jump,humidity,warning,15.0,"{""first"":{""absolute_change"":5.399999999999999,""threshold"":5.078495999999883,""reference_differences"":65,""method"":""max(median+8*MAD, Q3+3*IQR, resolution)""},""last"":{""absolute_change"":5.409999999999997,""threshold"":5.261407999999885,""reference_differences"":66,""method"":""max(median+8*MAD, Q3+3*IQR, resolution)""},""evaluations"":2}","humidity changed by 5.41, above its causal robust threshold 5.26.",True
4,ANNU Old Campus,2026-08-09T19:30:00+00:00,2026-08-09T19:30:00+00:00,jump,humidity,warning,0.0,"{""first"":{""absolute_change"":6.189999999999998,""threshold"":5.80514400000004,""reference_differences"":76,""method"":""max(median+8*MAD, Q3+3*IQR, resolution)""},""last"":{""absolute_change"":6.189999999999998,""threshold"":5.80514400000004,""reference_differences"":76,""method"":""max(median+8*MAD, Q3+3*IQR, resolution)""},""evaluations"":1}","humidity changed by 6.19, above its causal robust threshold 5.81.",True
1,Tulkarem Municipality,2026-08-09T22:30:00+00:00,2026-08-09T22:30:00+00:00,jump,o3,warning,0.0,"{""first"":{""absolute_change"":23.47,""threshold"":17.684736000000022,""reference_differences"":88,""method"":""max(median+8*MAD, Q3+3*IQR, resolution)""},""last"":{""absolute_change"":23.47,""threshold"":17.684736000000022,""reference_differences"":88,""method"":""max(median+8*MAD, Q3+3*IQR, resolution)""},""evaluations"":1}","o3 changed by 23.47, above its causal robust threshold 17.68.",True
1,Tulkarem Municipality,2026-08-09T22:30:00+00:00,2026-08-09T22:30:00+00:00,jump,pm25,warning,0.0,"{""first"":{""absolute_change"":7.5,""threshold"":4.186848000000005,""reference_differences"":88,""method"":""max(median+8*MAD, Q3+3*IQR, resolution)""},""last"":{""absolute_change"":7.5,""threshold"":4.186848000000005,""reference_differences"":88,""method"":""max(median+8*MAD, Q3+3*IQR, resolution)""},""evaluations"":1}","pm25 changed by 7.5, above its causal robust threshold 4.19.",True
1,Tulkarem Municipality,2026-08-10T04:30:00+00:00,2026-08-10T04:30:00+00:00,abnormal_noise,humidity,warning,0.0,"{""first"":{""recent_difference_mad"":2.3943989999999977,""reference_difference_mad"":0.5930400000000084,""variability_ratio"":4.037499999999938,""sign_changes"":5,""window_samples"":8},""last"":{""recent_difference_mad"":2.3943989999999977,""reference_difference_mad"":0.5930400000000084,""variability_ratio"":4.037499999999938,""sign_changes"":5,""window_samples"":8},""evaluations"":1}",humidity is rapidly oscillating above its historical variability.,True
1,Tulkarem Municipality,2026-08-10T04:45:00+00:00,2026-08-10T04:45:00+00:00,jump,humidity,warning,0.0,"{""first"":{""absolute_change"":4.810000000000002,""threshold"":3.781024000000014,""reference_differences"":113,""method"":""max(median+8*MAD, Q3+3*IQR, resolution)""},""last"":{""absolute_change"":4.810000000000002,""threshold"":3.781024000000014,""reference_differences"":113,""method"":""max(median+8*MAD, Q3+3*IQR, resolution)""},""evaluations"":1}","humidity changed by 4.81, above its causal robust threshold 3.78.",True
1,Tulkarem Municipality,2026-08-10T05:15:00+00:00,2026-08-10T05:15:00+00:00,jump,humidity,warning,0.0,"{""first"":{""absolute_change"":4.75,""threshold"":4.028239999999965,""reference_differences"":115,""method"":""max(median+8*MAD, Q3+3*IQR, resolution)""},""last"":{""absolute_change"":4.75,""threshold"":4.028239999999965,""reference_differences"":115,""method"":""max(median+8*MAD, Q3+3*IQR, resolution)""},""evaluations"":1}","humidity changed by 4.75, above its causal robust threshold 4.03.",True
1,Tulkarem Municipality,2026-08-10T06:00:00+00:00,2026-08-10T06:00:00+00:00,abnormal_noise,pm25,warning,0.0,"{""first"":{""recent_difference_mad"":3.8176950000000014,""reference_difference_mad"":0.6819959999999986,""variability_ratio"":5.597826086956535,""sign_changes"":5,""window_samples"":8},""last"":{""recent_difference_mad"":3.8176950000000014,""reference_difference_mad"":0.6819959999999986,""variability_ratio"":5.597826086956535,""sign_changes"":5,""window_samples"":8},""evaluations"":1}",pm25 is rapidly oscillating above its historical variability.,True
1,Tulkarem Municipality,2026-08-10T07:00:00+00:00,2026-08-10T07:00:00+00:00,jump,humidity,warning,0.0,"{""first"":{""absolute_change"":4.850000000000001,""threshold"":4.305455999999962,""reference_differences"":122,""method"":""max(median+8*MAD, Q3+3*IQR, resolution)""},""last"":{""absolute_change"":4.850000000000001,""threshold"":4.305455999999962,""reference_differences"":122,""method"":""max(median+8*MAD, Q3+3*IQR, resolution)""},""evaluations"":1}","humidity changed by 4.85, above its causal robust threshold 4.31.",True
1,Tulkarem Municipality,2026-08-10T14:45:00+00:00,2026-08-10T14:45:00+00:00,jump,temperature,warning,0.0,"{""first"":{""absolute_change"":1.4600000000000009,""threshold"":1.3260799999999717,""reference_differences"":153,""method"":""max(median+8*MAD, Q3+3*IQR, resolution)""},""last"":{""absolute_change"":1.4600000000000009,""threshold"":1.3260799999999717,""reference_differences"":153,""method"":""max(median+8*MAD, Q3+3*IQR, resolution)""},""evaluations"":1}","temperature changed by 1.46, above its causal robust threshold 1.33.",True
1,Tulkarem Municipality,2026-08-10T16:15:00+00:00,2026-08-10T16:15:00+00:00,sampling_gap,,warning,0.0,"{""first"":{""gap_minutes"":30.0,""missed_intervals"":1},""last"":{""gap_minutes"":30.0,""missed_intervals"":1},""evaluations"":1}",Sensor missed 1 expected reporting interval(s).,True
2,ANNU New Campus,2026-08-10T16:15:00+00:00,2026-08-10T16:15:00+00:00,sampling_gap,,warning,0.0,"{""first"":{""gap_minutes"":30.0,""missed_intervals"":1},""last"":{""gap_minutes"":30.0,""missed_intervals"":1},""evaluations"":1}",Sensor missed 1 expected reporting interval(s).,True
4,ANNU Old Campus,2026-08-10T16:15:00+00:00,2026-08-10T16:15:00+00:00,sampling_gap,,warning,0.0,"{""first"":{""gap_minutes"":30.0,""missed_intervals"":1},""last"":{""gap_minutes"":30.0,""missed_intervals"":1},""evaluations"":1}",Sensor missed 1 expected reporting interval(s).,True
1,Tulkarem Municipality,2026-08-10T23:15:00+00:00,2026-08-10T23:15:00+00:00,jump,o3,warning,0.0,"{""first"":{""absolute_change"":17.33,""threshold"":11.208384000000043,""reference_differences"":27,""method"":""max(median+8*MAD, Q3+3*IQR, resolution)""},""last"":{""absolute_change"":17.33,""threshold"":11.208384000000043,""reference_differences"":27,""method"":""max(median+8*MAD, Q3+3*IQR, resolution)""},""evaluations"":1}","o3 changed by 17.33, above its causal robust threshold 11.21.",True
2,ANNU New Campus,2026-08-11T01:00:00+00:00,2026-08-11T01:15:00+00:00,jump,pm25,warning,15.0,"{""first"":{""absolute_change"":8.4,""threshold"":2.227032,""reference_differences"":34,""method"":""max(median+8*MAD, Q3+3*IQR, resolution)""},""last"":{""absolute_change"":8.55,""threshold"":2.2863359999999986,""reference_differences"":35,""method"":""max(median+8*MAD, Q3+3*IQR, resolution)""},""evaluations"":2}","pm25 changed by 8.55, above its causal robust threshold 2.29.",True
4,ANNU Old Campus,2026-08-11T03:45:00+00:00,2026-08-11T03:45:00+00:00,jump,pm25,warning,0.0,"{""first"":{""absolute_change"":1.7200000000000006,""threshold"":1.6632960000000119,""reference_differences"":45,""method"":""max(median+8*MAD, Q3+3*IQR, resolution)""},""last"":{""absolute_change"":1.7200000000000006,""threshold"":1.6632960000000119,""reference_differences"":45,""method"":""max(median+8*MAD, Q3+3*IQR, resolution)""},""evaluations"":1}","pm25 changed by 1.72, above its causal robust threshold 1.66.",True
1,Tulkarem Municipality,2026-08-11T04:00:00+00:00,2026-08-11T04:00:00+00:00,jump,no2,warning,0.0,"{""first"":{""absolute_change"":0.03999999999999915,""threshold"":0.03999999999999915,""reference_differences"":46,""method"":""max(median+8*MAD, Q3+3*IQR, resolution)""},""last"":{""absolute_change"":0.03999999999999915,""threshold"":0.03999999999999915,""reference_differences"":46,""method"":""max(median+8*MAD, Q3+3*IQR, resolution)""},""evaluations"":1}","no2 changed by 0.04, above its causal robust threshold 0.04.",True
1,Tulkarem Municipality,2026-08-11T04:15:00+00:00,2026-08-11T04:30:00+00:00,jump,pm25,warning,15.0,"{""first"":{""absolute_change"":12.790000000000003,""threshold"":9.27255999999999,""reference_differences"":47,""method"":""max(median+8*MAD, Q3+3*IQR, resolution)""},""last"":{""absolute_change"":21.37,""threshold"":9.653384000000004,""reference_differences"":48,""method"":""max(median+8*MAD, Q3+3*IQR, resolution)""},""evaluations"":2}","pm25 changed by 21.37, above its causal robust threshold 9.65.",True
4,ANNU Old Campus,2026-08-11T04:45:00+00:00,2026-08-11T05:00:00+00:00,jump,pm25,warning,15.0,"{""first"":{""absolute_change"":3.5700000000000003,""threshold"":1.9005119999999858,""reference_differences"":49,""method"":""max(median+8*MAD, Q3+3*IQR, resolution)""},""last"":{""absolute_change"":2.91,""threshold"":1.9005119999999964,""reference_differences"":50,""method"":""max(median+8*MAD, Q3+3*IQR, resolution)""},""evaluations"":2}","pm25 changed by 2.91, above its causal robust threshold 1.90.",True
2,ANNU New Campus,2026-08-11T10:45:00+00:00,2026-08-11T11:00:00+00:00,jump,pm25,warning,15.0,"{""first"":{""absolute_change"":3.16,""threshold"":2.5235520000000147,""reference_differences"":73,""method"":""max(median+8*MAD, Q3+3*IQR, resolution)""},""last"":{""absolute_change"":3.969999999999999,""threshold"":2.5828560000000027,""reference_differences"":74,""method"":""max(median+8*MAD, Q3+3*IQR, resolution)""},""evaluations"":2}","pm25 changed by 3.97, above its causal robust threshold 2.58.",True
4,ANNU Old Campus,2026-08-11T10:45:00+00:00,2026-08-11T10:45:00+00:00,jump,pm25,warning,0.0,"{""first"":{""absolute_change"":2.370000000000001,""threshold"":1.9005120000000069,""reference_differences"":73,""method"":""max(median+8*MAD, Q3+3*IQR, resolution)""},""last"":{""absolute_change"":2.370000000000001,""threshold"":1.9005120000000069,""reference_differences"":73,""method"":""max(median+8*MAD, Q3+3*IQR, resolution)""},""evaluations"":1}","pm25 changed by 2.37, above its causal robust threshold 1.90.",True
1,Tulkarem Municipality,2026-08-11T14:45:00+00:00,2026-08-11T14:45:00+00:00,jump,temperature,warning,0.0,"{""first"":{""absolute_change"":1.5699999999999967,""threshold"":1.3360799999999733,""reference_differences"":89,""method"":""max(median+8*MAD, Q3+3*IQR, resolution)""},""last"":{""absolute_change"":1.5699999999999967,""threshold"":1.3360799999999733,""reference_differences"":89,""method"":""max(median+8*MAD, Q3+3*IQR, resolution)""},""evaluations"":1}","temperature changed by 1.57, above its causal robust threshold 1.34.",True
4,ANNU Old Campus,2026-08-11T16:00:00+00:00,2026-08-11T16:45:00+00:00,jump,temperature,warning,45.0,"{""first"":{""absolute_change"":2.3699999999999974,""threshold"":1.9148160000000374,""reference_differences"":94,""method"":""max(median+8*MAD, Q3+3*IQR, resolution)""},""last"":{""absolute_change"":2.3599999999999994,""threshold"":1.9891199999999838,""reference_differences"":97,""method"":""max(median+8*MAD, Q3+3*IQR, resolution)""},""evaluations"":4}","temperature changed by 2.36, above its causal robust threshold 1.99.",True
1,Tulkarem Municipality,2026-08-11T16:15:00+00:00,2026-08-11T16:15:00+00:00,jump,temperature,warning,0.0,"{""first"":{""absolute_change"":2.4499999999999993,""threshold"":1.4646879999999933,""reference_differences"":95,""method"":""max(median+8*MAD, Q3+3*IQR, resolution)""},""last"":{""absolute_change"":2.4499999999999993,""threshold"":1.4646879999999933,""reference_differences"":95,""method"":""max(median+8*MAD, Q3+3*IQR, resolution)""},""evaluations"":1}","temperature changed by 2.45, above its causal robust threshold 1.46.",True
2,ANNU New Campus,2026-08-11T16:15:00+00:00,2026-08-11T16:45:00+00:00,jump,temperature,warning,30.0,"{""first"":{""absolute_change"":1.5600000000000023,""threshold"":1.0888639999999803,""reference_differences"":95,""method"":""max(median+8*MAD, Q3+3*IQR, resolution)""},""last"":{""absolute_change"":1.1600000000000001,""threshold"":1.0888639999999803,""reference_differences"":97,""method"":""max(median+8*MAD, Q3+3*IQR, resolution)""},""evaluations"":3}","temperature changed by 1.16, above its causal robust threshold 1.09.",True
4,ANNU Old Campus,2026-08-11T20:30:00+00:00,2026-08-11T20:30:00+00:00,jump,humidity,warning,0.0,"{""first"":{""absolute_change"":6.82,""threshold"":6.5660959999999875,""reference_differences"":112,""method"":""max(median+8*MAD, Q3+3*IQR, resolution)""},""last"":{""absolute_change"":6.82,""threshold"":6.5660959999999875,""reference_differences"":112,""method"":""max(median+8*MAD, Q3+3*IQR, resolution)""},""evaluations"":1}","humidity changed by 6.82, above its causal robust threshold 6.57.",True
1,Tulkarem Municipality,2026-08-12T14:45:00+00:00,2026-08-12T14:45:00+00:00,jump,temperature,warning,0.0,"{""first"":{""absolute_change"":1.3999999999999986,""threshold"":1.3460799999999749,""reference_differences"":185,""method"":""max(median+8*MAD, Q3+3*IQR, resolution)""},""last"":{""absolute_change"":1.3999999999999986,""threshold"":1.3460799999999749,""reference_differences"":185,""method"":""max(median+8*MAD, Q3+3*IQR, resolution)""},""evaluations"":1}","temperature changed by 1.4, above its causal robust threshold 1.35.",True
1,Tulkarem Municipality,2026-08-12T16:00:00+00:00,2026-08-12T16:00:00+00:00,jump,pm25,warning,0.0,"{""first"":{""absolute_change"":7.450000000000001,""threshold"":4.9584960000000065,""reference_differences"":190,""method"":""max(median+8*MAD, Q3+3*IQR, resolution)""},""last"":{""absolute_change"":7.450000000000001,""threshold"":4.9584960000000065,""reference_differences"":190,""method"":""max(median+8*MAD, Q3+3*IQR, resolution)""},""evaluations"":1}","pm25 changed by 7.45, above its causal robust threshold 4.96.",True
1,Tulkarem Municipality,2026-08-12T16:00:00+00:00,2026-08-12T16:30:00+00:00,jump,temperature,warning,30.0,"{""first"":{""absolute_change"":1.3900000000000006,""threshold"":1.3460799999999749,""reference_differences"":190,""method"":""max(median+8*MAD, Q3+3*IQR, resolution)""},""last"":{""absolute_change"":1.4200000000000017,""threshold"":1.346079999999996,""reference_differences"":192,""method"":""max(median+8*MAD, Q3+3*IQR, resolution)""},""evaluations"":3}","temperature changed by 1.42, above its causal robust threshold 1.35.",True
4,ANNU Old Campus,2026-08-12T16:00:00+00:00,2026-08-12T16:00:00+00:00,jump,temperature,warning,0.0,"{""first"":{""absolute_change"":2.1899999999999977,""threshold"":1.9791200000000244,""reference_differences"":190,""method"":""max(median+8*MAD, Q3+3*IQR, resolution)""},""last"":{""absolute_change"":2.1899999999999977,""threshold"":1.9791200000000244,""reference_differences"":190,""method"":""max(median+8*MAD, Q3+3*IQR, resolution)""},""evaluations"":1}","temperature changed by 2.19, above its causal robust threshold 1.98.",True
2,ANNU New Campus,2026-08-12T16:30:00+00:00,2026-08-12T16:30:00+00:00,jump,temperature,warning,0.0,"{""first"":{""absolute_change"":1.5300000000000011,""threshold"":1.410383999999962,""reference_differences"":192,""method"":""max(median+8*MAD, Q3+3*IQR, resolution)""},""last"":{""absolute_change"":1.5300000000000011,""threshold"":1.410383999999962,""reference_differences"":192,""method"":""max(median+8*MAD, Q3+3*IQR, resolution)""},""evaluations"":1}","temperature changed by 1.53, above its causal robust threshold 1.41.",True
4,ANNU Old Campus,2026-08-12T16:30:00+00:00,2026-08-12T16:45:00+00:00,jump,temperature,warning,15.0,"{""first"":{""absolute_change"":2.210000000000001,""threshold"":1.9791200000000702,""reference_differences"":192,""method"":""max(median+8*MAD, Q3+3*IQR, resolution)""},""last"":{""absolute_change"":2.450000000000003,""threshold"":1.9791200000000702,""reference_differences"":193,""method"":""max(median+8*MAD, Q3+3*IQR, resolution)""},""evaluations"":2}","temperature changed by 2.45, above its causal robust threshold 1.98.",True
1,Tulkarem Municipality,2026-08-12T16:45:00+00:00,2026-08-12T17:00:00+00:00,jump,pm25,warning,15.0,"{""first"":{""absolute_change"":14.780000000000001,""threshold"":5.235712000000006,""reference_differences"":193,""method"":""max(median+8*MAD, Q3+3*IQR, resolution)""},""last"":{""absolute_change"":12.530000000000001,""threshold"":5.359319999999972,""reference_differences"":194,""method"":""max(median+8*MAD, Q3+3*IQR, resolution)""},""evaluations"":2}","pm25 changed by 12.53, above its causal robust threshold 5.36.",True
1,Tulkarem Municipality,2026-08-12T17:30:00+00:00,2026-08-12T17:30:00+00:00,jump,pm25,warning,0.0,"{""first"":{""absolute_change"":18.539999999999996,""threshold"":5.364319999999993,""reference_differences"":196,""method"":""max(median+8*MAD, Q3+3*IQR, resolution)""},""last"":{""absolute_change"":18.539999999999996,""threshold"":5.364319999999993,""reference_differences"":196,""method"":""max(median+8*MAD, Q3+3*IQR, resolution)""},""evaluations"":1}","pm25 changed by 18.54, above its causal robust threshold 5.36.",True
1,Tulkarem Municipality,2026-08-12T18:15:00+00:00,2026-08-12T18:15:00+00:00,jump,pm25,warning,0.0,"{""first"":{""absolute_change"":7.59,""threshold"":5.6215359999999555,""reference_differences"":199,""method"":""max(median+8*MAD, Q3+3*IQR, resolution)""},""last"":{""absolute_change"":7.59,""threshold"":5.6215359999999555,""reference_differences"":199,""method"":""max(median+8*MAD, Q3+3*IQR, resolution)""},""evaluations"":1}","pm25 changed by 7.59, above its causal robust threshold 5.62.",True
2,ANNU New Campus,2026-08-12T19:30:00+00:00,2026-08-12T19:30:00+00:00,jump,humidity,warning,0.0,"{""first"":{""absolute_change"":7.609999999999999,""threshold"":7.46774400000004,""reference_differences"":204,""method"":""max(median+8*MAD, Q3+3*IQR, resolution)""},""last"":{""absolute_change"":7.609999999999999,""threshold"":7.46774400000004,""reference_differences"":204,""method"":""max(median+8*MAD, Q3+3*IQR, resolution)""},""evaluations"":1}","humidity changed by 7.61, above its causal robust threshold 7.47.",True
2,ANNU New Campus,2026-08-12T19:30:00+00:00,2026-08-12T19:30:00+00:00,jump,pm25,warning,0.0,"{""first"":{""absolute_change"":3.6900000000000013,""threshold"":3.503807999999997,""reference_differences"":204,""method"":""max(median+8*MAD, Q3+3*IQR, resolution)""},""last"":{""absolute_change"":3.6900000000000013,""threshold"":3.503807999999997,""reference_differences"":204,""method"":""max(median+8*MAD, Q3+3*IQR, resolution)""},""evaluations"":1}","pm25 changed by 3.69, above its causal robust threshold 3.50.",True
4,ANNU Old Campus,2026-08-12T19:30:00+00:00,2026-08-12T20:00:00+00:00,jump,humidity,warning,30.0,"{""first"":{""absolute_change"":10.21,""threshold"":5.522928000000001,""reference_differences"":204,""method"":""max(median+8*MAD, Q3+3*IQR, resolution)""},""last"":{""absolute_change"":7.770000000000003,""threshold"":5.651535999999999,""reference_differences"":206,""method"":""max(median+8*MAD, Q3+3*IQR, resolution)""},""evaluations"":3}","humidity changed by 7.77, above its causal robust threshold 5.65.",True
4,ANNU Old Campus,2026-08-12T19:30:00+00:00,2026-08-12T19:30:00+00:00,jump,pm25,warning,0.0,"{""first"":{""absolute_change"":3.8100000000000005,""threshold"":3.077983999999994,""reference_differences"":204,""method"":""max(median+8*MAD, Q3+3*IQR, resolution)""},""last"":{""absolute_change"":3.8100000000000005,""threshold"":3.077983999999994,""reference_differences"":204,""method"":""max(median+8*MAD, Q3+3*IQR, resolution)""},""evaluations"":1}","pm25 changed by 3.81, above its causal robust threshold 3.08.",True
2,ANNU New Campus,2026-08-12T20:45:00+00:00,2026-08-12T20:45:00+00:00,jump,humidity,warning,0.0,"{""first"":{""absolute_change"":8.229999999999997,""threshold"":7.809263999999979,""reference_differences"":209,""method"":""max(median+8*MAD, Q3+3*IQR, resolution)""},""last"":{""absolute_change"":8.229999999999997,""threshold"":7.809263999999979,""reference_differences"":209,""method"":""max(median+8*MAD, Q3+3*IQR, resolution)""},""evaluations"":1}","humidity changed by 8.23, above its causal robust threshold 7.81.",True
4,ANNU Old Campus,2026-08-12T23:30:00+00:00,2026-08-12T23:45:00+00:00,jump,pm25,warning,15.0,"{""first"":{""absolute_change"":4.74,""threshold"":3.1372879999999927,""reference_differences"":220,""method"":""max(median+8*MAD, Q3+3*IQR, resolution)""},""last"":{""absolute_change"":3.67,""threshold"":3.196591999999981,""reference_differences"":221,""method"":""max(median+8*MAD, Q3+3*IQR, resolution)""},""evaluations"":2}","pm25 changed by 3.67, above its causal robust threshold 3.20.",True
2,ANNU New Campus,2026-08-13T03:45:00+00:00,2026-08-13T04:00:00+00:00,jump,pm25,warning,15.0,"{""first"":{""absolute_change"":4.940000000000001,""threshold"":3.503807999999997,""reference_differences"":237,""method"":""max(median+8*MAD, Q3+3*IQR, resolution)""},""last"":{""absolute_change"":3.710000000000001,""threshold"":3.503807999999997,""reference_differences"":238,""method"":""max(median+8*MAD, Q3+3*IQR, resolution)""},""evaluations"":2}","pm25 changed by 3.71, above its causal robust threshold 3.50.",True
4,ANNU Old Campus,2026-08-13T04:00:00+00:00,2026-08-13T04:15:00+00:00,jump,pm25,warning,15.0,"{""first"":{""absolute_change"":4.09,""threshold"":3.2608960000000016,""reference_differences"":238,""method"":""max(median+8*MAD, Q3+3*IQR, resolution)""},""last"":{""absolute_change"":5.23,""threshold"":3.3251999999999993,""reference_differences"":239,""method"":""max(median+8*MAD, Q3+3*IQR, resolution)""},""evaluations"":2}","pm25 changed by 5.23, above its causal robust threshold 3.33.",True
4,ANNU Old Campus,2026-08-13T05:15:00+00:00,2026-08-13T05:30:00+00:00,jump,pm25,warning,15.0,"{""first"":{""absolute_change"":16.570000000000004,""threshold"":3.3251999999999993,""reference_differences"":243,""method"":""max(median+8*MAD, Q3+3*IQR, resolution)""},""last"":{""absolute_change"":18.740000000000002,""threshold"":3.3251999999999895,""reference_differences"":244,""method"":""max(median+8*MAD, Q3+3*IQR, resolution)""},""evaluations"":2}","pm25 changed by 18.74, above its causal robust threshold 3.33.",True
1,Tulkarem Municipality,2026-08-13T06:00:00+00:00,2026-08-13T06:15:00+00:00,jump,pm25,warning,15.0,"{""first"":{""absolute_change"":10.29,""threshold"":5.166407999999999,""reference_differences"":246,""method"":""max(median+8*MAD, Q3+3*IQR, resolution)""},""last"":{""absolute_change"":9.43,""threshold"":5.225712000000008,""reference_differences"":247,""method"":""max(median+8*MAD, Q3+3*IQR, resolution)""},""evaluations"":2}","pm25 changed by 9.43, above its causal robust threshold 5.23.",True
1,Tulkarem Municipality,2026-08-13T07:15:00+00:00,2026-08-13T07:15:00+00:00,jump,pm25,warning,0.0,"{""first"":{""absolute_change"":10.440000000000001,""threshold"":5.344319999999985,""reference_differences"":251,""method"":""max(median+8*MAD, Q3+3*IQR, resolution)""},""last"":{""absolute_change"":10.440000000000001,""threshold"":5.344319999999985,""reference_differences"":251,""method"":""max(median+8*MAD, Q3+3*IQR, resolution)""},""evaluations"":1}","pm25 changed by 10.44, above its causal robust threshold 5.34.",True
1,Tulkarem Municipality,2026-08-13T07:45:00+00:00,2026-08-13T07:45:00+00:00,abnormal_noise,pm25,warning,0.0,"{""first"":{""recent_difference_mad"":7.620564000000006,""reference_difference_mad"":0.889560000000002,""variability_ratio"":8.566666666666654,""sign_changes"":5,""window_samples"":8},""last"":{""recent_difference_mad"":7.620564000000006,""reference_difference_mad"":0.889560000000002,""variability_ratio"":8.566666666666654,""sign_changes"":5,""window_samples"":8},""evaluations"":1}",pm25 is rapidly oscillating above its historical variability.,True
1,Tulkarem Municipality,2026-08-13T07:45:00+00:00,2026-08-13T07:45:00+00:00,jump,pm25,warning,0.0,"{""first"":{""absolute_change"":10.389999999999997,""threshold"":5.472927999999991,""reference_differences"":253,""method"":""max(median+8*MAD, Q3+3*IQR, resolution)""},""last"":{""absolute_change"":10.389999999999997,""threshold"":5.472927999999991,""reference_differences"":253,""method"":""max(median+8*MAD, Q3+3*IQR, resolution)""},""evaluations"":1}","pm25 changed by 10.39, above its causal robust threshold 5.47.",True
4,ANNU Old Campus,2026-08-13T08:15:00+00:00,2026-08-13T08:15:00+00:00,jump,pm25,warning,0.0,"{""first"":{""absolute_change"":3.740000000000002,""threshold"":3.4638080000000193,""reference_differences"":255,""method"":""max(median+8*MAD, Q3+3*IQR, resolution)""},""last"":{""absolute_change"":3.740000000000002,""threshold"":3.4638080000000193,""reference_differences"":255,""method"":""max(median+8*MAD, Q3+3*IQR, resolution)""},""evaluations"":1}","pm25 changed by 3.74, above its causal robust threshold 3.46.",True
1,Tulkarem Municipality,2026-08-13T09:30:00+00:00,2026-08-13T09:30:00+00:00,sampling_gap,,warning,0.0,"{""first"":{""gap_minutes"":30.0,""missed_intervals"":1},""last"":{""gap_minutes"":30.0,""missed_intervals"":1},""evaluations"":1}",Sensor missed 1 expected reporting interval(s).,True
4,ANNU Old Campus,2026-08-13T09:30:00+00:00,2026-08-13T09:30:00+00:00,missing_timestamp,,warning,0.0,"{""first"":{""gap_minutes"":30.0,""missed_intervals"":2},""last"":{""gap_minutes"":30.0,""missed_intervals"":2},""evaluations"":1}",No sensor row arrived at the expected timestamp; 2 interval(s) are missing.,True
4,ANNU Old Campus,2026-08-13T09:45:00+00:00,2026-08-13T09:45:00+00:00,sampling_gap,,warning,0.0,"{""first"":{""gap_minutes"":45.0,""missed_intervals"":2},""last"":{""gap_minutes"":45.0,""missed_intervals"":2},""evaluations"":1}",Sensor missed 2 expected reporting interval(s).,True
2,ANNU New Campus,2026-08-13T16:00:00+00:00,2026-08-13T16:45:00+00:00,possible_drift,humidity,warning,45.0,"{""first"":{""recent_samples"":96,""baseline_samples"":192,""median_shift"":16.560000000000002,""robust_scale"":5.278056,""same_side_fraction"":0.96875},""last"":{""recent_samples"":96,""baseline_samples"":195,""median_shift"":16.505,""robust_scale"":5.203926000000002,""same_side_fraction"":0.96875},""evaluations"":4}",Possible Drift: humidity shows a sustained +16.50 offset from its trailing baseline.,True
2,ANNU New Campus,2026-08-13T16:00:00+00:00,2026-08-15T18:45:00+00:00,possible_drift,pm25,warning,3045.0,"{""first"":{""recent_samples"":96,""baseline_samples"":192,""median_shift"":5.490000000000002,""robust_scale"":1.6975769999999992,""same_side_fraction"":0.9479166666666666},""last"":{""recent_samples"":96,""baseline_samples"":395,""median_shift"":15.905,""robust_scale"":5.218751999999999,""same_side_fraction"":1.0},""evaluations"":204}",Possible Drift: pm25 shows a sustained +15.90 offset from its trailing baseline.,True
2,ANNU New Campus,2026-08-13T16:15:00+00:00,2026-08-13T16:15:00+00:00,jump,pm25,warning,0.0,"{""first"":{""absolute_change"":5.27,""threshold"":3.7810239999999915,""reference_differences"":287,""method"":""max(median+8*MAD, Q3+3*IQR, resolution)""},""last"":{""absolute_change"":5.27,""threshold"":3.7810239999999915,""reference_differences"":287,""method"":""max(median+8*MAD, Q3+3*IQR, resolution)""},""evaluations"":1}","pm25 changed by 5.27, above its causal robust threshold 3.78.",True
2,ANNU New Campus,2026-08-14T00:30:00+00:00,2026-08-14T15:00:00+00:00,possible_drift,humidity,warning,870.0,"{""first"":{""recent_samples"":96,""baseline_samples"":226,""median_shift"":22.584999999999994,""robust_scale"":7.205435999999996,""same_side_fraction"":1.0},""last"":{""recent_samples"":96,""baseline_samples"":284,""median_shift"":32.02999999999999,""robust_scale"":10.608003000000002,""same_side_fraction"":1.0},""evaluations"":59}",Possible Drift: humidity shows a sustained +32.03 offset from its trailing baseline.,True
4,ANNU Old Campus,2026-08-14T05:00:00+00:00,2026-08-14T05:00:00+00:00,jump,pm25,warning,0.0,"{""first"":{""absolute_change"":8.020000000000003,""threshold"":5.205712000000008,""reference_differences"":76,""method"":""max(median+8*MAD, Q3+3*IQR, resolution)""},""last"":{""absolute_change"":8.020000000000003,""threshold"":5.205712000000008,""reference_differences"":76,""method"":""max(median+8*MAD, Q3+3*IQR, resolution)""},""evaluations"":1}","pm25 changed by 8.02, above its causal robust threshold 5.21.",True
4,ANNU Old Campus,2026-08-14T05:30:00+00:00,2026-08-14T06:00:00+00:00,abnormal_noise,pm25,warning,30.0,"{""first"":{""recent_difference_mad"":4.403322000000001,""reference_difference_mad"":0.815430000000001,""variability_ratio"":5.399999999999995,""sign_changes"":5,""window_samples"":8},""last"":{""recent_difference_mad"":4.188344999999999,""reference_difference_mad"":0.815430000000001,""variability_ratio"":5.136363636363629,""sign_changes"":5,""window_samples"":8},""evaluations"":3}",pm25 is rapidly oscillating above its historical variability.,True
1,Tulkarem Municipality,2026-08-14T14:15:00+00:00,2026-08-14T14:15:00+00:00,abnormal_noise,no2,warning,0.0,"{""first"":{""recent_difference_mad"":0.05930400000000137,""reference_difference_mad"":0.014825999999999683,""variability_ratio"":4.000000000000178,""sign_changes"":5,""window_samples"":8},""last"":{""recent_difference_mad"":0.05930400000000137,""reference_difference_mad"":0.014825999999999683,""variability_ratio"":4.000000000000178,""sign_changes"":5,""window_samples"":8},""evaluations"":1}",no2 is rapidly oscillating above its historical variability.,True
1,Tulkarem Municipality,2026-08-14T15:00:00+00:00,2026-08-14T15:00:00+00:00,abnormal_noise,no2,warning,0.0,"{""first"":{""recent_difference_mad"":0.08154300000000089,""reference_difference_mad"":0.014826000000001,""variability_ratio"":5.499999999999689,""sign_changes"":6,""window_samples"":8},""last"":{""recent_difference_mad"":0.08154300000000089,""reference_difference_mad"":0.014826000000001,""variability_ratio"":5.499999999999689,""sign_changes"":6,""window_samples"":8},""evaluations"":1}",no2 is rapidly oscillating above its historical variability.,True
1,Tulkarem Municipality,2026-08-14T20:30:00+00:00,2026-08-14T20:30:00+00:00,jump,pm25,warning,0.0,"{""first"":{""absolute_change"":5.43,""threshold"":3.7710240000000126,""reference_differences"":139,""method"":""max(median+8*MAD, Q3+3*IQR, resolution)""},""last"":{""absolute_change"":5.43,""threshold"":3.7710240000000126,""reference_differences"":139,""method"":""max(median+8*MAD, Q3+3*IQR, resolution)""},""evaluations"":1}","pm25 changed by 5.43, above its causal robust threshold 3.77.",True
1,Tulkarem Municipality,2026-08-14T21:15:00+00:00,2026-08-14T21:15:00+00:00,jump,pm25,warning,0.0,"{""first"":{""absolute_change"":5.210000000000001,""threshold"":3.8353280000000245,""reference_differences"":142,""method"":""max(median+8*MAD, Q3+3*IQR, resolution)""},""last"":{""absolute_change"":5.210000000000001,""threshold"":3.8353280000000245,""reference_differences"":142,""method"":""max(median+8*MAD, Q3+3*IQR, resolution)""},""evaluations"":1}","pm25 changed by 5.21, above its causal robust threshold 3.84.",True
2,ANNU New Campus,2026-08-15T02:45:00+00:00,2026-08-15T02:45:00+00:00,jump,pm25,warning,0.0,"{""first"":{""absolute_change"":5.719999999999999,""threshold"":4.424064,""reference_differences"":425,""method"":""max(median+8*MAD, Q3+3*IQR, resolution)""},""last"":{""absolute_change"":5.719999999999999,""threshold"":4.424064,""reference_differences"":425,""method"":""max(median+8*MAD, Q3+3*IQR, resolution)""},""evaluations"":1}","pm25 changed by 5.72, above its causal robust threshold 4.42.",True
1,Tulkarem Municipality,2026-08-15T08:30:00+00:00,2026-08-15T08:45:00+00:00,abnormal_noise,no2,warning,15.0,"{""first"":{""recent_difference_mad"":0.08154299999999826,""reference_difference_mad"":0.014825999999999683,""variability_ratio"":5.5,""sign_changes"":5,""window_samples"":8},""last"":{""recent_difference_mad"":0.06671699999999857,""reference_difference_mad"":0.014825999999999683,""variability_ratio"":4.5,""sign_changes"":5,""window_samples"":8},""evaluations"":2}",no2 is rapidly oscillating above its historical variability.,True
1,Tulkarem Municipality,2026-08-15T15:00:00+00:00,2026-08-15T15:00:00+00:00,jump,temperature,warning,0.0,"{""first"":{""absolute_change"":1.5300000000000047,""threshold"":1.494687999999991,""reference_differences"":213,""method"":""max(median+8*MAD, Q3+3*IQR, resolution)""},""last"":{""absolute_change"":1.5300000000000047,""threshold"":1.494687999999991,""reference_differences"":213,""method"":""max(median+8*MAD, Q3+3*IQR, resolution)""},""evaluations"":1}","temperature changed by 1.53, above its causal robust threshold 1.49.",True
1,Tulkarem Municipality,2026-08-15T16:00:00+00:00,2026-08-15T16:15:00+00:00,jump,temperature,warning,15.0,"{""first"":{""absolute_change"":1.9499999999999993,""threshold"":1.4946880000000367,""reference_differences"":217,""method"":""max(median+8*MAD, Q3+3*IQR, resolution)""},""last"":{""absolute_change"":1.9200000000000017,""threshold"":1.4946880000000367,""reference_differences"":218,""method"":""max(median+8*MAD, Q3+3*IQR, resolution)""},""evaluations"":2}","temperature changed by 1.92, above its causal robust threshold 1.49.",True
1,Tulkarem Municipality,2026-08-15T16:15:00+00:00,2026-08-15T16:15:00+00:00,jump,humidity,warning,0.0,"{""first"":{""absolute_change"":5.710000000000001,""threshold"":4.606975999999987,""reference_differences"":218,""method"":""max(median+8*MAD, Q3+3*IQR, resolution)""},""last"":{""absolute_change"":5.710000000000001,""threshold"":4.606975999999987,""reference_differences"":218,""method"":""max(median+8*MAD, Q3+3*IQR, resolution)""},""evaluations"":1}","humidity changed by 5.71, above its causal robust threshold 4.61.",True
4,ANNU Old Campus,2026-08-15T16:30:00+00:00,2026-08-15T16:30:00+00:00,jump,humidity,warning,0.0,"{""first"":{""absolute_change"":7.07,""threshold"":5.854448000000031,""reference_differences"":218,""method"":""max(median+8*MAD, Q3+3*IQR, resolution)""},""last"":{""absolute_change"":7.07,""threshold"":5.854448000000031,""reference_differences"":218,""method"":""max(median+8*MAD, Q3+3*IQR, resolution)""},""evaluations"":1}","humidity changed by 7.07, above its causal robust threshold 5.85.",True
1,Tulkarem Municipality,2026-08-15T21:15:00+00:00,2026-08-15T21:15:00+00:00,missing_reading,humidity,warning,0.0,"{""first"":{""value"":null},""last"":{""value"":null},""evaluations"":1}",Supported channel humidity is missing.,True
1,Tulkarem Municipality,2026-08-15T21:15:00+00:00,2026-08-15T21:15:00+00:00,missing_reading,pm25,warning,0.0,"{""first"":{""value"":null},""last"":{""value"":null},""evaluations"":1}",Supported channel pm25 is missing.,True
4,ANNU Old Campus,2026-08-16T04:45:00+00:00,2026-08-16T04:45:00+00:00,jump,pm25,warning,0.0,"{""first"":{""absolute_change"":10.21,""threshold"":6.720400000000002,""reference_differences"":267,""method"":""max(median+8*MAD, Q3+3*IQR, resolution)""},""last"":{""absolute_change"":10.21,""threshold"":6.720400000000002,""reference_differences"":267,""method"":""max(median+8*MAD, Q3+3*IQR, resolution)""},""evaluations"":1}","pm25 changed by 10.21, above its causal robust threshold 6.72.",True
1,Tulkarem Municipality,2026-08-16T05:00:00+00:00,2026-08-16T05:00:00+00:00,jump,o3,warning,0.0,"{""first"":{""absolute_change"":21.83,""threshold"":17.757648000000025,""reference_differences"":269,""method"":""max(median+8*MAD, Q3+3*IQR, resolution)""},""last"":{""absolute_change"":21.83,""threshold"":17.757648000000025,""reference_differences"":269,""method"":""max(median+8*MAD, Q3+3*IQR, resolution)""},""evaluations"":1}","o3 changed by 21.83, above its causal robust threshold 17.76.",True
1,Tulkarem Municipality,2026-08-16T05:30:00+00:00,2026-08-16T05:30:00+00:00,jump,pm25,warning,0.0,"{""first"":{""absolute_change"":6.239999999999998,""threshold"":4.572671999999979,""reference_differences"":270,""method"":""max(median+8*MAD, Q3+3*IQR, resolution)""},""last"":{""absolute_change"":6.239999999999998,""threshold"":4.572671999999979,""reference_differences"":270,""method"":""max(median+8*MAD, Q3+3*IQR, resolution)""},""evaluations"":1}","pm25 changed by 6.24, above its causal robust threshold 4.57.",True
1,Tulkarem Municipality,2026-08-16T06:00:00+00:00,2026-08-16T06:00:00+00:00,jump,o3,warning,0.0,"{""first"":{""absolute_change"":18.04,""threshold"":18.01486399999998,""reference_differences"":273,""method"":""max(median+8*MAD, Q3+3*IQR, resolution)""},""last"":{""absolute_change"":18.04,""threshold"":18.01486399999998,""reference_differences"":273,""method"":""max(median+8*MAD, Q3+3*IQR, resolution)""},""evaluations"":1}","o3 changed by 18.04, above its causal robust threshold 18.01.",True
1,Tulkarem Municipality,2026-08-16T07:15:00+00:00,2026-08-16T07:15:00+00:00,jump,o3,warning,0.0,"{""first"":{""absolute_change"":19.04,""threshold"":18.65290400000003,""reference_differences"":278,""method"":""max(median+8*MAD, Q3+3*IQR, resolution)""},""last"":{""absolute_change"":19.04,""threshold"":18.65290400000003,""reference_differences"":278,""method"":""max(median+8*MAD, Q3+3*IQR, resolution)""},""evaluations"":1}","o3 changed by 19.04, above its causal robust threshold 18.65.",True
1,Tulkarem Municipality,2026-08-16T07:45:00+00:00,2026-08-16T07:45:00+00:00,abnormal_noise,no2,warning,0.0,"{""first"":{""recent_difference_mad"":0.09636899999999926,""reference_difference_mad"":0.014825999999999683,""variability_ratio"":6.500000000000089,""sign_changes"":6,""window_samples"":8},""last"":{""recent_difference_mad"":0.09636899999999926,""reference_difference_mad"":0.014825999999999683,""variability_ratio"":6.500000000000089,""sign_changes"":6,""window_samples"":8},""evaluations"":1}",no2 is rapidly oscillating above its historical variability.,True
1,Tulkarem Municipality,2026-08-16T07:45:00+00:00,2026-08-16T07:45:00+00:00,abnormal_noise,o3,warning,0.0,"{""first"":{""recent_difference_mad"":19.303452,""reference_difference_mad"":3.3803280000000013,""variability_ratio"":5.710526315789472,""sign_changes"":6,""window_samples"":8},""last"":{""recent_difference_mad"":19.303452,""reference_difference_mad"":3.3803280000000013,""variability_ratio"":5.710526315789472,""sign_changes"":6,""window_samples"":8},""evaluations"":1}",o3 is rapidly oscillating above its historical variability.,True
1,Tulkarem Municipality,2026-08-16T07:45:00+00:00,2026-08-16T07:45:00+00:00,jump,no2,warning,0.0,"{""first"":{""absolute_change"":0.1899999999999995,""threshold"":0.12860799999999725,""reference_differences"":280,""method"":""max(median+8*MAD, Q3+3*IQR, resolution)""},""last"":{""absolute_change"":0.1899999999999995,""threshold"":0.12860799999999725,""reference_differences"":280,""method"":""max(median+8*MAD, Q3+3*IQR, resolution)""},""evaluations"":1}","no2 changed by 0.19, above its causal robust threshold 0.13.",True
1,Tulkarem Municipality,2026-08-16T07:45:00+00:00,2026-08-16T07:45:00+00:00,jump,o3,warning,0.0,"{""first"":{""absolute_change"":31.98,""threshold"":18.840815999999997,""reference_differences"":280,""method"":""max(median+8*MAD, Q3+3*IQR, resolution)""},""last"":{""absolute_change"":31.98,""threshold"":18.840815999999997,""reference_differences"":280,""method"":""max(median+8*MAD, Q3+3*IQR, resolution)""},""evaluations"":1}","o3 changed by 31.98, above its causal robust threshold 18.84.",True
1,Tulkarem Municipality,2026-08-16T08:15:00+00:00,2026-08-16T08:15:00+00:00,abnormal_noise,no2,warning,0.0,"{""first"":{""recent_difference_mad"":0.06671699999999989,""reference_difference_mad"":0.014825999999999683,""variability_ratio"":4.500000000000089,""sign_changes"":5,""window_samples"":8},""last"":{""recent_difference_mad"":0.06671699999999989,""reference_difference_mad"":0.014825999999999683,""variability_ratio"":4.500000000000089,""sign_changes"":5,""window_samples"":8},""evaluations"":1}",no2 is rapidly oscillating above its historical variability.,True
1,Tulkarem Municipality,2026-08-16T08:45:00+00:00,2026-08-16T08:45:00+00:00,abnormal_noise,no2,warning,0.0,"{""first"":{""recent_difference_mad"":0.0667170000000012,""reference_difference_mad"":0.014825999999999683,""variability_ratio"":4.500000000000178,""sign_changes"":5,""window_samples"":8},""last"":{""recent_difference_mad"":0.0667170000000012,""reference_difference_mad"":0.014825999999999683,""variability_ratio"":4.500000000000178,""sign_changes"":5,""window_samples"":8},""evaluations"":1}",no2 is rapidly oscillating above its historical variability.,True
1,Tulkarem Municipality,2026-08-16T08:45:00+00:00,2026-08-16T08:45:00+00:00,abnormal_noise,o3,warning,0.0,"{""first"":{""recent_difference_mad"":14.173656,""reference_difference_mad"":3.469284000000005,""variability_ratio"":4.08547008547008,""sign_changes"":5,""window_samples"":8},""last"":{""recent_difference_mad"":14.173656,""reference_difference_mad"":3.469284000000005,""variability_ratio"":4.08547008547008,""sign_changes"":5,""window_samples"":8},""evaluations"":1}",o3 is rapidly oscillating above its historical variability.,True
1,Tulkarem Municipality,2026-08-16T09:00:00+00:00,2026-08-16T09:00:00+00:00,jump,no2,warning,0.0,"{""first"":{""absolute_change"":0.16000000000000014,""threshold"":0.12860799999999725,""reference_differences"":285,""method"":""max(median+8*MAD, Q3+3*IQR, resolution)""},""last"":{""absolute_change"":0.16000000000000014,""threshold"":0.12860799999999725,""reference_differences"":285,""method"":""max(median+8*MAD, Q3+3*IQR, resolution)""},""evaluations"":1}","no2 changed by 0.16, above its causal robust threshold 0.13.",True
1,Tulkarem Municipality,2026-08-16T09:00:00+00:00,2026-08-16T09:00:00+00:00,jump,o3,warning,0.0,"{""first"":{""absolute_change"":31.88,""threshold"":19.172335999999934,""reference_differences"":285,""method"":""max(median+8*MAD, Q3+3*IQR, resolution)""},""last"":{""absolute_change"":31.88,""threshold"":19.172335999999934,""reference_differences"":285,""method"":""max(median+8*MAD, Q3+3*IQR, resolution)""},""evaluations"":1}","o3 changed by 31.88, above its causal robust threshold 19.17.",True
4,ANNU Old Campus,2026-08-16T12:30:00+00:00,2026-08-16T12:45:00+00:00,jump,pm25,warning,15.0,"{""first"":{""absolute_change"":12.690000000000001,""threshold"":6.859007999999986,""reference_differences"":298,""method"":""max(median+8*MAD, Q3+3*IQR, resolution)""},""last"":{""absolute_change"":9.399999999999999,""threshold"":6.8590079999999976,""reference_differences"":299,""method"":""max(median+8*MAD, Q3+3*IQR, resolution)""},""evaluations"":2}","pm25 changed by 9.4, above its causal robust threshold 6.86.",True
1,Tulkarem Municipality,2026-08-16T14:45:00+00:00,2026-08-16T15:15:00+00:00,abnormal_noise,no2,warning,30.0,"{""first"":{""recent_difference_mad"":0.06671699999999989,""reference_difference_mad"":0.014825999999999683,""variability_ratio"":4.500000000000089,""sign_changes"":5,""window_samples"":8},""last"":{""recent_difference_mad"":0.11119500000000025,""reference_difference_mad"":0.014826000000002316,""variability_ratio"":7.499999999998845,""sign_changes"":5,""window_samples"":8},""evaluations"":3}",no2 is rapidly oscillating above its historical variability.,True
1,Tulkarem Municipality,2026-08-16T14:45:00+00:00,2026-08-16T14:45:00+00:00,jump,no2,warning,0.0,"{""first"":{""absolute_change"":0.129999999999999,""threshold"":0.1286080000000201,""reference_differences"":308,""method"":""max(median+8*MAD, Q3+3*IQR, resolution)""},""last"":{""absolute_change"":0.129999999999999,""threshold"":0.1286080000000201,""reference_differences"":308,""method"":""max(median+8*MAD, Q3+3*IQR, resolution)""},""evaluations"":1}","no2 changed by 0.13, above its causal robust threshold 0.13.",True
1,Tulkarem Municipality,2026-08-16T15:00:00+00:00,2026-08-16T15:00:00+00:00,jump,o3,warning,0.0,"{""first"":{""absolute_change"":20.29,""threshold"":20.271200000000086,""reference_differences"":309,""method"":""max(median+8*MAD, Q3+3*IQR, resolution)""},""last"":{""absolute_change"":20.29,""threshold"":20.271200000000086,""reference_differences"":309,""method"":""max(median+8*MAD, Q3+3*IQR, resolution)""},""evaluations"":1}","o3 changed by 20.29, above its causal robust threshold 20.27.",True
1,Tulkarem Municipality,2026-08-16T15:30:00+00:00,2026-08-16T15:30:00+00:00,jump,temperature,warning,0.0,"{""first"":{""absolute_change"":1.370000000000001,""threshold"":1.3560799999999729,""reference_differences"":311,""method"":""max(median+8*MAD, Q3+3*IQR, resolution)""},""last"":{""absolute_change"":1.370000000000001,""threshold"":1.3560799999999729,""reference_differences"":311,""method"":""max(median+8*MAD, Q3+3*IQR, resolution)""},""evaluations"":1}","temperature changed by 1.37, above its causal robust threshold 1.36.",True
1,Tulkarem Municipality,2026-08-16T15:45:00+00:00,2026-08-16T16:00:00+00:00,abnormal_noise,temperature,warning,15.0,"{""first"":{""recent_difference_mad"":0.9785160000000002,""reference_difference_mad"":0.23721600000000548,""variability_ratio"":4.124999999999906,""sign_changes"":6,""window_samples"":8},""last"":{""recent_difference_mad"":1.0748849999999994,""reference_difference_mad"":0.24462900000000398,""variability_ratio"":4.39393939393932,""sign_changes"":5,""window_samples"":8},""evaluations"":2}",temperature is rapidly oscillating above its historical variability.,True
4,ANNU Old Campus,2026-08-16T15:45:00+00:00,2026-08-16T16:00:00+00:00,jump,temperature,warning,15.0,"{""first"":{""absolute_change"":2.539999999999999,""threshold"":2.513551999999971,""reference_differences"":311,""method"":""max(median+8*MAD, Q3+3*IQR, resolution)""},""last"":{""absolute_change"":3.210000000000001,""threshold"":2.5135519999999936,""reference_differences"":312,""method"":""max(median+8*MAD, Q3+3*IQR, resolution)""},""evaluations"":2}","temperature changed by 3.21, above its causal robust threshold 2.51.",True
1,Tulkarem Municipality,2026-08-16T16:00:00+00:00,2026-08-16T16:00:00+00:00,jump,no2,warning,0.0,"{""first"":{""absolute_change"":0.14000000000000057,""threshold"":0.1386080000000181,""reference_differences"":313,""method"":""max(median+8*MAD, Q3+3*IQR, resolution)""},""last"":{""absolute_change"":0.14000000000000057,""threshold"":0.1386080000000181,""reference_differences"":313,""method"":""max(median+8*MAD, Q3+3*IQR, resolution)""},""evaluations"":1}","no2 changed by 0.14, above its causal robust threshold 0.14.",True
1,Tulkarem Municipality,2026-08-16T16:15:00+00:00,2026-08-16T16:15:00+00:00,jump,temperature,warning,0.0,"{""first"":{""absolute_change"":1.7799999999999976,""threshold"":1.3560800000000186,""reference_differences"":314,""method"":""max(median+8*MAD, Q3+3*IQR, resolution)""},""last"":{""absolute_change"":1.7799999999999976,""threshold"":1.3560800000000186,""reference_differences"":314,""method"":""max(median+8*MAD, Q3+3*IQR, resolution)""},""evaluations"":1}","temperature changed by 1.78, above its causal robust threshold 1.36.",True
1,Tulkarem Municipality,2026-08-16T16:15:00+00:00,2026-08-16T16:45:00+00:00,suspicious_value,o3,critical,30.0,"{""first"":{""value"":-2.07,""lower_bound"":0.0,""upper_bound"":null},""last"":{""value"":-2.32,""lower_bound"":0.0,""upper_bound"":null},""evaluations"":3}",o3=-2.32 is outside broad physical plausibility bounds.,True
2,ANNU New Campus,2026-08-17T03:45:00+00:00,2026-08-17T04:00:00+00:00,jump,pm25,warning,15.0,"{""first"":{""absolute_change"":8.220000000000002,""threshold"":5.354320000000003,""reference_differences"":621,""method"":""max(median+8*MAD, Q3+3*IQR, resolution)""},""last"":{""absolute_change"":8.010000000000002,""threshold"":5.354320000000014,""reference_differences"":622,""method"":""max(median+8*MAD, Q3+3*IQR, resolution)""},""evaluations"":2}","pm25 changed by 8.01, above its causal robust threshold 5.35.",True
1,Tulkarem Municipality,2026-08-17T05:45:00+00:00,2026-08-17T05:45:00+00:00,jump,pm25,warning,0.0,"{""first"":{""absolute_change"":6.18,""threshold"":4.691280000000016,""reference_differences"":367,""method"":""max(median+8*MAD, Q3+3*IQR, resolution)""},""last"":{""absolute_change"":6.18,""threshold"":4.691280000000016,""reference_differences"":367,""method"":""max(median+8*MAD, Q3+3*IQR, resolution)""},""evaluations"":1}","pm25 changed by 6.18, above its causal robust threshold 4.69.",True
5,Hisham Hijjawi College of Technology,2026-08-17T10:15:00+00:00,2026-08-17T10:15:00+00:00,major_sampling_gap,,critical,0.0,"{""first"":{""gap_minutes"":11475.0,""missed_intervals"":764},""last"":{""gap_minutes"":11475.0,""missed_intervals"":764},""evaluations"":1}",Reporting resumed after a 11475-minute major gap.,True
1,Tulkarem Municipality,2026-08-17T15:45:00+00:00,2026-08-17T15:45:00+00:00,jump,no2,warning,0.0,"{""first"":{""absolute_change"":0.15000000000000036,""threshold"":0.1386080000000181,""reference_differences"":408,""method"":""max(median+8*MAD, Q3+3*IQR, resolution)""},""last"":{""absolute_change"":0.15000000000000036,""threshold"":0.1386080000000181,""reference_differences"":408,""method"":""max(median+8*MAD, Q3+3*IQR, resolution)""},""evaluations"":1}","no2 changed by 0.15, above its causal robust threshold 0.14.",True
1,Tulkarem Municipality,2026-08-17T15:45:00+00:00,2026-08-17T15:45:00+00:00,jump,temperature,warning,0.0,"{""first"":{""absolute_change"":2.2600000000000016,""threshold"":1.4746879999999492,""reference_differences"":408,""method"":""max(median+8*MAD, Q3+3*IQR, resolution)""},""last"":{""absolute_change"":2.2600000000000016,""threshold"":1.4746879999999492,""reference_differences"":408,""method"":""max(median+8*MAD, Q3+3*IQR, resolution)""},""evaluations"":1}","temperature changed by 2.26, above its causal robust threshold 1.47.",True
4,ANNU Old Campus,2026-08-17T16:30:00+00:00,2026-08-17T16:30:00+00:00,jump,temperature,warning,0.0,"{""first"":{""absolute_change"":2.6499999999999986,""threshold"":2.577856000000027,""reference_differences"":410,""method"":""max(median+8*MAD, Q3+3*IQR, resolution)""},""last"":{""absolute_change"":2.6499999999999986,""threshold"":2.577856000000027,""reference_differences"":410,""method"":""max(median+8*MAD, Q3+3*IQR, resolution)""},""evaluations"":1}","temperature changed by 2.65, above its causal robust threshold 2.58.",True
5,Hisham Hijjawi College of Technology,2026-08-17T21:15:00+00:00,2026-08-17T21:15:00+00:00,jump,pm25,warning,0.0,"{""first"":{""absolute_change"":3.8900000000000006,""threshold"":3.097983999999983,""reference_differences"":43,""method"":""max(median+8*MAD, Q3+3*IQR, resolution)""},""last"":{""absolute_change"":3.8900000000000006,""threshold"":3.097983999999983,""reference_differences"":43,""method"":""max(median+8*MAD, Q3+3*IQR, resolution)""},""evaluations"":1}","pm25 changed by 3.89, above its causal robust threshold 3.10.",True
2,ANNU New Campus,2026-08-17T22:00:00+00:00,2026-08-17T22:00:00+00:00,jump,pm25,warning,0.0,"{""first"":{""absolute_change"":5.43,""threshold"":5.141407999999975,""reference_differences"":694,""method"":""max(median+8*MAD, Q3+3*IQR, resolution)""},""last"":{""absolute_change"":5.43,""threshold"":5.141407999999975,""reference_differences"":694,""method"":""max(median+8*MAD, Q3+3*IQR, resolution)""},""evaluations"":1}","pm25 changed by 5.43, above its causal robust threshold 5.14.",True
1,Tulkarem Municipality,2026-08-18T04:00:00+00:00,2026-08-18T04:00:00+00:00,flatline,no2,warning,0.0,"{""first"":{""start_timestamp"":""2026-08-18T02:15:00+00:00"",""duration_minutes"":105.0,""samples"":8,""observed_variation"":0.0,""tolerance"":0.0025},""last"":{""start_timestamp"":""2026-08-18T02:15:00+00:00"",""duration_minutes"":105.0,""samples"":8,""observed_variation"":0.0,""tolerance"":0.0025},""evaluations"":1}",no2 has remained effectively unchanged for 105 minutes.,True
1,Tulkarem Municipality,2026-08-18T04:45:00+00:00,2026-08-18T04:45:00+00:00,jump,pm25,warning,0.0,"{""first"":{""absolute_change"":4.920000000000002,""threshold"":4.779887999999949,""reference_differences"":459,""method"":""max(median+8*MAD, Q3+3*IQR, resolution)""},""last"":{""absolute_change"":4.920000000000002,""threshold"":4.779887999999949,""reference_differences"":459,""method"":""max(median+8*MAD, Q3+3*IQR, resolution)""},""evaluations"":1}","pm25 changed by 4.92, above its causal robust threshold 4.78.",True
5,Hisham Hijjawi College of Technology,2026-08-18T11:15:00+00:00,2026-08-18T11:15:00+00:00,jump,pm25,warning,0.0,"{""first"":{""absolute_change"":3.3100000000000005,""threshold"":3.0593759999999857,""reference_differences"":99,""method"":""max(median+8*MAD, Q3+3*IQR, resolution)""},""last"":{""absolute_change"":3.3100000000000005,""threshold"":3.0593759999999857,""reference_differences"":99,""method"":""max(median+8*MAD, Q3+3*IQR, resolution)""},""evaluations"":1}","pm25 changed by 3.31, above its causal robust threshold 3.06.",True
1,Tulkarem Municipality,2026-08-18T15:00:00+00:00,2026-08-18T15:00:00+00:00,jump,temperature,warning,0.0,"{""first"":{""absolute_change"":1.7000000000000028,""threshold"":1.346080000000017,""reference_differences"":501,""method"":""max(median+8*MAD, Q3+3*IQR, resolution)""},""last"":{""absolute_change"":1.7000000000000028,""threshold"":1.346080000000017,""reference_differences"":501,""method"":""max(median+8*MAD, Q3+3*IQR, resolution)""},""evaluations"":1}","temperature changed by 1.7, above its causal robust threshold 1.35.",True
1,Tulkarem Municipality,2026-08-18T16:00:00+00:00,2026-08-18T16:15:00+00:00,jump,temperature,warning,15.0,"{""first"":{""absolute_change"":1.4800000000000004,""threshold"":1.346080000000017,""reference_differences"":505,""method"":""max(median+8*MAD, Q3+3*IQR, resolution)""},""last"":{""absolute_change"":2.210000000000001,""threshold"":1.346080000000017,""reference_differences"":506,""method"":""max(median+8*MAD, Q3+3*IQR, resolution)""},""evaluations"":2}","temperature changed by 2.21, above its causal robust threshold 1.35.",True
1,Tulkarem Municipality,2026-08-18T16:15:00+00:00,2026-08-18T16:15:00+00:00,jump,humidity,warning,0.0,"{""first"":{""absolute_change"":4.740000000000002,""threshold"":4.4926720000000415,""reference_differences"":505,""method"":""max(median+8*MAD, Q3+3*IQR, resolution)""},""last"":{""absolute_change"":4.740000000000002,""threshold"":4.4926720000000415,""reference_differences"":505,""method"":""max(median+8*MAD, Q3+3*IQR, resolution)""},""evaluations"":1}","humidity changed by 4.74, above its causal robust threshold 4.49.",True
5,Hisham Hijjawi College of Technology,2026-08-18T22:30:00+00:00,2026-08-18T22:45:00+00:00,jump,pm25,warning,15.0,"{""first"":{""absolute_change"":3.8200000000000003,""threshold"":3.4945039999999983,""reference_differences"":144,""method"":""max(median+8*MAD, Q3+3*IQR, resolution)""},""last"":{""absolute_change"":4.07,""threshold"":3.553807999999998,""reference_differences"":145,""method"":""max(median+8*MAD, Q3+3*IQR, resolution)""},""evaluations"":2}","pm25 changed by 4.07, above its causal robust threshold 3.55.",True
1,Tulkarem Municipality,2026-08-18T23:00:00+00:00,2026-08-18T23:00:00+00:00,jump,pm25,warning,0.0,"{""first"":{""absolute_change"":4.949999999999999,""threshold"":4.339760000000024,""reference_differences"":532,""method"":""max(median+8*MAD, Q3+3*IQR, resolution)""},""last"":{""absolute_change"":4.949999999999999,""threshold"":4.339760000000024,""reference_differences"":532,""method"":""max(median+8*MAD, Q3+3*IQR, resolution)""},""evaluations"":1}","pm25 changed by 4.95, above its causal robust threshold 4.34.",True
5,Hisham Hijjawi College of Technology,2026-08-19T02:15:00+00:00,2026-08-19T02:15:00+00:00,jump,pm25,warning,0.0,"{""first"":{""absolute_change"":5.649999999999999,""threshold"":3.831024000000015,""reference_differences"":159,""method"":""max(median+8*MAD, Q3+3*IQR, resolution)""},""last"":{""absolute_change"":5.649999999999999,""threshold"":3.831024000000015,""reference_differences"":159,""method"":""max(median+8*MAD, Q3+3*IQR, resolution)""},""evaluations"":1}","pm25 changed by 5.65, above its causal robust threshold 3.83.",True
5,Hisham Hijjawi College of Technology,2026-08-19T02:45:00+00:00,2026-08-19T03:00:00+00:00,jump,pm25,warning,15.0,"{""first"":{""absolute_change"":5.399999999999999,""threshold"":4.078239999999964,""reference_differences"":161,""method"":""max(median+8*MAD, Q3+3*IQR, resolution)""},""last"":{""absolute_change"":7.059999999999999,""threshold"":4.023936000000009,""reference_differences"":162,""method"":""max(median+8*MAD, Q3+3*IQR, resolution)""},""evaluations"":2}","pm25 changed by 7.06, above its causal robust threshold 4.02.",True
5,Hisham Hijjawi College of Technology,2026-08-19T04:15:00+00:00,2026-08-19T04:15:00+00:00,jump,pm25,warning,0.0,"{""first"":{""absolute_change"":5.360000000000001,""threshold"":3.979631999999989,""reference_differences"":167,""method"":""max(median+8*MAD, Q3+3*IQR, resolution)""},""last"":{""absolute_change"":5.360000000000001,""threshold"":3.979631999999989,""reference_differences"":167,""method"":""max(median+8*MAD, Q3+3*IQR, resolution)""},""evaluations"":1}","pm25 changed by 5.36, above its causal robust threshold 3.98.",True
5,Hisham Hijjawi College of Technology,2026-08-19T12:00:00+00:00,2026-08-19T12:00:00+00:00,jump,pm25,warning,0.0,"{""first"":{""absolute_change"":5.009999999999998,""threshold"":4.241848000000005,""reference_differences"":198,""method"":""max(median+8*MAD, Q3+3*IQR, resolution)""},""last"":{""absolute_change"":5.009999999999998,""threshold"":4.241848000000005,""reference_differences"":198,""method"":""max(median+8*MAD, Q3+3*IQR, resolution)""},""evaluations"":1}","pm25 changed by 5.01, above its causal robust threshold 4.24.",True
1,Tulkarem Municipality,2026-08-19T15:00:00+00:00,2026-08-19T15:00:00+00:00,jump,temperature,warning,0.0,"{""first"":{""absolute_change"":1.4299999999999997,""threshold"":1.336080000000019,""reference_differences"":597,""method"":""max(median+8*MAD, Q3+3*IQR, resolution)""},""last"":{""absolute_change"":1.4299999999999997,""threshold"":1.336080000000019,""reference_differences"":597,""method"":""max(median+8*MAD, Q3+3*IQR, resolution)""},""evaluations"":1}","temperature changed by 1.43, above its causal robust threshold 1.34.",True
1,Tulkarem Municipality,2026-08-19T16:15:00+00:00,2026-08-19T16:15:00+00:00,sampling_gap,,warning,0.0,"{""first"":{""gap_minutes"":30.0,""missed_intervals"":1},""last"":{""gap_minutes"":30.0,""missed_intervals"":1},""evaluations"":1}",Sensor missed 1 expected reporting interval(s).,True
2,ANNU New Campus,2026-08-19T16:15:00+00:00,2026-08-19T16:15:00+00:00,sampling_gap,,warning,0.0,"{""first"":{""gap_minutes"":30.0,""missed_intervals"":1},""last"":{""gap_minutes"":30.0,""missed_intervals"":1},""evaluations"":1}",Sensor missed 1 expected reporting interval(s).,True
4,ANNU Old Campus,2026-08-19T16:15:00+00:00,2026-08-19T16:15:00+00:00,sampling_gap,,warning,0.0,"{""first"":{""gap_minutes"":30.0,""missed_intervals"":1},""last"":{""gap_minutes"":30.0,""missed_intervals"":1},""evaluations"":1}",Sensor missed 1 expected reporting interval(s).,True
5,Hisham Hijjawi College of Technology,2026-08-19T16:15:00+00:00,2026-08-19T16:15:00+00:00,sampling_gap,,warning,0.0,"{""first"":{""gap_minutes"":30.0,""missed_intervals"":1},""last"":{""gap_minutes"":30.0,""missed_intervals"":1},""evaluations"":1}",Sensor missed 1 expected reporting interval(s).,True
1,Tulkarem Municipality,2026-08-20T00:30:00+00:00,2026-08-20T00:45:00+00:00,jump,pm25,warning,15.0,"{""first"":{""absolute_change"":34.72,""threshold"":5.467928000000007,""reference_differences"":32,""method"":""max(median+8*MAD, Q3+3*IQR, resolution)""},""last"":{""absolute_change"":34.06,""threshold"":5.710144000000018,""reference_differences"":33,""method"":""max(median+8*MAD, Q3+3*IQR, resolution)""},""evaluations"":2}","pm25 changed by 34.06, above its causal robust threshold 5.71.",True
5,Hisham Hijjawi College of Technology,2026-08-20T00:45:00+00:00,2026-08-20T01:15:00+00:00,jump,pm25,warning,30.0,"{""first"":{""absolute_change"":3.24,""threshold"":3.187984000000006,""reference_differences"":33,""method"":""max(median+8*MAD, Q3+3*IQR, resolution)""},""last"":{""absolute_change"":7.550000000000004,""threshold"":3.8900000000000023,""reference_differences"":35,""method"":""max(median+8*MAD, Q3+3*IQR, resolution)""},""evaluations"":3}","pm25 changed by 7.55, above its causal robust threshold 3.89.",True
5,Hisham Hijjawi College of Technology,2026-08-20T01:45:00+00:00,2026-08-20T01:45:00+00:00,jump,pm25,warning,0.0,"{""first"":{""absolute_change"":16.42,""threshold"":4.910000000000002,""reference_differences"":37,""method"":""max(median+8*MAD, Q3+3*IQR, resolution)""},""last"":{""absolute_change"":16.42,""threshold"":4.910000000000002,""reference_differences"":37,""method"":""max(median+8*MAD, Q3+3*IQR, resolution)""},""evaluations"":1}","pm25 changed by 16.42, above its causal robust threshold 4.91.",True
5,Hisham Hijjawi College of Technology,2026-08-20T03:15:00+00:00,2026-08-20T04:00:00+00:00,jump,pm25,warning,45.0,"{""first"":{""absolute_change"":23.93,""threshold"":6.449999999999998,""reference_differences"":43,""method"":""max(median+8*MAD, Q3+3*IQR, resolution)""},""last"":{""absolute_change"":17.309999999999995,""threshold"":8.490000000000004,""reference_differences"":46,""method"":""max(median+8*MAD, Q3+3*IQR, resolution)""},""evaluations"":4}","pm25 changed by 17.31, above its causal robust threshold 8.49.",True
4,ANNU Old Campus,2026-08-20T04:45:00+00:00,2026-08-20T04:45:00+00:00,jump,pm25,warning,0.0,"{""first"":{""absolute_change"":5.029999999999999,""threshold"":2.5635519999999943,""reference_differences"":49,""method"":""max(median+8*MAD, Q3+3*IQR, resolution)""},""last"":{""absolute_change"":5.029999999999999,""threshold"":2.5635519999999943,""reference_differences"":49,""method"":""max(median+8*MAD, Q3+3*IQR, resolution)""},""evaluations"":1}","pm25 changed by 5.03, above its causal robust threshold 2.56.",True
1,Tulkarem Municipality,2026-08-20T15:30:00+00:00,2026-08-20T15:30:00+00:00,jump,pm25,warning,0.0,"{""first"":{""absolute_change"":6.449999999999999,""threshold"":4.512672000000009,""reference_differences"":92,""method"":""max(median+8*MAD, Q3+3*IQR, resolution)""},""last"":{""absolute_change"":6.449999999999999,""threshold"":4.512672000000009,""reference_differences"":92,""method"":""max(median+8*MAD, Q3+3*IQR, resolution)""},""evaluations"":1}","pm25 changed by 6.45, above its causal robust threshold 4.51.",True
1,Tulkarem Municipality,2026-08-20T16:00:00+00:00,2026-08-20T16:15:00+00:00,jump,humidity,warning,15.0,"{""first"":{""absolute_change"":3.6100000000000065,""threshold"":3.2565920000000235,""reference_differences"":94,""method"":""max(median+8*MAD, Q3+3*IQR, resolution)""},""last"":{""absolute_change"":4.419999999999995,""threshold"":3.2565920000001114,""reference_differences"":95,""method"":""max(median+8*MAD, Q3+3*IQR, resolution)""},""evaluations"":2}","humidity changed by 4.42, above its causal robust threshold 3.26.",True
1,Tulkarem Municipality,2026-08-20T16:00:00+00:00,2026-08-20T16:15:00+00:00,jump,temperature,warning,15.0,"{""first"":{""absolute_change"":1.4599999999999973,""threshold"":1.1974720000000183,""reference_differences"":94,""method"":""max(median+8*MAD, Q3+3*IQR, resolution)""},""last"":{""absolute_change"":1.4200000000000017,""threshold"":1.1974720000000394,""reference_differences"":95,""method"":""max(median+8*MAD, Q3+3*IQR, resolution)""},""evaluations"":2}","temperature changed by 1.42, above its causal robust threshold 1.20.",True
2,ANNU New Campus,2026-08-20T19:15:00+00:00,2026-08-20T19:15:00+00:00,jump,pm25,warning,0.0,"{""first"":{""absolute_change"":4.870000000000001,""threshold"":4.681279999999995,""reference_differences"":107,""method"":""max(median+8*MAD, Q3+3*IQR, resolution)""},""last"":{""absolute_change"":4.870000000000001,""threshold"":4.681279999999995,""reference_differences"":107,""method"":""max(median+8*MAD, Q3+3*IQR, resolution)""},""evaluations"":1}","pm25 changed by 4.87, above its causal robust threshold 4.68.",True
4,ANNU Old Campus,2026-08-20T19:15:00+00:00,2026-08-20T19:30:00+00:00,jump,pm25,warning,15.0,"{""first"":{""absolute_change"":3.240000000000002,""threshold"":3.057984000000005,""reference_differences"":107,""method"":""max(median+8*MAD, Q3+3*IQR, resolution)""},""last"":{""absolute_change"":3.450000000000003,""threshold"":3.1222880000000037,""reference_differences"":108,""method"":""max(median+8*MAD, Q3+3*IQR, resolution)""},""evaluations"":2}","pm25 changed by 3.45, above its causal robust threshold 3.12.",True
1,Tulkarem Municipality,2026-08-20T19:45:00+00:00,2026-08-20T19:45:00+00:00,jump,pm25,warning,0.0,"{""first"":{""absolute_change"":8.370000000000001,""threshold"":5.551536,""reference_differences"":109,""method"":""max(median+8*MAD, Q3+3*IQR, resolution)""},""last"":{""absolute_change"":8.370000000000001,""threshold"":5.551536,""reference_differences"":109,""method"":""max(median+8*MAD, Q3+3*IQR, resolution)""},""evaluations"":1}","pm25 changed by 8.37, above its causal robust threshold 5.55.",True
2,ANNU New Campus,2026-08-20T20:15:00+00:00,2026-08-20T20:15:00+00:00,jump,pm25,warning,0.0,"{""first"":{""absolute_change"":7.880000000000003,""threshold"":4.681280000000016,""reference_differences"":111,""method"":""max(median+8*MAD, Q3+3*IQR, resolution)""},""last"":{""absolute_change"":7.880000000000003,""threshold"":4.681280000000016,""reference_differences"":111,""method"":""max(median+8*MAD, Q3+3*IQR, resolution)""},""evaluations"":1}","pm25 changed by 7.88, above its causal robust threshold 4.68.",True
4,ANNU Old Campus,2026-08-20T20:15:00+00:00,2026-08-20T20:30:00+00:00,jump,pm25,warning,15.0,"{""first"":{""absolute_change"":3.710000000000001,""threshold"":3.335200000000001,""reference_differences"":111,""method"":""max(median+8*MAD, Q3+3*IQR, resolution)""},""last"":{""absolute_change"":6.09,""threshold"":3.3945039999999995,""reference_differences"":112,""method"":""max(median+8*MAD, Q3+3*IQR, resolution)""},""evaluations"":2}","pm25 changed by 6.09, above its causal robust threshold 3.39.",True
1,Tulkarem Municipality,2026-08-20T20:30:00+00:00,2026-08-20T20:30:00+00:00,jump,pm25,warning,0.0,"{""first"":{""absolute_change"":12.34,""threshold"":5.680143999999985,""reference_differences"":112,""method"":""max(median+8*MAD, Q3+3*IQR, resolution)""},""last"":{""absolute_change"":12.34,""threshold"":5.680143999999985,""reference_differences"":112,""method"":""max(median+8*MAD, Q3+3*IQR, resolution)""},""evaluations"":1}","pm25 changed by 12.34, above its causal robust threshold 5.68.",True
5,Hisham Hijjawi College of Technology,2026-08-20T20:30:00+00:00,2026-08-20T20:30:00+00:00,abnormal_noise,pm25,warning,0.0,"{""first"":{""recent_difference_mad"":5.9674650000000025,""reference_difference_mad"":1.0674719999999982,""variability_ratio"":5.590277777777789,""sign_changes"":5,""window_samples"":8},""last"":{""recent_difference_mad"":5.9674650000000025,""reference_difference_mad"":1.0674719999999982,""variability_ratio"":5.590277777777789,""sign_changes"":5,""window_samples"":8},""evaluations"":1}",pm25 is rapidly oscillating above its historical variability.,True
4,ANNU Old Campus,2026-08-20T23:00:00+00:00,2026-08-20T23:15:00+00:00,jump,pm25,warning,15.0,"{""first"":{""absolute_change"":27.060000000000002,""threshold"":3.9982399999999867,""reference_differences"":122,""method"":""max(median+8*MAD, Q3+3*IQR, resolution)""},""last"":{""absolute_change"":16.520000000000003,""threshold"":4.126847999999984,""reference_differences"":123,""method"":""max(median+8*MAD, Q3+3*IQR, resolution)""},""evaluations"":2}","pm25 changed by 16.52, above its causal robust threshold 4.13.",True
4,ANNU Old Campus,2026-08-21T00:00:00+00:00,2026-08-21T00:15:00+00:00,abnormal_noise,pm25,warning,15.0,"{""first"":{""recent_difference_mad"":2.5204199999999988,""reference_difference_mad"":0.5930400000000031,""variability_ratio"":4.249999999999975,""sign_changes"":5,""window_samples"":8},""last"":{""recent_difference_mad"":2.5204199999999988,""reference_difference_mad"":0.6004530000000003,""variability_ratio"":4.197530864197526,""sign_changes"":5,""window_samples"":8},""evaluations"":2}",pm25 is rapidly oscillating above its historical variability.,True
4,ANNU Old Campus,2026-08-21T00:45:00+00:00,2026-08-21T00:45:00+00:00,abnormal_noise,pm25,warning,0.0,"{""first"":{""recent_difference_mad"":2.631614999999998,""reference_difference_mad"":0.615279,""variability_ratio"":4.277108433734936,""sign_changes"":6,""window_samples"":8},""last"":{""recent_difference_mad"":2.631614999999998,""reference_difference_mad"":0.615279,""variability_ratio"":4.277108433734936,""sign_changes"":6,""window_samples"":8},""evaluations"":1}",pm25 is rapidly oscillating above its historical variability.,True
4,ANNU Old Campus,2026-08-21T02:15:00+00:00,2026-08-21T02:15:00+00:00,jump,pm25,warning,0.0,"{""first"":{""absolute_change"":5.920000000000002,""threshold"":4.38406399999998,""reference_differences"":135,""method"":""max(median+8*MAD, Q3+3*IQR, resolution)""},""last"":{""absolute_change"":5.920000000000002,""threshold"":4.38406399999998,""reference_differences"":135,""method"":""max(median+8*MAD, Q3+3*IQR, resolution)""},""evaluations"":1}","pm25 changed by 5.92, above its causal robust threshold 4.38.",True
1,Tulkarem Municipality,2026-08-21T03:15:00+00:00,2026-08-21T03:15:00+00:00,jump,pm25,warning,0.0,"{""first"":{""absolute_change"":5.010000000000002,""threshold"":4.50267200000002,""reference_differences"":139,""method"":""max(median+8*MAD, Q3+3*IQR, resolution)""},""last"":{""absolute_change"":5.010000000000002,""threshold"":4.50267200000002,""reference_differences"":139,""method"":""max(median+8*MAD, Q3+3*IQR, resolution)""},""evaluations"":1}","pm25 changed by 5.01, above its causal robust threshold 4.50.",True
2,ANNU New Campus,2026-08-21T04:15:00+00:00,2026-08-21T05:00:00+00:00,cross_sensor_inconsistency,pm25,warning,45.0,"{""first"":{""recent_samples"":4,""median_residual"":-10.6725,""reference_center"":1.4499999999999993,""robust_scale"":1.6938705000000027,""peer_sensor_ids"":[4,5]},""last"":{""recent_samples"":4,""median_residual"":-11.4925,""reference_center"":1.4499999999999957,""robust_scale"":1.7049899999999925,""peer_sensor_ids"":[4,5]},""evaluations"":4}",PM2.5 differs persistently from both other Nablus sensors; this is supporting review evidence only.,True
5,Hisham Hijjawi College of Technology,2026-08-21T04:15:00+00:00,2026-08-21T05:00:00+00:00,cross_sensor_inconsistency,pm25,warning,45.0,"{""first"":{""recent_samples"":4,""median_residual"":20.052499999999995,""reference_center"":0.4049999999999976,""robust_scale"":2.031162000000007,""peer_sensor_ids"":[2,4]},""last"":{""recent_samples"":4,""median_residual"":20.380000000000003,""reference_center"":0.41749999999999954,""robust_scale"":2.034868500000003,""peer_sensor_ids"":[2,4]},""evaluations"":4}",PM2.5 differs persistently from both other Nablus sensors; this is supporting review evidence only.,True
4,ANNU Old Campus,2026-08-21T04:30:00+00:00,2026-08-21T05:00:00+00:00,cross_sensor_inconsistency,pm25,warning,30.0,"{""first"":{""recent_samples"":4,""median_residual"":-8.732500000000002,""reference_center"":-1.7200000000000006,""robust_scale"":1.504838999999998,""peer_sensor_ids"":[2,5]},""last"":{""recent_samples"":4,""median_residual"":-8.772500000000003,""reference_center"":-1.7200000000000006,""robust_scale"":1.504838999999998,""peer_sensor_ids"":[2,5]},""evaluations"":3}",PM2.5 differs persistently from both other Nablus sensors; this is supporting review evidence only.,True
1,Tulkarem Municipality,2026-08-21T08:30:00+00:00,2026-08-21T08:30:00+00:00,jump,temperature,warning,0.0,"{""first"":{""absolute_change"":1.2300000000000004,""threshold"":1.1974719999999972,""reference_differences"":160,""method"":""max(median+8*MAD, Q3+3*IQR, resolution)""},""last"":{""absolute_change"":1.2300000000000004,""threshold"":1.1974719999999972,""reference_differences"":160,""method"":""max(median+8*MAD, Q3+3*IQR, resolution)""},""evaluations"":1}","temperature changed by 1.23, above its causal robust threshold 1.20.",True
1,Tulkarem Municipality,2026-08-21T09:30:00+00:00,2026-08-21T09:30:00+00:00,jump,o3,warning,0.0,"{""first"":{""absolute_change"":15.909999999999997,""threshold"":15.609224000000054,""reference_differences"":164,""method"":""max(median+8*MAD, Q3+3*IQR, resolution)""},""last"":{""absolute_change"":15.909999999999997,""threshold"":15.609224000000054,""reference_differences"":164,""method"":""max(median+8*MAD, Q3+3*IQR, resolution)""},""evaluations"":1}","o3 changed by 15.91, above its causal robust threshold 15.61.",True
1,Tulkarem Municipality,2026-08-21T15:30:00+00:00,2026-08-21T15:30:00+00:00,sampling_gap,,warning,0.0,"{""first"":{""gap_minutes"":30.0,""missed_intervals"":1},""last"":{""gap_minutes"":30.0,""missed_intervals"":1},""evaluations"":1}",Sensor missed 1 expected reporting interval(s).,True
2,ANNU New Campus,2026-08-21T15:30:00+00:00,2026-08-21T15:30:00+00:00,sampling_gap,,warning,0.0,"{""first"":{""gap_minutes"":30.0,""missed_intervals"":1},""last"":{""gap_minutes"":30.0,""missed_intervals"":1},""evaluations"":1}",Sensor missed 1 expected reporting interval(s).,True
4,ANNU Old Campus,2026-08-21T15:30:00+00:00,2026-08-21T15:30:00+00:00,sampling_gap,,warning,0.0,"{""first"":{""gap_minutes"":30.0,""missed_intervals"":1},""last"":{""gap_minutes"":30.0,""missed_intervals"":1},""evaluations"":1}",Sensor missed 1 expected reporting interval(s).,True
5,Hisham Hijjawi College of Technology,2026-08-21T15:30:00+00:00,2026-08-21T15:30:00+00:00,sampling_gap,,warning,0.0,"{""first"":{""gap_minutes"":30.0,""missed_intervals"":1},""last"":{""gap_minutes"":30.0,""missed_intervals"":1},""evaluations"":1}",Sensor missed 1 expected reporting interval(s).,True
1,Tulkarem Municipality,2026-08-22T05:00:00+00:00,2026-08-22T05:00:00+00:00,jump,o3,warning,0.0,"{""first"":{""absolute_change"":15.160000000000004,""threshold"":8.88091199999992,""reference_differences"":53,""method"":""max(median+8*MAD, Q3+3*IQR, resolution)""},""last"":{""absolute_change"":15.160000000000004,""threshold"":8.88091199999992,""reference_differences"":53,""method"":""max(median+8*MAD, Q3+3*IQR, resolution)""},""evaluations"":1}","o3 changed by 15.16, above its causal robust threshold 8.88.",True
1,Tulkarem Municipality,2026-08-22T05:45:00+00:00,2026-08-22T05:45:00+00:00,jump,pm25,warning,0.0,"{""first"":{""absolute_change"":6.199999999999999,""threshold"":4.61267200000001,""reference_differences"":56,""method"":""max(median+8*MAD, Q3+3*IQR, resolution)""},""last"":{""absolute_change"":6.199999999999999,""threshold"":4.61267200000001,""reference_differences"":56,""method"":""max(median+8*MAD, Q3+3*IQR, resolution)""},""evaluations"":1}","pm25 changed by 6.2, above its causal robust threshold 4.61.",True
1,Tulkarem Municipality,2026-08-22T16:00:00+00:00,2026-08-22T16:00:00+00:00,jump,temperature,warning,0.0,"{""first"":{""absolute_change"":1.8300000000000018,""threshold"":1.3160799999999737,""reference_differences"":97,""method"":""max(median+8*MAD, Q3+3*IQR, resolution)""},""last"":{""absolute_change"":1.8300000000000018,""threshold"":1.3160799999999737,""reference_differences"":97,""method"":""max(median+8*MAD, Q3+3*IQR, resolution)""},""evaluations"":1}","temperature changed by 1.83, above its causal robust threshold 1.32.",True
4,ANNU Old Campus,2026-08-22T16:00:00+00:00,2026-08-22T16:15:00+00:00,jump,temperature,warning,15.0,"{""first"":{""absolute_change"":2.25,""threshold"":1.860512000000006,""reference_differences"":97,""method"":""max(median+8*MAD, Q3+3*IQR, resolution)""},""last"":{""absolute_change"":2.3699999999999974,""threshold"":1.924815999999972,""reference_differences"":98,""method"":""max(median+8*MAD, Q3+3*IQR, resolution)""},""evaluations"":2}","temperature changed by 2.37, above its causal robust threshold 1.92.",True
