row_index,timestamp,city,sensor_id,feature,value,previous_value,absolute_change,relative_change,flag,reason,rate_per_hour,robust_threshold,robust_strength
65,2026-08-06T16:15:00Z,Tulkarem,1,humidity,50.82,46.33,4.490000000000002,0.09691344701057635,SUSPICIOUS,Sensor-specific sudden change exceeds both robust MAD and IQR criteria.,17.960000000000008,4.23546167937435,1.0600969480765676
65,2026-08-06T16:15:00Z,Tulkarem,1,temperature,27.28,29.27,1.9899999999999984,0.06798770071745809,SUSPICIOUS,Sensor-specific sudden change exceeds both robust MAD and IQR criteria.,7.959999999999994,1.3260817748044569,1.5006616015769032
1648,2026-08-06T16:45:00Z,Nablus,2,temperature,30.44,32.2,1.7600000000000016,0.05465838509316775,SUSPICIOUS,Sensor-specific sudden change exceeds both robust MAD and IQR criteria.,7.040000000000006,1.7519063072458572,1.004619934708077
4856,2026-08-06T21:30:00Z,Nablus,5,pm25,37.8,23.05,14.749999999999996,0.6399132321041213,SUSPICIOUS,Sensor-specific sudden change exceeds both robust MAD and IQR criteria.,58.999999999999986,5.413631187958153,2.7246037803257193
4857,2026-08-06T21:45:00Z,Nablus,5,aqi,141.0,104.0,37.0,0.3557692307692308,SUSPICIOUS,Sensor-specific sudden change exceeds both robust MAD and IQR criteria.,148.0,26.721635496089633,1.384645786572999
4857,2026-08-06T21:45:00Z,Nablus,5,pm25,25.39,37.8,12.409999999999997,0.3283068783068782,SUSPICIOUS,Sensor-specific sudden change exceeds both robust MAD and IQR criteria.,49.639999999999986,5.413631187958153,2.2923615534808253
100,2026-08-07T01:00:00Z,Tulkarem,1,aqi,162.0,109.0,53.0,0.48623853211009177,SUSPICIOUS,Sensor-specific sudden change exceeds both robust MAD and IQR criteria.,212.0,26.721635496089633,1.9834115321180796
100,2026-08-07T01:00:00Z,Tulkarem,1,pm25,29.14,19.56,9.580000000000002,0.4897750511247445,SUSPICIOUS,Sensor-specific sudden change exceeds both robust MAD and IQR criteria.,38.32000000000001,4.414069856854811,2.170332665923441
101,2026-08-07T01:30:00Z,Tulkarem,1,aqi,133.0,162.0,29.0,0.17901234567901234,SUSPICIOUS,Sensor-specific sudden change exceeds both robust MAD and IQR criteria.,58.0,26.721635496089633,1.0852629138004586
101,2026-08-07T01:30:00Z,Tulkarem,1,pm25,23.87,29.14,5.27,0.18085106382978722,SUSPICIOUS,Sensor-specific sudden change exceeds both robust MAD and IQR criteria.,10.54,4.414069856854811,1.1939095145528738
3296,2026-08-07T05:15:00Z,Nablus,4,aqi,125.0,182.0,57.0,0.3131868131868132,SUSPICIOUS,Sensor-specific sudden change exceeds both robust MAD and IQR criteria.,228.0,26.721635496089633,2.1331029685043497
3296,2026-08-07T05:15:00Z,Nablus,4,pm25,48.86,32.69,16.17,0.4946466809421842,SUSPICIOUS,Sensor-specific sudden change exceeds both robust MAD and IQR criteria.,64.68,4.661286211815693,3.468999599083053
3297,2026-08-07T05:30:00Z,Nablus,4,aqi,169.0,125.0,44.0,0.352,SUSPICIOUS,Sensor-specific sudden change exceeds both robust MAD and IQR criteria.,176.0,26.721635496089633,1.6466058002489719
3297,2026-08-07T05:30:00Z,Nablus,4,pm25,30.46,48.86,18.4,0.37658616455178057,SUSPICIOUS,Sensor-specific sudden change exceeds both robust MAD and IQR criteria.,73.6,4.661286211815693,3.947408325487209
3304,2026-08-07T07:15:00Z,Nablus,4,aqi,142.0,109.0,33.0,0.30275229357798167,SUSPICIOUS,Sensor-specific sudden change exceeds both robust MAD and IQR criteria.,132.0,26.721635496089633,1.2349543501867288
3304,2026-08-07T07:15:00Z,Nablus,4,pm25,25.6,19.55,6.050000000000001,0.30946291560102307,SUSPICIOUS,Sensor-specific sudden change exceeds both robust MAD and IQR criteria.,24.200000000000003,4.661286211815693,1.297925020065088
3305,2026-08-07T07:30:00Z,Nablus,4,aqi,97.0,142.0,45.0,0.31690140845070425,SUSPICIOUS,Sensor-specific sudden change exceeds both robust MAD and IQR criteria.,180.0,26.721635496089633,1.6840286593455394
3305,2026-08-07T07:30:00Z,Nablus,4,pm25,17.53,25.6,8.07,0.315234375,SUSPICIOUS,Sensor-specific sudden change exceeds both robust MAD and IQR criteria.,32.28,4.661286211815693,1.7312818036240099
153,2026-08-07T14:30:00Z,Tulkarem,1,aqi,71.0,98.0,27.0,0.2755102040816326,SUSPICIOUS,Sensor-specific sudden change exceeds both robust MAD and IQR criteria.,108.0,26.721635496089633,1.0104171956073236
153,2026-08-07T14:30:00Z,Tulkarem,1,pm25,12.71,17.66,4.949999999999999,0.2802944507361268,SUSPICIOUS,Sensor-specific sudden change exceeds both robust MAD and IQR criteria.,19.799999999999997,4.414069856854811,1.1214140601587712
157,2026-08-07T15:30:00Z,Tulkarem,1,no2,12.07,11.91,0.16000000000000014,0.013434089000839642,SUSPICIOUS,Sensor-specific sudden change exceeds both robust MAD and IQR criteria.,0.6400000000000006,0.1286081774804454,1.24408885293727
157,2026-08-07T15:30:00Z,Tulkarem,1,temperature,30.28,31.77,1.4899999999999984,0.046899590808939205,SUSPICIOUS,Sensor-specific sudden change exceeds both robust MAD and IQR criteria.,5.959999999999994,1.3260817748044569,1.1236109479143643
159,2026-08-07T16:00:00Z,Tulkarem,1,temperature,28.5,30.37,1.870000000000001,0.06157392163319068,SUSPICIOUS,Sensor-specific sudden change exceeds both robust MAD and IQR criteria.,7.480000000000004,1.3260817748044569,1.4101694446978958
212,2026-08-08T05:15:00Z,Tulkarem,1,aqi,110.0,75.0,35.0,0.4666666666666667,SUSPICIOUS,Sensor-specific sudden change exceeds both robust MAD and IQR criteria.,140.0,26.721635496089633,1.3098000683798638
212,2026-08-08T05:15:00Z,Tulkarem,1,pm25,19.85,13.48,6.370000000000001,0.47255192878338287,SUSPICIOUS,Sensor-specific sudden change exceeds both robust MAD and IQR criteria.,25.480000000000004,4.414069856854811,1.443112639032601
3396,2026-08-08T06:15:00Z,Nablus,4,aqi,157.0,117.0,40.0,0.3418803418803419,SUSPICIOUS,Sensor-specific sudden change exceeds both robust MAD and IQR criteria.,160.0,26.721635496089633,1.4969143638627016
3396,2026-08-08T06:15:00Z,Nablus,4,pm25,28.3,21.06,7.240000000000002,0.34377967711301055,SUSPICIOUS,Sensor-specific sudden change exceeds both robust MAD and IQR criteria.,28.960000000000008,4.661286211815693,1.5532193628547502
250,2026-08-08T14:45:00Z,Tulkarem,1,temperature,31.06,29.61,1.4499999999999993,0.04896994258696384,SUSPICIOUS,Sensor-specific sudden change exceeds both robust MAD and IQR criteria.,5.799999999999997,1.3260817748044569,1.0934468956213619
251,2026-08-08T15:00:00Z,Tulkarem,1,no2,12.1,11.93,0.16999999999999993,0.014249790444258167,SUSPICIOUS,Sensor-specific sudden change exceeds both robust MAD and IQR criteria.,0.6799999999999997,0.1286081774804454,1.3218444062458476
251,2026-08-08T15:00:00Z,Tulkarem,1,temperature,29.56,31.06,1.5,0.04829362524146813,SUSPICIOUS,Sensor-specific sudden change exceeds both robust MAD and IQR criteria.,6.0,1.3260817748044569,1.1311519609876164
1837,2026-08-08T16:15:00Z,Nablus,2,temperature,32.5,34.58,2.0799999999999983,0.06015037593984958,SUSPICIOUS,Sensor-specific sudden change exceeds both robust MAD and IQR criteria.,8.319999999999993,1.7519063072458572,1.1872781046549983
1853,2026-08-08T20:30:00Z,Nablus,2,aqi,129.0,195.0,66.0,0.3384615384615385,SUSPICIOUS,Sensor-specific sudden change exceeds both robust MAD and IQR criteria.,264.0,26.721635496089633,2.4699087003734577
1853,2026-08-08T20:30:00Z,Nablus,2,pm25,50.79,35.08,15.71,0.4478335233751426,SUSPICIOUS,Sensor-specific sudden change exceeds both robust MAD and IQR criteria.,62.84,5.077110744257018,3.09427956003725
1854,2026-08-08T20:45:00Z,Nablus,2,pm25,42.34,50.79,8.449999999999996,0.16637133293955494,SUSPICIOUS,Sensor-specific sudden change exceeds both robust MAD and IQR criteria.,33.79999999999998,5.077110744257018,1.6643324177157701
3453,2026-08-08T20:45:00Z,Nablus,4,aqi,109.0,196.0,87.0,0.44387755102040816,SUSPICIOUS,Sensor-specific sudden change exceeds both robust MAD and IQR criteria.,348.0,26.721635496089633,3.255788741401376
3453,2026-08-08T20:45:00Z,Nablus,4,pm25,39.97,35.27,4.699999999999996,0.13325772611284364,SUSPICIOUS,Sensor-specific sudden change exceeds both robust MAD and IQR criteria.,18.799999999999983,4.661286211815693,1.0083053874885797
5043,2026-08-08T20:45:00Z,Nablus,5,aqi,102.0,178.0,76.0,0.42696629213483145,SUSPICIOUS,Sensor-specific sudden change exceeds both robust MAD and IQR criteria.,304.0,26.721635496089633,2.844137291339133
3456,2026-08-08T21:30:00Z,Nablus,4,aqi,194.0,103.0,91.0,0.883495145631068,SUSPICIOUS,Sensor-specific sudden change exceeds both robust MAD and IQR criteria.,364.0,26.721635496089633,3.4054801777876462
3457,2026-08-08T21:45:00Z,Nablus,4,aqi,102.0,194.0,92.0,0.4742268041237113,SUSPICIOUS,Sensor-specific sudden change exceeds both robust MAD and IQR criteria.,368.0,26.721635496089633,3.4429030368842137
1859,2026-08-08T22:00:00Z,Nablus,2,aqi,196.0,101.0,95.0,0.9405940594059405,SUSPICIOUS,Sensor-specific sudden change exceeds both robust MAD and IQR criteria.,380.0,26.721635496089633,3.5551716141739163
3459,2026-08-08T22:15:00Z,Nablus,4,aqi,192.0,100.0,92.0,0.92,SUSPICIOUS,Sensor-specific sudden change exceeds both robust MAD and IQR criteria.,368.0,26.721635496089633,3.4429030368842137
5049,2026-08-08T22:15:00Z,Nablus,5,aqi,191.0,101.0,90.0,0.8910891089108911,SUSPICIOUS,Sensor-specific sudden change exceeds both robust MAD and IQR criteria.,360.0,26.721635496089633,3.3680573186910787
1861,2026-08-08T22:30:00Z,Nablus,2,aqi,103.0,194.0,91.0,0.4690721649484536,SUSPICIOUS,Sensor-specific sudden change exceeds both robust MAD and IQR criteria.,364.0,26.721635496089633,3.4054801777876462
3460,2026-08-08T22:30:00Z,Nablus,4,aqi,100.0,192.0,92.0,0.4791666666666667,SUSPICIOUS,Sensor-specific sudden change exceeds both robust MAD and IQR criteria.,368.0,26.721635496089633,3.4429030368842137
5055,2026-08-08T23:45:00Z,Nablus,5,aqi,101.0,189.0,88.0,0.4656084656084656,SUSPICIOUS,Sensor-specific sudden change exceeds both robust MAD and IQR criteria.,352.0,26.721635496089633,3.2932116004979437
3466,2026-08-09T00:15:00Z,Nablus,4,pm25,36.16,41.79,5.630000000000003,0.13472122517348653,SUSPICIOUS,Sensor-specific sudden change exceeds both robust MAD and IQR criteria.,11.260000000000005,4.661286211815693,1.2078211343746195
3467,2026-08-09T00:30:00Z,Nablus,4,aqi,193.0,101.0,92.0,0.9108910891089109,SUSPICIOUS,Sensor-specific sudden change exceeds both robust MAD and IQR criteria.,368.0,26.721635496089633,3.4429030368842137
1869,2026-08-09T00:45:00Z,Nablus,2,aqi,194.0,107.0,87.0,0.8130841121495327,SUSPICIOUS,Sensor-specific sudden change exceeds both robust MAD and IQR criteria.,348.0,26.721635496089633,3.255788741401376
5058,2026-08-09T00:45:00Z,Nablus,5,aqi,182.0,101.0,81.0,0.801980198019802,SUSPICIOUS,Sensor-specific sudden change exceeds both robust MAD and IQR criteria.,324.0,26.721635496089633,3.0312515868219707
3471,2026-08-09T01:30:00Z,Nablus,4,aqi,101.0,196.0,95.0,0.4846938775510204,SUSPICIOUS,Sensor-specific sudden change exceeds both robust MAD and IQR criteria.,380.0,26.721635496089633,3.5551716141739163
3472,2026-08-09T01:45:00Z,Nablus,4,aqi,186.0,101.0,85.0,0.8415841584158416,SUSPICIOUS,Sensor-specific sudden change exceeds both robust MAD and IQR criteria.,340.0,26.721635496089633,3.180943023208241
3474,2026-08-09T02:15:00Z,Nablus,4,aqi,100.0,182.0,82.0,0.45054945054945056,SUSPICIOUS,Sensor-specific sudden change exceeds both robust MAD and IQR criteria.,328.0,26.721635496089633,3.068674445918538
3475,2026-08-09T02:30:00Z,Nablus,4,aqi,194.0,100.0,94.0,0.94,SUSPICIOUS,Sensor-specific sudden change exceeds both robust MAD and IQR criteria.,376.0,26.721635496089633,3.5177487550773487
1877,2026-08-09T02:45:00Z,Nablus,2,aqi,100.0,181.0,81.0,0.44751381215469616,SUSPICIOUS,Sensor-specific sudden change exceeds both robust MAD and IQR criteria.,324.0,26.721635496089633,3.0312515868219707
1878,2026-08-09T03:00:00Z,Nablus,2,aqi,194.0,100.0,94.0,0.94,SUSPICIOUS,Sensor-specific sudden change exceeds both robust MAD and IQR criteria.,376.0,26.721635496089633,3.5177487550773487
3480,2026-08-09T03:45:00Z,Nablus,4,aqi,115.0,193.0,78.0,0.40414507772020725,SUSPICIOUS,Sensor-specific sudden change exceeds both robust MAD and IQR criteria.,312.0,26.721635496089633,2.918983009532268
3480,2026-08-09T03:45:00Z,Nablus,4,pm25,43.74,34.85,8.89,0.2550932568149211,SUSPICIOUS,Sensor-specific sudden change exceeds both robust MAD and IQR criteria.,35.56,4.661286211815693,1.907198913781592
3481,2026-08-09T04:00:00Z,Nablus,4,aqi,182.0,115.0,67.0,0.5826086956521739,SUSPICIOUS,Sensor-specific sudden change exceeds both robust MAD and IQR criteria.,268.0,26.721635496089633,2.507331559470025
3481,2026-08-09T04:00:00Z,Nablus,4,pm25,32.8,43.74,10.940000000000005,0.250114311842707,SUSPICIOUS,Sensor-specific sudden change exceeds both robust MAD and IQR criteria.,43.76000000000002,4.661286211815693,2.3469916891755482
3485,2026-08-09T05:00:00Z,Nablus,4,aqi,193.0,166.0,27.0,0.16265060240963855,SUSPICIOUS,Sensor-specific sudden change exceeds both robust MAD and IQR criteria.,108.0,26.721635496089633,1.0104171956073236
3485,2026-08-09T05:00:00Z,Nablus,4,pm25,34.83,29.88,4.949999999999999,0.16566265060240962,SUSPICIOUS,Sensor-specific sudden change exceeds both robust MAD and IQR criteria.,19.799999999999997,4.661286211815693,1.0619386527805263
306,2026-08-09T05:15:00Z,Tulkarem,1,aqi,161.0,126.0,35.0,0.2777777777777778,SUSPICIOUS,Sensor-specific sudden change exceeds both robust MAD and IQR criteria.,140.0,26.721635496089633,1.3098000683798638
306,2026-08-09T05:15:00Z,Tulkarem,1,pm25,28.93,22.58,6.350000000000001,0.2812223206377326,SUSPICIOUS,Sensor-specific sudden change exceeds both robust MAD and IQR criteria.,25.400000000000006,4.414069856854811,1.4385816731329697
3486,2026-08-09T05:15:00Z,Nablus,4,aqi,161.0,193.0,32.0,0.16580310880829016,SUSPICIOUS,Sensor-specific sudden change exceeds both robust MAD and IQR criteria.,128.0,26.721635496089633,1.1975314910901613
3486,2026-08-09T05:15:00Z,Nablus,4,pm25,28.9,34.83,5.93,0.17025552684467413,SUSPICIOUS,Sensor-specific sudden change exceeds both robust MAD and IQR criteria.,23.72,4.661286211815693,1.2721810527249537
307,2026-08-09T05:30:00Z,Tulkarem,1,aqi,134.0,161.0,27.0,0.16770186335403728,SUSPICIOUS,Sensor-specific sudden change exceeds both robust MAD and IQR criteria.,108.0,26.721635496089633,1.0104171956073236
307,2026-08-09T05:30:00Z,Tulkarem,1,pm25,24.09,28.93,4.84,0.16730038022813687,SUSPICIOUS,Sensor-specific sudden change exceeds both robust MAD and IQR criteria.,19.36,4.414069856854811,1.0964937477107985
3487,2026-08-09T05:30:00Z,Nablus,4,aqi,110.0,161.0,51.0,0.3167701863354037,SUSPICIOUS,Sensor-specific sudden change exceeds both robust MAD and IQR criteria.,204.0,26.721635496089633,1.9085658139249446
3487,2026-08-09T05:30:00Z,Nablus,4,pm25,41.02,28.9,12.120000000000005,0.41937716262975794,SUSPICIOUS,Sensor-specific sudden change exceeds both robust MAD and IQR criteria.,48.48000000000002,4.661286211815693,2.6001407013535323
309,2026-08-09T06:00:00Z,Tulkarem,1,aqi,98.0,135.0,37.0,0.2740740740740741,SUSPICIOUS,Sensor-specific sudden change exceeds both robust MAD and IQR criteria.,148.0,26.721635496089633,1.384645786572999
309,2026-08-09T06:00:00Z,Tulkarem,1,pm25,17.68,24.28,6.600000000000001,0.2718286655683691,SUSPICIOUS,Sensor-specific sudden change exceeds both robust MAD and IQR criteria.,26.400000000000006,4.414069856854811,1.4952187468783622
3489,2026-08-09T06:00:00Z,Nablus,4,aqi,193.0,111.0,82.0,0.7387387387387387,SUSPICIOUS,Sensor-specific sudden change exceeds both robust MAD and IQR criteria.,328.0,26.721635496089633,3.068674445918538
3489,2026-08-09T06:00:00Z,Nablus,4,pm25,34.7,41.41,6.709999999999994,0.16203815503501556,SUSPICIOUS,Sensor-specific sudden change exceeds both robust MAD and IQR criteria.,26.839999999999975,4.661286211815693,1.4395168404358234
3490,2026-08-09T06:15:00Z,Nablus,4,aqi,156.0,193.0,37.0,0.19170984455958548,SUSPICIOUS,Sensor-specific sudden change exceeds both robust MAD and IQR criteria.,148.0,26.721635496089633,1.384645786572999
3490,2026-08-09T06:15:00Z,Nablus,4,pm25,28.1,34.7,6.600000000000001,0.19020172910662828,SUSPICIOUS,Sensor-specific sudden change exceeds both robust MAD and IQR criteria.,26.400000000000006,4.661286211815693,1.4159182037073688
3491,2026-08-09T06:30:00Z,Nablus,4,humidity,60.63,66.93,6.300000000000004,0.09412819363514124,SUSPICIOUS,Sensor-specific sudden change exceeds both robust MAD and IQR criteria.,25.200000000000017,5.760151631659264,1.0937212078539036
3492,2026-08-09T06:45:00Z,Nablus,4,aqi,117.0,152.0,35.0,0.23026315789473684,SUSPICIOUS,Sensor-specific sudden change exceeds both robust MAD and IQR criteria.,140.0,26.721635496089633,1.3098000683798638
3492,2026-08-09T06:45:00Z,Nablus,4,pm25,21.06,27.33,6.27,0.22941822173435786,SUSPICIOUS,Sensor-specific sudden change exceeds both robust MAD and IQR criteria.,25.08,4.661286211815693,1.345122293522
349,2026-08-09T16:00:00Z,Tulkarem,1,temperature,30.74,32.14,1.4000000000000021,0.043559427504667146,SUSPICIOUS,Sensor-specific sudden change exceeds both robust MAD and IQR criteria.,5.6000000000000085,1.3260817748044569,1.0557418302551103
350,2026-08-09T16:15:00Z,Tulkarem,1,humidity,53.27,47.5,5.770000000000003,0.12147368421052639,SUSPICIOUS,Sensor-specific sudden change exceeds both robust MAD and IQR criteria.,23.080000000000013,4.23546167937435,1.3623072138979502
350,2026-08-09T16:15:00Z,Tulkarem,1,temperature,28.21,30.74,2.5299999999999976,0.08230318802862713,SUSPICIOUS,Sensor-specific sudden change exceeds both robust MAD and IQR criteria.,10.11999999999999,1.3260817748044569,1.9078763075324443
3531,2026-08-09T16:30:00Z,Nablus,4,temperature,42.23,45.02,2.7900000000000063,0.061972456685917506,SUSPICIOUS,Sensor-specific sudden change exceeds both robust MAD and IQR criteria.,11.160000000000025,2.1177308396871712,1.317447877565093
1933,2026-08-09T16:45:00Z,Nablus,2,temperature,33.11,34.96,1.8500000000000014,0.05291762013729981,SUSPICIOUS,Sensor-specific sudden change exceeds both robust MAD and IQR criteria.,7.400000000000006,1.7519063072458572,1.055992545005649
3532,2026-08-09T16:45:00Z,Nablus,4,temperature,39.02,42.23,3.2099999999999937,0.07601231352119332,SUSPICIOUS,Sensor-specific sudden change exceeds both robust MAD and IQR criteria.,12.839999999999975,2.1177308396871712,1.5157733645103697
3533,2026-08-09T17:00:00Z,Nablus,4,temperature,36.56,39.02,2.460000000000001,0.06304459251665814,SUSPICIOUS,Sensor-specific sudden change exceeds both robust MAD and IQR criteria.,9.840000000000003,2.1177308396871712,1.16162070925094
1943,2026-08-09T19:15:00Z,Nablus,2,humidity,56.07,63.67,7.600000000000001,0.1193654782472122,SUSPICIOUS,Sensor-specific sudden change exceeds both robust MAD and IQR criteria.,30.400000000000006,6.987625228983257,1.0876370370403865
3543,2026-08-09T19:30:00Z,Nablus,4,humidity,47.49,53.68,6.189999999999998,0.11531296572280175,SUSPICIOUS,Sensor-specific sudden change exceeds both robust MAD and IQR criteria.,24.75999999999999,5.760151631659264,1.0746244883516916
375,2026-08-09T22:30:00Z,Tulkarem,1,aqi,130.0,88.0,42.0,0.4772727272727273,SUSPICIOUS,Sensor-specific sudden change exceeds both robust MAD and IQR criteria.,168.0,26.721635496089633,1.5717600820558366
375,2026-08-09T22:30:00Z,Tulkarem,1,o3,39.4,62.87,23.47,0.37331000477175125,SUSPICIOUS,Sensor-specific sudden change exceeds both robust MAD and IQR criteria.,93.88,18.22210395986052,1.287996163983012
375,2026-08-09T22:30:00Z,Tulkarem,1,pm25,23.39,15.89,7.5,0.47199496538703584,SUSPICIOUS,Sensor-specific sudden change exceeds both robust MAD and IQR criteria.,30.0,4.414069856854811,1.6991122123617748
400,2026-08-10T04:45:00Z,Tulkarem,1,humidity,57.12,61.93,4.810000000000002,0.07766833521718072,SUSPICIOUS,Sensor-specific sudden change exceeds both robust MAD and IQR criteria.,19.24000000000001,4.23546167937435,1.1356495145319132
402,2026-08-10T05:15:00Z,Tulkarem,1,humidity,59.11,54.36,4.75,0.08738042678440029,SUSPICIOUS,Sensor-specific sudden change exceeds both robust MAD and IQR criteria.,19.0,4.23546167937435,1.1214834083215355
409,2026-08-10T07:00:00Z,Tulkarem,1,humidity,44.87,49.72,4.850000000000001,0.09754625905068386,SUSPICIOUS,Sensor-specific sudden change exceeds both robust MAD and IQR criteria.,19.400000000000006,4.23546167937435,1.1450935853388313
440,2026-08-10T14:45:00Z,Tulkarem,1,temperature,32.74,31.28,1.4600000000000009,0.046675191815856804,SUSPICIOUS,Sensor-specific sudden change exceeds both robust MAD and IQR criteria.,5.840000000000003,1.3260817748044569,1.100987908694614
445,2026-08-10T16:15:00Z,Tulkarem,1,humidity,46.45,37.35,9.100000000000001,0.24364123159303885,SUSPICIOUS,Sensor-specific sudden change exceeds both robust MAD and IQR criteria.,18.200000000000003,4.23546167937435,2.1485261085738894
445,2026-08-10T16:15:00Z,Tulkarem,1,no2,12.25,12.08,0.16999999999999993,0.014072847682119199,SUSPICIOUS,Sensor-specific sudden change exceeds both robust MAD and IQR criteria.,0.33999999999999986,0.1286081774804454,1.3218444062458476
445,2026-08-10T16:15:00Z,Tulkarem,1,temperature,28.5,32.48,3.979999999999997,0.1225369458128078,SUSPICIOUS,Sensor-specific sudden change exceeds both robust MAD and IQR criteria.,7.959999999999994,1.3260817748044569,3.0013232031538064
2026,2026-08-10T16:15:00Z,Nablus,2,temperature,35.72,37.61,1.8900000000000006,0.05025259239563947,SUSPICIOUS,Sensor-specific sudden change exceeds both robust MAD and IQR criteria.,3.780000000000001,1.7519063072458572,1.078824816249014
3625,2026-08-10T16:15:00Z,Nablus,4,temperature,45.17,48.43,3.259999999999998,0.06731364856493904,SUSPICIOUS,Sensor-specific sudden change exceeds both robust MAD and IQR criteria.,6.519999999999996,2.1177308396871712,1.539383541527667
3626,2026-08-10T16:30:00Z,Nablus,4,temperature,42.7,45.17,2.469999999999999,0.05468231126854104,SUSPICIOUS,Sensor-specific sudden change exceeds both robust MAD and IQR criteria.,9.879999999999995,2.1177308396871712,1.1663427446543984
3627,2026-08-10T16:45:00Z,Nablus,4,temperature,39.95,42.7,2.75,0.06440281030444965,SUSPICIOUS,Sensor-specific sudden change exceeds both robust MAD and IQR criteria.,11.0,2.1177308396871712,1.2985597359512537
451,2026-08-10T17:45:00Z,Tulkarem,1,aqi,153.0,78.0,75.0,0.9615384615384616,SUSPICIOUS,Sensor-specific sudden change exceeds both robust MAD and IQR criteria.,300.0,26.721635496089633,2.8067144322425657
451,2026-08-10T17:45:00Z,Tulkarem,1,pm25,27.59,13.96,13.629999999999999,0.9763610315186245,SUSPICIOUS,Sensor-specific sudden change exceeds both robust MAD and IQR criteria.,54.519999999999996,4.414069856854811,3.0878532605987985
452,2026-08-10T18:00:00Z,Tulkarem,1,pm25,59.44,27.59,31.849999999999998,1.1544037694816962,EXTREME,Value exceeds the sensor-feature Q3 + 4×IQR fence; retained for review.,,,
452,2026-08-10T18:00:00Z,Tulkarem,1,pm25,59.44,27.59,31.849999999999998,1.1544037694816962,SUSPICIOUS,Sensor-specific sudden change exceeds both robust MAD and IQR criteria.,127.39999999999999,4.414069856854811,7.2155631951630035
453,2026-08-10T18:15:00Z,Tulkarem,1,aqi,126.0,160.0,34.0,0.2125,SUSPICIOUS,Sensor-specific sudden change exceeds both robust MAD and IQR criteria.,136.0,26.721635496089633,1.2723772092832963
453,2026-08-10T18:15:00Z,Tulkarem,1,pm25,49.48,59.44,9.96,0.16756393001345898,SUSPICIOUS,Sensor-specific sudden change exceeds both robust MAD and IQR criteria.,39.84,4.414069856854811,2.2564210180164372
454,2026-08-10T18:30:00Z,Tulkarem,1,pm25,20.09,49.48,29.389999999999997,0.5939773645917542,SUSPICIOUS,Sensor-specific sudden change exceeds both robust MAD and IQR criteria.,117.55999999999999,4.414069856854811,6.658254389508341
455,2026-08-10T18:45:00Z,Tulkarem,1,aqi,79.0,112.0,33.0,0.29464285714285715,SUSPICIOUS,Sensor-specific sudden change exceeds both robust MAD and IQR criteria.,132.0,26.721635496089633,1.2349543501867288
455,2026-08-10T18:45:00Z,Tulkarem,1,pm25,14.15,20.09,5.9399999999999995,0.29566948730711795,SUSPICIOUS,Sensor-specific sudden change exceeds both robust MAD and IQR criteria.,23.759999999999998,4.414069856854811,1.3456968721905256
2061,2026-08-11T01:00:00Z,Nablus,2,aqi,108.0,62.0,46.0,0.7419354838709677,SUSPICIOUS,Sensor-specific sudden change exceeds both robust MAD and IQR criteria.,184.0,26.721635496089633,1.7214515184421069
2061,2026-08-11T01:00:00Z,Nablus,2,pm25,19.48,11.08,8.4,0.7581227436823105,SUSPICIOUS,Sensor-specific sudden change exceeds both robust MAD and IQR criteria.,33.6,5.077110744257018,1.6544842969008848
2062,2026-08-11T01:15:00Z,Nablus,2,aqi,61.0,108.0,47.0,0.4351851851851852,SUSPICIOUS,Sensor-specific sudden change exceeds both robust MAD and IQR criteria.,188.0,26.721635496089633,1.7588743775386744
2062,2026-08-11T01:15:00Z,Nablus,2,pm25,10.93,19.48,8.55,0.438911704312115,SUSPICIOUS,Sensor-specific sudden change exceeds both robust MAD and IQR criteria.,34.2,5.077110744257018,1.6840286593455436
491,2026-08-11T03:45:00Z,Tulkarem,1,aqi,153.0,106.0,47.0,0.44339622641509435,SUSPICIOUS,Sensor-specific sudden change exceeds both robust MAD and IQR criteria.,188.0,26.721635496089633,1.7588743775386744
491,2026-08-11T03:45:00Z,Tulkarem,1,pm25,27.62,19.1,8.52,0.4460732984293193,SUSPICIOUS,Sensor-specific sudden change exceeds both robust MAD and IQR criteria.,34.08,4.414069856854811,1.9301914732429761
493,2026-08-11T04:15:00Z,Tulkarem,1,aqi,110.0,154.0,44.0,0.2857142857142857,SUSPICIOUS,Sensor-specific sudden change exceeds both robust MAD and IQR criteria.,176.0,26.721635496089633,1.6466058002489719
493,2026-08-11T04:15:00Z,Tulkarem,1,pm25,40.6,27.81,12.790000000000003,0.45990650845019787,SUSPICIOUS,Sensor-specific sudden change exceeds both robust MAD and IQR criteria.,51.16000000000001,4.414069856854811,2.8975526928142807
494,2026-08-11T04:30:00Z,Tulkarem,1,pm25,19.23,40.6,21.37,0.5263546798029557,SUSPICIOUS,Sensor-specific sudden change exceeds both robust MAD and IQR criteria.,85.48,4.414069856854811,4.841337063756151
497,2026-08-11T05:15:00Z,Tulkarem,1,aqi,123.0,86.0,37.0,0.43023255813953487,SUSPICIOUS,Sensor-specific sudden change exceeds both robust MAD and IQR criteria.,148.0,26.721635496089633,1.384645786572999
497,2026-08-11T05:15:00Z,Tulkarem,1,pm25,22.13,15.47,6.659999999999998,0.4305106658047833,SUSPICIOUS,Sensor-specific sudden change exceeds both robust MAD and IQR criteria.,26.639999999999993,4.414069856854811,1.5088116445772557
499,2026-08-11T05:45:00Z,Tulkarem,1,aqi,83.0,132.0,49.0,0.3712121212121212,SUSPICIOUS,Sensor-specific sudden change exceeds both robust MAD and IQR criteria.,196.0,26.721635496089633,1.8337200957318096
499,2026-08-11T05:45:00Z,Tulkarem,1,pm25,15.0,23.74,8.739999999999998,0.3681550126368997,SUSPICIOUS,Sensor-specific sudden change exceeds both robust MAD and IQR criteria.,34.959999999999994,4.414069856854811,1.9800320981389212
535,2026-08-11T14:45:00Z,Tulkarem,1,temperature,32.55,30.98,1.5699999999999967,0.05067785668173004,SUSPICIOUS,Sensor-specific sudden change exceeds both robust MAD and IQR criteria.,6.279999999999987,1.3260817748044569,1.1839390525003692
540,2026-08-11T16:00:00Z,Tulkarem,1,temperature,30.45,31.86,1.4100000000000001,0.04425612052730697,SUSPICIOUS,Sensor-specific sudden change exceeds both robust MAD and IQR criteria.,5.640000000000001,1.3260817748044569,1.0632828433283594
3720,2026-08-11T16:00:00Z,Nablus,4,temperature,43.0,45.37,2.3699999999999974,0.05223716111968255,SUSPICIOUS,Sensor-specific sudden change exceeds both robust MAD and IQR criteria.,9.47999999999999,2.1177308396871712,1.1191223906198067
541,2026-08-11T16:15:00Z,Tulkarem,1,humidity,49.56,44.74,4.82,0.10773357174787662,SUSPICIOUS,Sensor-specific sudden change exceeds both robust MAD and IQR criteria.,19.28,4.23546167937435,1.1380105322336425
541,2026-08-11T16:15:00Z,Tulkarem,1,temperature,28.0,30.45,2.4499999999999993,0.08045977011494251,SUSPICIOUS,Sensor-specific sudden change exceeds both robust MAD and IQR criteria.,9.799999999999997,1.3260817748044569,1.8475482029464394
3722,2026-08-11T16:30:00Z,Nablus,4,temperature,38.51,40.93,2.4200000000000017,0.05912533593940879,SUSPICIOUS,Sensor-specific sudden change exceeds both robust MAD and IQR criteria.,9.680000000000007,2.1177308396871712,1.142732567637104
3723,2026-08-11T16:45:00Z,Nablus,4,temperature,36.15,38.51,2.3599999999999994,0.06128278369254738,SUSPICIOUS,Sensor-specific sudden change exceeds both robust MAD and IQR criteria.,9.439999999999998,2.1177308396871712,1.1144003552163484
3738,2026-08-11T20:30:00Z,Nablus,4,humidity,40.82,47.64,6.82,0.1431570109151973,SUSPICIOUS,Sensor-specific sudden change exceeds both robust MAD and IQR criteria.,27.28,5.760151631659264,1.1839966091370822
631,2026-08-12T14:45:00Z,Tulkarem,1,temperature,32.11,30.71,1.3999999999999986,0.045587756431129875,SUSPICIOUS,Sensor-specific sudden change exceeds both robust MAD and IQR criteria.,5.599999999999994,1.3260817748044569,1.0557418302551074
636,2026-08-12T16:00:00Z,Tulkarem,1,aqi,123.0,82.0,41.0,0.5,SUSPICIOUS,Sensor-specific sudden change exceeds both robust MAD and IQR criteria.,164.0,26.721635496089633,1.534337222959269
636,2026-08-12T16:00:00Z,Tulkarem,1,pm25,22.21,14.76,7.450000000000001,0.5047425474254743,SUSPICIOUS,Sensor-specific sudden change exceeds both robust MAD and IQR criteria.,29.800000000000004,4.414069856854811,1.6877847976126965
636,2026-08-12T16:00:00Z,Tulkarem,1,temperature,30.75,32.14,1.3900000000000006,0.04324828873677662,SUSPICIOUS,Sensor-specific sudden change exceeds both robust MAD and IQR criteria.,5.560000000000002,1.3260817748044569,1.0482008171818582
3816,2026-08-12T16:00:00Z,Nablus,4,temperature,42.27,44.46,2.1899999999999977,0.049257759784075525,SUSPICIOUS,Sensor-specific sudden change exceeds both robust MAD and IQR criteria.,8.759999999999991,2.1177308396871712,1.0341257533575428
637,2026-08-12T16:15:00Z,Tulkarem,1,humidity,49.42,43.74,5.68,0.12985825331504341,SUSPICIOUS,Sensor-specific sudden change exceeds both robust MAD and IQR criteria.,22.72,4.23546167937435,1.3410580545823834
637,2026-08-12T16:15:00Z,Tulkarem,1,temperature,28.1,30.75,2.6499999999999986,0.08617886178861783,SUSPICIOUS,Sensor-specific sudden change exceeds both robust MAD and IQR criteria.,10.599999999999994,1.3260817748044569,1.9983684644114543
638,2026-08-12T16:30:00Z,Tulkarem,1,humidity,54.15,49.42,4.729999999999997,0.09571023876972878,SUSPICIOUS,Sensor-specific sudden change exceeds both robust MAD and IQR criteria.,18.919999999999987,4.23546167937435,1.1167613729180756
638,2026-08-12T16:30:00Z,Tulkarem,1,temperature,26.68,28.1,1.4200000000000017,0.05053380782918155,SUSPICIOUS,Sensor-specific sudden change exceeds both robust MAD and IQR criteria.,5.680000000000007,1.3260817748044569,1.0708238564016115
3818,2026-08-12T16:30:00Z,Nablus,4,temperature,38.28,40.49,2.210000000000001,0.05458137811805386,SUSPICIOUS,Sensor-specific sudden change exceeds both robust MAD and IQR criteria.,8.840000000000003,2.1177308396871712,1.0435698241644624
639,2026-08-12T16:45:00Z,Tulkarem,1,aqi,192.0,111.0,81.0,0.7297297297297297,SUSPICIOUS,Sensor-specific sudden change exceeds both robust MAD and IQR criteria.,324.0,26.721635496089633,3.0312515868219707
639,2026-08-12T16:45:00Z,Tulkarem,1,pm25,34.64,19.86,14.780000000000001,0.744209466263847,SUSPICIOUS,Sensor-specific sudden change exceeds both robust MAD and IQR criteria.,59.120000000000005,4.414069856854811,3.3483837998276043
3819,2026-08-12T16:45:00Z,Nablus,4,temperature,35.83,38.28,2.450000000000003,0.0640020898641589,SUSPICIOUS,Sensor-specific sudden change exceeds both robust MAD and IQR criteria.,9.800000000000011,2.1177308396871712,1.156898673847482
640,2026-08-12T17:00:00Z,Tulkarem,1,aqi,122.0,192.0,70.0,0.3645833333333333,SUSPICIOUS,Sensor-specific sudden change exceeds both robust MAD and IQR criteria.,280.0,26.721635496089633,2.6196001367597277
640,2026-08-12T17:00:00Z,Tulkarem,1,pm25,47.17,34.64,12.530000000000001,0.36172055427251737,SUSPICIOUS,Sensor-specific sudden change exceeds both robust MAD and IQR criteria.,50.120000000000005,4.414069856854811,2.838650136119072
641,2026-08-12T17:15:00Z,Tulkarem,1,pm25,50.41,47.17,3.239999999999995,0.0686877252490989,EXTREME,Value exceeds the sensor-feature Q3 + 4×IQR fence; retained for review.,,,
642,2026-08-12T17:30:00Z,Tulkarem,1,aqi,177.0,128.0,49.0,0.3828125,SUSPICIOUS,Sensor-specific sudden change exceeds both robust MAD and IQR criteria.,196.0,26.721635496089633,1.8337200957318096
642,2026-08-12T17:30:00Z,Tulkarem,1,pm25,31.87,50.41,18.539999999999996,0.3677841698075778,SUSPICIOUS,Sensor-specific sudden change exceeds both robust MAD and IQR criteria.,74.15999999999998,4.414069856854811,4.200205388958306
645,2026-08-12T18:15:00Z,Tulkarem,1,aqi,128.0,171.0,43.0,0.25146198830409355,SUSPICIOUS,Sensor-specific sudden change exceeds both robust MAD and IQR criteria.,172.0,26.721635496089633,1.6091829411524043
645,2026-08-12T18:15:00Z,Tulkarem,1,pm25,23.11,30.7,7.59,0.2472312703583062,SUSPICIOUS,Sensor-specific sudden change exceeds both robust MAD and IQR criteria.,30.36,4.414069856854811,1.7195015589101161
2231,2026-08-12T19:30:00Z,Nablus,2,humidity,50.8,58.41,7.609999999999999,0.1302859099469269,SUSPICIOUS,Sensor-specific sudden change exceeds both robust MAD and IQR criteria.,30.439999999999998,6.987625228983257,1.089068138404913
3830,2026-08-12T19:30:00Z,Nablus,4,humidity,46.18,56.39,10.21,0.18106047171484307,SUSPICIOUS,Sensor-specific sudden change exceeds both robust MAD and IQR criteria.,40.84,5.760151631659264,1.7725227828870396
3832,2026-08-12T20:00:00Z,Nablus,4,humidity,32.83,40.6,7.770000000000003,0.19137931034482766,SUSPICIOUS,Sensor-specific sudden change exceeds both robust MAD and IQR criteria.,31.080000000000013,5.760151631659264,1.3489228230198143
2236,2026-08-12T20:45:00Z,Nablus,2,humidity,32.42,40.65,8.229999999999997,0.20246002460024592,SUSPICIOUS,Sensor-specific sudden change exceeds both robust MAD and IQR criteria.,32.91999999999999,6.987625228983257,1.1777964230055757
3846,2026-08-12T23:30:00Z,Nablus,4,pm25,18.02,13.28,4.74,0.35692771084337355,SUSPICIOUS,Sensor-specific sudden change exceeds both robust MAD and IQR criteria.,18.96,4.661286211815693,1.016886709935292
2264,2026-08-13T03:45:00Z,Nablus,2,aqi,150.0,123.0,27.0,0.21951219512195122,SUSPICIOUS,Sensor-specific sudden change exceeds both robust MAD and IQR criteria.,108.0,26.721635496089633,1.0104171956073236
3865,2026-08-13T04:15:00Z,Nablus,4,aqi,144.0,115.0,29.0,0.25217391304347825,SUSPICIOUS,Sensor-specific sudden change exceeds both robust MAD and IQR criteria.,116.0,26.721635496089633,1.0852629138004586
3865,2026-08-13T04:15:00Z,Nablus,4,pm25,25.95,20.72,5.23,0.25241312741312744,SUSPICIOUS,Sensor-specific sudden change exceeds both robust MAD and IQR criteria.,20.92,4.661286211815693,1.1220079099075058
3869,2026-08-13T05:15:00Z,Nablus,4,aqi,112.0,139.0,27.0,0.19424460431654678,SUSPICIOUS,Sensor-specific sudden change exceeds both robust MAD and IQR criteria.,108.0,26.721635496089633,1.0104171956073236
3869,2026-08-13T05:15:00Z,Nablus,4,pm25,41.59,25.02,16.570000000000004,0.6622701838529178,SUSPICIOUS,Sensor-specific sudden change exceeds both robust MAD and IQR criteria.,66.28000000000002,4.661286211815693,3.554812823550167
3870,2026-08-13T05:30:00Z,Nablus,4,pm25,22.85,41.59,18.740000000000002,0.4505890839144025,SUSPICIOUS,Sensor-specific sudden change exceeds both robust MAD and IQR criteria.,74.96000000000001,4.661286211815693,4.020349566284256
692,2026-08-13T06:00:00Z,Tulkarem,1,aqi,184.0,127.0,57.0,0.44881889763779526,SUSPICIOUS,Sensor-specific sudden change exceeds both robust MAD and IQR criteria.,228.0,26.721635496089633,2.1331029685043497
692,2026-08-13T06:00:00Z,Tulkarem,1,pm25,33.11,22.82,10.29,0.45092024539877296,SUSPICIOUS,Sensor-specific sudden change exceeds both robust MAD and IQR criteria.,41.16,4.414069856854811,2.3311819553603548
693,2026-08-13T06:15:00Z,Tulkarem,1,aqi,132.0,184.0,52.0,0.2826086956521739,SUSPICIOUS,Sensor-specific sudden change exceeds both robust MAD and IQR criteria.,208.0,26.721635496089633,1.9459886730215121
693,2026-08-13T06:15:00Z,Tulkarem,1,pm25,23.68,33.11,9.43,0.2848082150407732,SUSPICIOUS,Sensor-specific sudden change exceeds both robust MAD and IQR criteria.,37.72,4.414069856854811,2.136350421676205
697,2026-08-13T07:15:00Z,Tulkarem,1,aqi,193.0,135.0,58.0,0.42962962962962964,SUSPICIOUS,Sensor-specific sudden change exceeds both robust MAD and IQR criteria.,232.0,26.721635496089633,2.170525827600917
697,2026-08-13T07:15:00Z,Tulkarem,1,pm25,34.7,24.26,10.440000000000001,0.4303380049464139,SUSPICIOUS,Sensor-specific sudden change exceeds both robust MAD and IQR criteria.,41.760000000000005,4.414069856854811,2.365164199607591
699,2026-08-13T07:45:00Z,Tulkarem,1,aqi,129.0,187.0,58.0,0.31016042780748665,SUSPICIOUS,Sensor-specific sudden change exceeds both robust MAD and IQR criteria.,232.0,26.721635496089633,2.170525827600917
699,2026-08-13T07:45:00Z,Tulkarem,1,pm25,23.23,33.62,10.389999999999997,0.30904223676383097,SUSPICIOUS,Sensor-specific sudden change exceeds both robust MAD and IQR criteria.,41.55999999999999,4.414069856854811,2.3538367848585113
706,2026-08-13T09:45:00Z,Tulkarem,1,o3,63.41,94.02,30.61,0.3255690278664114,SUSPICIOUS,Sensor-specific sudden change exceeds both robust MAD and IQR criteria.,122.44,18.22210395986052,1.6798279752671492
730,2026-08-13T15:45:00Z,Tulkarem,1,temperature,29.63,31.33,1.6999999999999993,0.054261091605489926,SUSPICIOUS,Sensor-specific sudden change exceeds both robust MAD and IQR criteria.,6.799999999999997,1.3260817748044569,1.2819722224526313
2314,2026-08-13T16:15:00Z,Nablus,2,aqi,150.0,121.0,29.0,0.2396694214876033,SUSPICIOUS,Sensor-specific sudden change exceeds both robust MAD and IQR criteria.,116.0,26.721635496089633,1.0852629138004586
2314,2026-08-13T16:15:00Z,Nablus,2,pm25,26.96,21.69,5.27,0.24296911018902717,SUSPICIOUS,Sensor-specific sudden change exceeds both robust MAD and IQR criteria.,21.08,5.077110744257018,1.0379919338890073
2355,2026-08-14T02:30:00Z,Nablus,2,aqi,101.0,195.0,94.0,0.48205128205128206,SUSPICIOUS,Sensor-specific sudden change exceeds both robust MAD and IQR criteria.,376.0,26.721635496089633,3.5177487550773487
3959,2026-08-14T04:15:00Z,Nablus,4,aqi,102.0,185.0,83.0,0.4486486486486487,SUSPICIOUS,Sensor-specific sudden change exceeds both robust MAD and IQR criteria.,332.0,26.721635496089633,3.1060973050151057
3960,2026-08-14T04:30:00Z,Nablus,4,aqi,176.0,102.0,74.0,0.7254901960784313,SUSPICIOUS,Sensor-specific sudden change exceeds both robust MAD and IQR criteria.,296.0,26.721635496089633,2.769291573145998
3960,2026-08-14T04:30:00Z,Nablus,4,pm25,31.62,36.54,4.919999999999998,0.13464696223316908,SUSPICIOUS,Sensor-specific sudden change exceeds both robust MAD and IQR criteria.,19.679999999999993,4.661286211815693,1.0555026609454925
2364,2026-08-14T04:45:00Z,Nablus,2,aqi,183.0,101.0,82.0,0.8118811881188119,SUSPICIOUS,Sensor-specific sudden change exceeds both robust MAD and IQR criteria.,328.0,26.721635496089633,3.068674445918538
3961,2026-08-14T04:45:00Z,Nablus,4,aqi,101.0,176.0,75.0,0.42613636363636365,SUSPICIOUS,Sensor-specific sudden change exceeds both robust MAD and IQR criteria.,300.0,26.721635496089633,2.8067144322425657
3962,2026-08-14T05:00:00Z,Nablus,4,aqi,153.0,101.0,52.0,0.5148514851485149,SUSPICIOUS,Sensor-specific sudden change exceeds both robust MAD and IQR criteria.,208.0,26.721635496089633,1.9459886730215121
3962,2026-08-14T05:00:00Z,Nablus,4,pm25,27.65,35.67,8.020000000000003,0.22483880011213914,SUSPICIOUS,Sensor-specific sudden change exceeds both robust MAD and IQR criteria.,32.08000000000001,4.661286211815693,1.7205551505656211
2416,2026-08-14T17:45:00Z,Nablus,2,aqi,101.0,193.0,92.0,0.47668393782383417,SUSPICIOUS,Sensor-specific sudden change exceeds both robust MAD and IQR criteria.,368.0,26.721635496089633,3.4429030368842137
4015,2026-08-14T18:15:00Z,Nablus,4,aqi,100.0,188.0,88.0,0.46808510638297873,SUSPICIOUS,Sensor-specific sudden change exceeds both robust MAD and IQR criteria.,352.0,26.721635496089633,3.2932116004979437
4023,2026-08-14T20:15:00Z,Nablus,4,aqi,184.0,101.0,83.0,0.8217821782178217,SUSPICIOUS,Sensor-specific sudden change exceeds both robust MAD and IQR criteria.,332.0,26.721635496089633,3.1060973050151057
845,2026-08-14T20:30:00Z,Tulkarem,1,aqi,102.0,173.0,71.0,0.41040462427745666,SUSPICIOUS,Sensor-specific sudden change exceeds both robust MAD and IQR criteria.,284.0,26.721635496089633,2.657022995856295
845,2026-08-14T20:30:00Z,Tulkarem,1,pm25,36.65,31.22,5.43,0.17392696989109546,SUSPICIOUS,Sensor-specific sudden change exceeds both robust MAD and IQR criteria.,21.72,4.414069856854811,1.230157241749925
2427,2026-08-14T20:30:00Z,Nablus,2,aqi,191.0,100.0,91.0,0.91,SUSPICIOUS,Sensor-specific sudden change exceeds both robust MAD and IQR criteria.,364.0,26.721635496089633,3.4054801777876462
846,2026-08-14T20:45:00Z,Tulkarem,1,aqi,184.0,102.0,82.0,0.803921568627451,SUSPICIOUS,Sensor-specific sudden change exceeds both robust MAD and IQR criteria.,328.0,26.721635496089633,3.068674445918538
848,2026-08-14T21:15:00Z,Tulkarem,1,aqi,166.0,194.0,28.0,0.14432989690721648,SUSPICIOUS,Sensor-specific sudden change exceeds both robust MAD and IQR criteria.,112.0,26.721635496089633,1.047840054703891
848,2026-08-14T21:15:00Z,Tulkarem,1,pm25,29.79,35.0,5.210000000000001,0.14885714285714288,SUSPICIOUS,Sensor-specific sudden change exceeds both robust MAD and IQR criteria.,20.840000000000003,4.414069856854811,1.1803166168539798
2432,2026-08-14T21:45:00Z,Nablus,2,aqi,101.0,195.0,94.0,0.48205128205128206,SUSPICIOUS,Sensor-specific sudden change exceeds both robust MAD and IQR criteria.,376.0,26.721635496089633,3.5177487550773487
4032,2026-08-14T22:30:00Z,Nablus,4,aqi,100.0,188.0,88.0,0.46808510638297873,SUSPICIOUS,Sensor-specific sudden change exceeds both robust MAD and IQR criteria.,352.0,26.721635496089633,3.2932116004979437
2452,2026-08-15T02:45:00Z,Nablus,2,pm25,42.89,48.61,5.719999999999999,0.11767126105739557,SUSPICIOUS,Sensor-specific sudden change exceeds both robust MAD and IQR criteria.,22.879999999999995,5.077110744257018,1.1266250212229831
874,2026-08-15T03:45:00Z,Tulkarem,1,aqi,101.0,196.0,95.0,0.4846938775510204,SUSPICIOUS,Sensor-specific sudden change exceeds both robust MAD and IQR criteria.,380.0,26.721635496089633,3.5551716141739163
879,2026-08-15T05:00:00Z,Tulkarem,1,aqi,194.0,106.0,88.0,0.8301886792452831,SUSPICIOUS,Sensor-specific sudden change exceeds both robust MAD and IQR criteria.,352.0,26.721635496089633,3.2932116004979437
4060,2026-08-15T05:30:00Z,Nablus,4,aqi,188.0,101.0,87.0,0.8613861386138614,SUSPICIOUS,Sensor-specific sudden change exceeds both robust MAD and IQR criteria.,348.0,26.721635496089633,3.255788741401376
2465,2026-08-15T06:00:00Z,Nablus,2,aqi,196.0,102.0,94.0,0.9215686274509803,SUSPICIOUS,Sensor-specific sudden change exceeds both robust MAD and IQR criteria.,376.0,26.721635496089633,3.5177487550773487
919,2026-08-15T15:00:00Z,Tulkarem,1,temperature,33.09,31.56,1.5300000000000047,0.048479087452471634,SUSPICIOUS,Sensor-specific sudden change exceeds both robust MAD and IQR criteria.,6.120000000000019,1.3260817748044569,1.1537750002073721
923,2026-08-15T16:00:00Z,Tulkarem,1,temperature,29.75,31.7,1.9499999999999993,0.06151419558359619,SUSPICIOUS,Sensor-specific sudden change exceeds both robust MAD and IQR criteria.,7.799999999999997,1.3260817748044569,1.4704975492839008
924,2026-08-15T16:15:00Z,Tulkarem,1,humidity,53.57,47.86,5.710000000000001,0.11930631007104055,SUSPICIOUS,Sensor-specific sudden change exceeds both robust MAD and IQR criteria.,22.840000000000003,4.23546167937435,1.3481411076875722
924,2026-08-15T16:15:00Z,Tulkarem,1,temperature,27.83,29.75,1.9200000000000017,0.06453781512605047,SUSPICIOUS,Sensor-specific sudden change exceeds both robust MAD and IQR criteria.,7.680000000000007,1.3260817748044569,1.4478745100641501
2506,2026-08-15T16:15:00Z,Nablus,2,humidity,49.07,42.02,7.049999999999997,0.1677772489290813,SUSPICIOUS,Sensor-specific sudden change exceeds both robust MAD and IQR criteria.,28.19999999999999,6.987625228983257,1.0089264619914105
4103,2026-08-15T16:15:00Z,Nablus,4,aqi,105.0,76.0,29.0,0.3815789473684211,SUSPICIOUS,Sensor-specific sudden change exceeds both robust MAD and IQR criteria.,116.0,26.721635496089633,1.0852629138004586
4103,2026-08-15T16:15:00Z,Nablus,4,pm25,18.94,13.71,5.23,0.3814733770970095,SUSPICIOUS,Sensor-specific sudden change exceeds both robust MAD and IQR criteria.,20.92,4.661286211815693,1.1220079099075058
4104,2026-08-15T16:30:00Z,Nablus,4,humidity,44.71,37.64,7.07,0.18783209351753455,SUSPICIOUS,Sensor-specific sudden change exceeds both robust MAD and IQR criteria.,28.28,5.760151631659264,1.22739824436938
944,2026-08-15T21:15:00Z,Tulkarem,1,aqi,11.0,123.0,112.0,0.9105691056910569,SUSPICIOUS,Sensor-specific sudden change exceeds both robust MAD and IQR criteria.,448.0,26.721635496089633,4.191360218815564
944,2026-08-15T21:15:00Z,Tulkarem,1,humidity,,62.78,,,MISSING,Value is absent within a feature the sensor otherwise provides.,,,
944,2026-08-15T21:15:00Z,Tulkarem,1,pm25,,22.23,,,MISSING,Value is absent within a feature the sensor otherwise provides.,,,
945,2026-08-15T21:30:00Z,Tulkarem,1,aqi,133.0,11.0,122.0,11.090909090909092,SUSPICIOUS,Sensor-specific sudden change exceeds both robust MAD and IQR criteria.,488.0,26.721635496089633,4.56558880978124
2536,2026-08-15T23:45:00Z,Nablus,2,aqi,101.0,193.0,92.0,0.47668393782383417,SUSPICIOUS,Sensor-specific sudden change exceeds both robust MAD and IQR criteria.,368.0,26.721635496089633,3.4429030368842137
4137,2026-08-16T00:45:00Z,Nablus,4,aqi,101.0,188.0,87.0,0.4627659574468085,SUSPICIOUS,Sensor-specific sudden change exceeds both robust MAD and IQR criteria.,348.0,26.721635496089633,3.255788741401376
4145,2026-08-16T02:45:00Z,Nablus,4,aqi,188.0,103.0,85.0,0.8252427184466019,SUSPICIOUS,Sensor-specific sudden change exceeds both robust MAD and IQR criteria.,340.0,26.721635496089633,3.180943023208241
2550,2026-08-16T03:15:00Z,Nablus,2,aqi,186.0,103.0,83.0,0.8058252427184466,SUSPICIOUS,Sensor-specific sudden change exceeds both robust MAD and IQR criteria.,332.0,26.721635496089633,3.1060973050151057
4151,2026-08-16T04:15:00Z,Nablus,4,aqi,100.0,180.0,80.0,0.4444444444444444,SUSPICIOUS,Sensor-specific sudden change exceeds both robust MAD and IQR criteria.,320.0,26.721635496089633,2.993828727725403
4152,2026-08-16T04:30:00Z,Nablus,4,aqi,181.0,100.0,81.0,0.81,SUSPICIOUS,Sensor-specific sudden change exceeds both robust MAD and IQR criteria.,324.0,26.721635496089633,3.0312515868219707
4153,2026-08-16T04:45:00Z,Nablus,4,aqi,124.0,181.0,57.0,0.3149171270718232,SUSPICIOUS,Sensor-specific sudden change exceeds both robust MAD and IQR criteria.,228.0,26.721635496089633,2.1331029685043497
4153,2026-08-16T04:45:00Z,Nablus,4,pm25,22.42,32.63,10.21,0.312902237205026,SUSPICIOUS,Sensor-specific sudden change exceeds both robust MAD and IQR criteria.,40.84,4.661286211815693,2.1903825545230657
975,2026-08-16T05:00:00Z,Tulkarem,1,o3,59.29,37.46,21.83,0.5827549386011746,SUSPICIOUS,Sensor-specific sudden change exceeds both robust MAD and IQR criteria.,87.32,18.22210395986052,1.197995579878532
977,2026-08-16T05:30:00Z,Tulkarem,1,aqi,157.0,122.0,35.0,0.28688524590163933,SUSPICIOUS,Sensor-specific sudden change exceeds both robust MAD and IQR criteria.,140.0,26.721635496089633,1.3098000683798638
977,2026-08-16T05:30:00Z,Tulkarem,1,pm25,28.27,22.03,6.239999999999998,0.2832501134816159,SUSPICIOUS,Sensor-specific sudden change exceeds both robust MAD and IQR criteria.,24.959999999999994,4.414069856854811,1.4136613606849964
984,2026-08-16T07:15:00Z,Tulkarem,1,o3,48.63,67.67,19.04,0.2813654499778336,SUSPICIOUS,Sensor-specific sudden change exceeds both robust MAD and IQR criteria.,76.16,18.22210395986052,1.0448848300910332
986,2026-08-16T07:45:00Z,Tulkarem,1,no2,12.26,12.07,0.1899999999999995,0.015741507870753894,SUSPICIOUS,Sensor-specific sudden change exceeds both robust MAD and IQR criteria.,0.759999999999998,0.1286081774804454,1.477355512863003
986,2026-08-16T07:45:00Z,Tulkarem,1,o3,28.27,60.25,31.98,0.5307883817427386,SUSPICIOUS,Sensor-specific sudden change exceeds both robust MAD and IQR criteria.,127.92,18.22210395986052,1.755011390037355
991,2026-08-16T09:00:00Z,Tulkarem,1,no2,12.3,12.14,0.16000000000000014,0.013179571663920933,SUSPICIOUS,Sensor-specific sudden change exceeds both robust MAD and IQR criteria.,0.6400000000000006,0.1286081774804454,1.24408885293727
991,2026-08-16T09:00:00Z,Tulkarem,1,o3,23.87,55.75,31.88,0.5718385650224215,SUSPICIOUS,Sensor-specific sudden change exceeds both robust MAD and IQR criteria.,127.52,18.22210395986052,1.7495235495431793
2580,2026-08-16T10:45:00Z,Nablus,2,humidity,48.53,40.94,7.590000000000003,0.18539325842696638,SUSPICIOUS,Sensor-specific sudden change exceeds both robust MAD and IQR criteria.,30.360000000000014,6.987625228983257,1.08620593567586
1000,2026-08-16T11:15:00Z,Tulkarem,1,pm25,19.35,24.2,4.849999999999998,0.20041322314049578,SUSPICIOUS,Sensor-specific sudden change exceeds both robust MAD and IQR criteria.,19.39999999999999,4.414069856854811,1.098759230660614
4184,2026-08-16T12:30:00Z,Nablus,4,aqi,168.0,98.0,70.0,0.7142857142857143,SUSPICIOUS,Sensor-specific sudden change exceeds both robust MAD and IQR criteria.,280.0,26.721635496089633,2.6196001367597277
4184,2026-08-16T12:30:00Z,Nablus,4,pm25,30.34,17.65,12.690000000000001,0.7189801699716715,SUSPICIOUS,Sensor-specific sudden change exceeds both robust MAD and IQR criteria.,50.760000000000005,4.661286211815693,2.722424546219168
4185,2026-08-16T12:45:00Z,Nablus,4,aqi,116.0,168.0,52.0,0.30952380952380953,SUSPICIOUS,Sensor-specific sudden change exceeds both robust MAD and IQR criteria.,208.0,26.721635496089633,1.9459886730215121
4185,2026-08-16T12:45:00Z,Nablus,4,pm25,20.94,30.34,9.399999999999999,0.30982201713909024,SUSPICIOUS,Sensor-specific sudden change exceeds both robust MAD and IQR criteria.,37.599999999999994,4.661286211815693,2.016610774977161
4186,2026-08-16T13:00:00Z,Nablus,4,aqi,84.0,116.0,32.0,0.27586206896551724,SUSPICIOUS,Sensor-specific sudden change exceeds both robust MAD and IQR criteria.,128.0,26.721635496089633,1.1975314910901613
4186,2026-08-16T13:00:00Z,Nablus,4,pm25,15.06,20.94,5.880000000000001,0.2808022922636103,SUSPICIOUS,Sensor-specific sudden change exceeds both robust MAD and IQR criteria.,23.520000000000003,4.661286211815693,1.2614543996665648
4188,2026-08-16T13:30:00Z,Nablus,4,temperature,46.18,43.9,2.280000000000001,0.05193621867881552,SUSPICIOUS,Sensor-specific sudden change exceeds both robust MAD and IQR criteria.,9.120000000000005,2.1177308396871712,1.0766240719886764
1014,2026-08-16T14:45:00Z,Tulkarem,1,no2,12.16,12.29,0.129999999999999,0.010577705451586575,SUSPICIOUS,Sensor-specific sudden change exceeds both robust MAD and IQR criteria.,0.519999999999996,0.1286081774804454,1.010822193011523
1015,2026-08-16T15:00:00Z,Tulkarem,1,o3,0.96,21.25,20.29,0.9548235294117646,SUSPICIOUS,Sensor-specific sudden change exceeds both robust MAD and IQR criteria.,81.16,18.22210395986052,1.113482836268228
1017,2026-08-16T15:30:00Z,Tulkarem,1,temperature,30.66,29.29,1.370000000000001,0.04677364288152957,SUSPICIOUS,Sensor-specific sudden change exceeds both robust MAD and IQR criteria.,5.480000000000004,1.3260817748044569,1.033118791035357
4197,2026-08-16T15:45:00Z,Nablus,4,temperature,42.84,45.38,2.539999999999999,0.05597179374173643,SUSPICIOUS,Sensor-specific sudden change exceeds both robust MAD and IQR criteria.,10.159999999999997,2.1177308396871712,1.199396992478612
1019,2026-08-16T16:00:00Z,Tulkarem,1,aqi,637.0,88.0,549.0,6.238636363636363,EXTREME,Value exceeds the sensor-feature Q3 + 4×IQR fence; retained for review.,,,
1019,2026-08-16T16:00:00Z,Tulkarem,1,aqi,637.0,88.0,549.0,6.238636363636363,SUSPICIOUS,Sensor-specific sudden change exceeds both robust MAD and IQR criteria.,2196.0,26.721635496089633,20.54514964401558
1019,2026-08-16T16:00:00Z,Tulkarem,1,no2,12.3,12.16,0.14000000000000057,0.011513157894736888,SUSPICIOUS,Sensor-specific sudden change exceeds both robust MAD and IQR criteria.,0.5600000000000023,0.1286081774804454,1.0885777463201147
4198,2026-08-16T16:00:00Z,Nablus,4,temperature,39.63,42.84,3.210000000000001,0.07492997198879553,SUSPICIOUS,Sensor-specific sudden change exceeds both robust MAD and IQR criteria.,12.840000000000003,2.1177308396871712,1.515773364510373
1020,2026-08-16T16:15:00Z,Tulkarem,1,aqi,113.0,637.0,524.0,0.8226059654631083,SUSPICIOUS,Sensor-specific sudden change exceeds both robust MAD and IQR criteria.,2096.0,26.721635496089633,19.60957816660139
1020,2026-08-16T16:15:00Z,Tulkarem,1,o3,-2.07,0.52,2.59,4.98076923076923,POSSIBLE_SENSOR_ERROR,Value is outside broad physical plausibility bounds.,,,
1020,2026-08-16T16:15:00Z,Tulkarem,1,temperature,27.03,28.81,1.7799999999999976,0.06178410274210336,SUSPICIOUS,Sensor-specific sudden change exceeds both robust MAD and IQR criteria.,7.11999999999999,1.3260817748044569,1.3423003270386362
1021,2026-08-16T16:30:00Z,Tulkarem,1,o3,-0.77,-2.07,1.2999999999999998,0.6280193236714976,POSSIBLE_SENSOR_ERROR,Value is outside broad physical plausibility bounds.,,,
1022,2026-08-16T16:45:00Z,Tulkarem,1,o3,-2.32,-0.77,1.5499999999999998,2.0129870129870127,POSSIBLE_SENSOR_ERROR,Value is outside broad physical plausibility bounds.,,,
2648,2026-08-17T03:45:00Z,Nablus,2,aqi,132.0,86.0,46.0,0.5348837209302325,SUSPICIOUS,Sensor-specific sudden change exceeds both robust MAD and IQR criteria.,184.0,26.721635496089633,1.7214515184421069
2648,2026-08-17T03:45:00Z,Nablus,2,pm25,23.76,15.54,8.220000000000002,0.5289575289575291,SUSPICIOUS,Sensor-specific sudden change exceeds both robust MAD and IQR criteria.,32.88000000000001,5.077110744257018,1.6190310619672947
2649,2026-08-17T04:00:00Z,Nablus,2,aqi,88.0,132.0,44.0,0.3333333333333333,SUSPICIOUS,Sensor-specific sudden change exceeds both robust MAD and IQR criteria.,176.0,26.721635496089633,1.6466058002489719
2649,2026-08-17T04:00:00Z,Nablus,2,pm25,15.75,23.76,8.010000000000002,0.33712121212121215,SUSPICIOUS,Sensor-specific sudden change exceeds both robust MAD and IQR criteria.,32.040000000000006,5.077110744257018,1.5776689545447726
1074,2026-08-17T05:45:00Z,Tulkarem,1,aqi,71.0,106.0,35.0,0.330188679245283,SUSPICIOUS,Sensor-specific sudden change exceeds both robust MAD and IQR criteria.,140.0,26.721635496089633,1.3098000683798638
1074,2026-08-17T05:45:00Z,Tulkarem,1,pm25,12.84,19.02,6.18,0.3249211356466877,SUSPICIOUS,Sensor-specific sudden change exceeds both robust MAD and IQR criteria.,24.72,4.414069856854811,1.4000684629861024
5100,2026-08-17T10:15:00Z,Nablus,5,humidity,31.28,22.28,9.0,0.40394973070017953,SUSPICIOUS,Sensor-specific sudden change exceeds both robust MAD and IQR criteria.,0.047058823529411764,7.145537495203975,1.2595273632026598
5100,2026-08-17T10:15:00Z,Nablus,5,temperature,42.15,48.07,5.920000000000002,0.12315373413771587,SUSPICIOUS,Sensor-specific sudden change exceeds both robust MAD and IQR criteria.,0.03095424836601308,2.820075815829654,2.099234342130041
1114,2026-08-17T15:45:00Z,Tulkarem,1,no2,12.13,11.98,0.15000000000000036,0.012520868113522567,SUSPICIOUS,Sensor-specific sudden change exceeds both robust MAD and IQR criteria.,0.6000000000000014,0.1286081774804454,1.1663332996286924
1114,2026-08-17T15:45:00Z,Tulkarem,1,temperature,27.93,30.19,2.2600000000000016,0.07485922490891028,SUSPICIOUS,Sensor-specific sudden change exceeds both robust MAD and IQR criteria.,9.040000000000006,1.3260817748044569,1.7042689545546763
4295,2026-08-17T16:15:00Z,Nablus,4,temperature,35.01,37.25,2.240000000000002,0.06013422818791952,SUSPICIOUS,Sensor-specific sudden change exceeds both robust MAD and IQR criteria.,8.960000000000008,2.1177308396871712,1.0577359303748404
4296,2026-08-17T16:30:00Z,Nablus,4,temperature,32.36,35.01,2.6499999999999986,0.07569265924021705,SUSPICIOUS,Sensor-specific sudden change exceeds both robust MAD and IQR criteria.,10.599999999999994,2.1177308396871712,1.251339381916662
2721,2026-08-17T22:00:00Z,Nablus,2,aqi,133.0,103.0,30.0,0.2912621359223301,SUSPICIOUS,Sensor-specific sudden change exceeds both robust MAD and IQR criteria.,120.0,26.721635496089633,1.1226857728970263
2721,2026-08-17T22:00:00Z,Nablus,2,pm25,23.91,18.48,5.43,0.29383116883116883,SUSPICIOUS,Sensor-specific sudden change exceeds both robust MAD and IQR criteria.,21.72,5.077110744257018,1.0695059204966433
1166,2026-08-18T04:45:00Z,Tulkarem,1,aqi,108.0,136.0,28.0,0.20588235294117646,SUSPICIOUS,Sensor-specific sudden change exceeds both robust MAD and IQR criteria.,112.0,26.721635496089633,1.047840054703891
1166,2026-08-18T04:45:00Z,Tulkarem,1,pm25,19.52,24.44,4.920000000000002,0.2013093289689035,SUSPICIOUS,Sensor-specific sudden change exceeds both robust MAD and IQR criteria.,19.680000000000007,4.414069856854811,1.1146176113093247
1188,2026-08-18T10:15:00Z,Tulkarem,1,temperature,28.4,29.74,1.3399999999999999,0.04505716207128446,SUSPICIOUS,Sensor-specific sudden change exceeds both robust MAD and IQR criteria.,5.359999999999999,1.3260817748044569,1.0104957518156037
1207,2026-08-18T15:00:00Z,Tulkarem,1,temperature,31.69,29.99,1.7000000000000028,0.05668556185395141,SUSPICIOUS,Sensor-specific sudden change exceeds both robust MAD and IQR criteria.,6.800000000000011,1.3260817748044569,1.281972222452634
1211,2026-08-18T16:00:00Z,Tulkarem,1,temperature,28.69,30.17,1.4800000000000004,0.04905535299966856,SUSPICIOUS,Sensor-specific sudden change exceeds both robust MAD and IQR criteria.,5.920000000000002,1.3260817748044569,1.1160699348411152
4390,2026-08-18T16:00:00Z,Nablus,4,temperature,39.85,42.26,2.4099999999999966,0.05702792238523419,SUSPICIOUS,Sensor-specific sudden change exceeds both robust MAD and IQR criteria.,9.639999999999986,2.1177308396871712,1.1380105322336427
1212,2026-08-18T16:15:00Z,Tulkarem,1,humidity,50.82,46.08,4.740000000000002,0.10286458333333338,SUSPICIOUS,Sensor-specific sudden change exceeds both robust MAD and IQR criteria.,18.960000000000008,4.23546167937435,1.1191223906198065
1212,2026-08-18T16:15:00Z,Tulkarem,1,temperature,26.48,28.69,2.210000000000001,0.07703032415475779,SUSPICIOUS,Sensor-specific sudden change exceeds both robust MAD and IQR criteria.,8.840000000000003,1.3260817748044569,1.666563889188422
4391,2026-08-18T16:15:00Z,Nablus,4,temperature,37.41,39.85,2.440000000000005,0.06122961104140539,SUSPICIOUS,Sensor-specific sudden change exceeds both robust MAD and IQR criteria.,9.76000000000002,2.1177308396871712,1.1521766384440237
4392,2026-08-18T16:30:00Z,Nablus,4,temperature,35.11,37.41,2.299999999999997,0.06148088746324505,SUSPICIOUS,Sensor-specific sudden change exceeds both robust MAD and IQR criteria.,9.199999999999989,2.1177308396871712,1.0860681427955927
1239,2026-08-18T23:00:00Z,Tulkarem,1,aqi,132.0,104.0,28.0,0.2692307692307692,SUSPICIOUS,Sensor-specific sudden change exceeds both robust MAD and IQR criteria.,112.0,26.721635496089633,1.047840054703891
1239,2026-08-18T23:00:00Z,Tulkarem,1,pm25,23.73,18.78,4.949999999999999,0.2635782747603833,SUSPICIOUS,Sensor-specific sudden change exceeds both robust MAD and IQR criteria.,19.799999999999997,4.414069856854811,1.1214140601587712
5260,2026-08-19T02:15:00Z,Nablus,5,aqi,164.0,133.0,31.0,0.23308270676691728,SUSPICIOUS,Sensor-specific sudden change exceeds both robust MAD and IQR criteria.,124.0,26.721635496089633,1.1601086319935938
5260,2026-08-19T02:15:00Z,Nablus,5,pm25,29.61,23.96,5.649999999999999,0.2358096828046744,SUSPICIOUS,Sensor-specific sudden change exceeds both robust MAD and IQR criteria.,22.599999999999994,5.413631187958153,1.043661787040021
5262,2026-08-19T02:45:00Z,Nablus,5,aqi,153.0,183.0,30.0,0.16393442622950818,SUSPICIOUS,Sensor-specific sudden change exceeds both robust MAD and IQR criteria.,120.0,26.721635496089633,1.1226857728970263
5263,2026-08-19T03:00:00Z,Nablus,5,aqi,114.0,153.0,39.0,0.2549019607843137,SUSPICIOUS,Sensor-specific sudden change exceeds both robust MAD and IQR criteria.,156.0,26.721635496089633,1.459491504766134
5263,2026-08-19T03:00:00Z,Nablus,5,pm25,20.55,27.61,7.059999999999999,0.2557044549076421,SUSPICIOUS,Sensor-specific sudden change exceeds both robust MAD and IQR criteria.,28.239999999999995,5.413631187958153,1.3041154365491239
5268,2026-08-19T04:15:00Z,Nablus,5,aqi,84.0,114.0,30.0,0.2631578947368421,SUSPICIOUS,Sensor-specific sudden change exceeds both robust MAD and IQR criteria.,120.0,26.721635496089633,1.1226857728970263
5299,2026-08-19T12:00:00Z,Nablus,5,aqi,72.0,100.0,28.0,0.28,SUSPICIOUS,Sensor-specific sudden change exceeds both robust MAD and IQR criteria.,112.0,26.721635496089633,1.047840054703891
1303,2026-08-19T15:00:00Z,Tulkarem,1,temperature,30.43,29.0,1.4299999999999997,0.0493103448275862,SUSPICIOUS,Sensor-specific sudden change exceeds both robust MAD and IQR criteria.,5.719999999999999,1.3260817748044569,1.0783648694748607
1307,2026-08-19T16:15:00Z,Tulkarem,1,humidity,52.11,44.56,7.549999999999997,0.16943447037701967,SUSPICIOUS,Sensor-specific sudden change exceeds both robust MAD and IQR criteria.,15.099999999999994,4.23546167937435,1.7825683648058084
1307,2026-08-19T16:15:00Z,Tulkarem,1,no2,12.21,12.08,0.13000000000000078,0.010761589403973575,SUSPICIOUS,Sensor-specific sudden change exceeds both robust MAD and IQR criteria.,0.26000000000000156,0.1286081774804454,1.010822193011537
1307,2026-08-19T16:15:00Z,Tulkarem,1,temperature,25.73,29.25,3.5199999999999996,0.12034188034188033,SUSPICIOUS,Sensor-specific sudden change exceeds both robust MAD and IQR criteria.,7.039999999999999,1.3260817748044569,2.6544366017842727
2889,2026-08-19T16:15:00Z,Nablus,2,temperature,32.23,34.0,1.7700000000000031,0.05205882352941186,SUSPICIOUS,Sensor-specific sudden change exceeds both robust MAD and IQR criteria.,3.5400000000000063,1.7519063072458572,1.0103280025189194
4486,2026-08-19T16:15:00Z,Nablus,4,temperature,40.8,44.47,3.6700000000000017,0.08252754666067015,SUSPICIOUS,Sensor-specific sudden change exceeds both robust MAD and IQR criteria.,7.340000000000003,2.1177308396871712,1.732986993069492
4487,2026-08-19T16:30:00Z,Nablus,4,temperature,37.29,40.8,3.509999999999998,0.08602941176470584,SUSPICIOUS,Sensor-specific sudden change exceeds both robust MAD and IQR criteria.,14.039999999999992,2.1177308396871712,1.6574344266141448
4488,2026-08-19T16:45:00Z,Nablus,4,temperature,34.64,37.29,2.6499999999999986,0.07106462858675244,SUSPICIOUS,Sensor-specific sudden change exceeds both robust MAD and IQR criteria.,10.599999999999994,2.1177308396871712,1.251339381916662
5320,2026-08-19T17:30:00Z,Nablus,5,aqi,96.0,66.0,30.0,0.45454545454545453,SUSPICIOUS,Sensor-specific sudden change exceeds both robust MAD and IQR criteria.,120.0,26.721635496089633,1.1226857728970263
5320,2026-08-19T17:30:00Z,Nablus,5,pm25,17.34,11.91,5.43,0.4559193954659949,SUSPICIOUS,Sensor-specific sudden change exceeds both robust MAD and IQR criteria.,21.72,5.413631187958153,1.003023628960587
5321,2026-08-19T17:45:00Z,Nablus,5,aqi,63.0,96.0,33.0,0.34375,SUSPICIOUS,Sensor-specific sudden change exceeds both robust MAD and IQR criteria.,132.0,26.721635496089633,1.2349543501867288
5321,2026-08-19T17:45:00Z,Nablus,5,pm25,11.31,17.34,6.029999999999999,0.34775086505190306,SUSPICIOUS,Sensor-specific sudden change exceeds both robust MAD and IQR criteria.,24.119999999999997,5.413631187958153,1.1138549691772264
1340,2026-08-20T00:30:00Z,Tulkarem,1,aqi,124.0,76.0,48.0,0.631578947368421,SUSPICIOUS,Sensor-specific sudden change exceeds both robust MAD and IQR criteria.,192.0,26.721635496089633,1.7962972366352419
1340,2026-08-20T00:30:00Z,Tulkarem,1,pm25,48.39,13.67,34.72,2.5398683247988294,SUSPICIOUS,Sensor-specific sudden change exceeds both robust MAD and IQR criteria.,138.88,4.414069856854811,7.865756801760109
1341,2026-08-20T00:45:00Z,Tulkarem,1,aqi,79.0,124.0,45.0,0.3629032258064516,SUSPICIOUS,Sensor-specific sudden change exceeds both robust MAD and IQR criteria.,180.0,26.721635496089633,1.6840286593455394
1341,2026-08-20T00:45:00Z,Tulkarem,1,pm25,14.33,48.39,34.06,0.7038644348005787,SUSPICIOUS,Sensor-specific sudden change exceeds both robust MAD and IQR criteria.,136.24,4.414069856854811,7.716234927072274
5350,2026-08-20T01:00:00Z,Nablus,5,pm25,41.52,16.27,25.250000000000004,1.5519360786724035,SUSPICIOUS,Sensor-specific sudden change exceeds both robust MAD and IQR criteria.,101.00000000000001,5.413631187958153,4.66415223411691
5351,2026-08-20T01:15:00Z,Nablus,5,aqi,189.0,111.0,78.0,0.7027027027027027,SUSPICIOUS,Sensor-specific sudden change exceeds both robust MAD and IQR criteria.,312.0,26.721635496089633,2.918983009532268
5351,2026-08-20T01:15:00Z,Nablus,5,pm25,33.97,41.52,7.550000000000004,0.18184007707129105,SUSPICIOUS,Sensor-specific sudden change exceeds both robust MAD and IQR criteria.,30.200000000000017,5.413631187958153,1.3946276977260472
5353,2026-08-20T01:45:00Z,Nablus,5,aqi,94.0,186.0,92.0,0.4946236559139785,SUSPICIOUS,Sensor-specific sudden change exceeds both robust MAD and IQR criteria.,368.0,26.721635496089633,3.4429030368842137
5353,2026-08-20T01:45:00Z,Nablus,5,pm25,17.03,33.45,16.42,0.490881913303438,SUSPICIOUS,Sensor-specific sudden change exceeds both robust MAD and IQR criteria.,65.68,5.413631187958153,3.0330843439287
1349,2026-08-20T02:45:00Z,Tulkarem,1,pm25,17.93,13.28,4.65,0.3501506024096386,SUSPICIOUS,Sensor-specific sudden change exceeds both robust MAD and IQR criteria.,18.6,4.414069856854811,1.0534495716643004
1350,2026-08-20T03:00:00Z,Tulkarem,1,pm25,13.42,17.93,4.51,0.25153374233128833,SUSPICIOUS,Sensor-specific sudden change exceeds both robust MAD and IQR criteria.,18.04,4.414069856854811,1.0217328103668806
5359,2026-08-20T03:15:00Z,Nablus,5,pm25,40.86,16.93,23.93,1.4134672179562906,SUSPICIOUS,Sensor-specific sudden change exceeds both robust MAD and IQR criteria.,95.72,5.413631187958153,4.420323285640303
5360,2026-08-20T03:30:00Z,Nablus,5,pm25,19.4,40.86,21.46,0.5252080274106706,SUSPICIOUS,Sensor-specific sudden change exceeds both robust MAD and IQR criteria.,85.84,5.413631187958153,3.964067601748471
5361,2026-08-20T03:45:00Z,Nablus,5,aqi,179.0,108.0,71.0,0.6574074074074074,SUSPICIOUS,Sensor-specific sudden change exceeds both robust MAD and IQR criteria.,284.0,26.721635496089633,2.657022995856295
5361,2026-08-20T03:45:00Z,Nablus,5,pm25,32.19,19.4,12.79,0.6592783505154639,SUSPICIOUS,Sensor-specific sudden change exceeds both robust MAD and IQR criteria.,51.16,5.413631187958153,2.3625547356180308
5362,2026-08-20T04:00:00Z,Nablus,5,aqi,83.0,179.0,96.0,0.5363128491620112,SUSPICIOUS,Sensor-specific sudden change exceeds both robust MAD and IQR criteria.,384.0,26.721635496089633,3.5925944732704838
5362,2026-08-20T04:00:00Z,Nablus,5,pm25,14.88,32.19,17.309999999999995,0.537744641192917,SUSPICIOUS,Sensor-specific sudden change exceeds both robust MAD and IQR criteria.,69.23999999999998,5.413631187958153,3.197484165250047
4536,2026-08-20T04:45:00Z,Nablus,4,aqi,101.0,73.0,28.0,0.3835616438356164,SUSPICIOUS,Sensor-specific sudden change exceeds both robust MAD and IQR criteria.,112.0,26.721635496089633,1.047840054703891
4536,2026-08-20T04:45:00Z,Nablus,4,pm25,18.25,13.22,5.029999999999999,0.38048411497730705,SUSPICIOUS,Sensor-specific sudden change exceeds both robust MAD and IQR criteria.,20.119999999999997,4.661286211815693,1.079101297673949
5391,2026-08-20T11:15:00Z,Nablus,5,temperature,46.13,49.41,3.279999999999994,0.06638332321392419,SUSPICIOUS,Sensor-specific sudden change exceeds both robust MAD and IQR criteria.,13.119999999999976,2.820075815829654,1.1630892976666416
1400,2026-08-20T15:30:00Z,Tulkarem,1,aqi,103.0,68.0,35.0,0.5147058823529411,SUSPICIOUS,Sensor-specific sudden change exceeds both robust MAD and IQR criteria.,140.0,26.721635496089633,1.3098000683798638
1400,2026-08-20T15:30:00Z,Tulkarem,1,pm25,18.61,12.16,6.449999999999999,0.5304276315789473,SUSPICIOUS,Sensor-specific sudden change exceeds both robust MAD and IQR criteria.,25.799999999999997,4.414069856854811,1.4612365026311263
1402,2026-08-20T16:00:00Z,Tulkarem,1,temperature,27.28,28.74,1.4599999999999973,0.05080027835768954,SUSPICIOUS,Sensor-specific sudden change exceeds both robust MAD and IQR criteria.,5.839999999999989,1.3260817748044569,1.1009879086946113
4581,2026-08-20T16:00:00Z,Nablus,4,temperature,41.94,44.16,2.219999999999999,0.05027173913043476,SUSPICIOUS,Sensor-specific sudden change exceeds both robust MAD and IQR criteria.,8.879999999999995,2.1177308396871712,1.0482918595679207
1403,2026-08-20T16:15:00Z,Tulkarem,1,humidity,59.19,54.77,4.419999999999995,0.0807011137484023,SUSPICIOUS,Sensor-specific sudden change exceeds both robust MAD and IQR criteria.,17.67999999999998,4.23546167937435,1.043569824164459
1403,2026-08-20T16:15:00Z,Tulkarem,1,temperature,25.86,27.28,1.4200000000000017,0.052052785923753724,SUSPICIOUS,Sensor-specific sudden change exceeds both robust MAD and IQR criteria.,5.680000000000007,1.3260817748044569,1.0708238564016115
4582,2026-08-20T16:15:00Z,Nablus,4,temperature,39.47,41.94,2.469999999999999,0.05889365760610393,SUSPICIOUS,Sensor-specific sudden change exceeds both robust MAD and IQR criteria.,9.879999999999995,2.1177308396871712,1.1663427446543984
4583,2026-08-20T16:30:00Z,Nablus,4,temperature,37.15,39.47,2.3200000000000003,0.05877881935647328,SUSPICIOUS,Sensor-specific sudden change exceeds both robust MAD and IQR criteria.,9.280000000000001,2.1177308396871712,1.0955122136025124
5421,2026-08-20T18:45:00Z,Nablus,5,aqi,184.0,148.0,36.0,0.24324324324324326,SUSPICIOUS,Sensor-specific sudden change exceeds both robust MAD and IQR criteria.,144.0,26.721635496089633,1.3472229274764316
5421,2026-08-20T18:45:00Z,Nablus,5,pm25,33.2,26.61,6.590000000000003,0.24765125892521622,SUSPICIOUS,Sensor-specific sudden change exceeds both robust MAD and IQR criteria.,26.360000000000014,5.413631187958153,1.217297553379424
5422,2026-08-20T19:00:00Z,Nablus,5,aqi,148.0,184.0,36.0,0.1956521739130435,SUSPICIOUS,Sensor-specific sudden change exceeds both robust MAD and IQR criteria.,144.0,26.721635496089633,1.3472229274764316
5422,2026-08-20T19:00:00Z,Nablus,5,pm25,26.61,33.2,6.590000000000003,0.19849397590361453,SUSPICIOUS,Sensor-specific sudden change exceeds both robust MAD and IQR criteria.,26.360000000000014,5.413631187958153,1.217297553379424
2997,2026-08-20T19:15:00Z,Nablus,2,aqi,102.0,175.0,73.0,0.41714285714285715,SUSPICIOUS,Sensor-specific sudden change exceeds both robust MAD and IQR criteria.,292.0,26.721635496089633,2.7318687140494307
5424,2026-08-20T19:30:00Z,Nablus,5,aqi,102.0,166.0,64.0,0.3855421686746988,SUSPICIOUS,Sensor-specific sudden change exceeds both robust MAD and IQR criteria.,256.0,26.721635496089633,2.3950629821803227
5424,2026-08-20T19:30:00Z,Nablus,5,pm25,36.42,29.83,6.590000000000003,0.22091853838417713,SUSPICIOUS,Sensor-specific sudden change exceeds both robust MAD and IQR criteria.,26.360000000000014,5.413631187958153,1.217297553379424
1417,2026-08-20T19:45:00Z,Tulkarem,1,aqi,156.0,110.0,46.0,0.41818181818181815,SUSPICIOUS,Sensor-specific sudden change exceeds both robust MAD and IQR criteria.,184.0,26.721635496089633,1.7214515184421069
1417,2026-08-20T19:45:00Z,Tulkarem,1,pm25,28.14,19.77,8.370000000000001,0.4233687405159333,SUSPICIOUS,Sensor-specific sudden change exceeds both robust MAD and IQR criteria.,33.480000000000004,4.414069856854811,1.8962092289957408
4596,2026-08-20T19:45:00Z,Nablus,4,aqi,104.0,196.0,92.0,0.46938775510204084,SUSPICIOUS,Sensor-specific sudden change exceeds both robust MAD and IQR criteria.,368.0,26.721635496089633,3.4429030368842137
3001,2026-08-20T20:15:00Z,Nablus,2,aqi,160.0,102.0,58.0,0.5686274509803921,SUSPICIOUS,Sensor-specific sudden change exceeds both robust MAD and IQR criteria.,232.0,26.721635496089633,2.170525827600917
3001,2026-08-20T20:15:00Z,Nablus,2,pm25,28.83,36.71,7.880000000000003,0.2146554072459821,SUSPICIOUS,Sensor-specific sudden change exceeds both robust MAD and IQR criteria.,31.52000000000001,5.077110744257018,1.5520638404260685
4598,2026-08-20T20:15:00Z,Nablus,4,aqi,182.0,102.0,80.0,0.7843137254901961,SUSPICIOUS,Sensor-specific sudden change exceeds both robust MAD and IQR criteria.,320.0,26.721635496089633,2.993828727725403
1420,2026-08-20T20:30:00Z,Tulkarem,1,aqi,106.0,174.0,68.0,0.39080459770114945,SUSPICIOUS,Sensor-specific sudden change exceeds both robust MAD and IQR criteria.,272.0,26.721635496089633,2.5447544185665927
1420,2026-08-20T20:30:00Z,Tulkarem,1,pm25,19.03,31.37,12.34,0.39336946126872807,SUSPICIOUS,Sensor-specific sudden change exceeds both robust MAD and IQR criteria.,49.36,4.414069856854811,2.7956059600725736
4599,2026-08-20T20:30:00Z,Nablus,4,aqi,148.0,182.0,34.0,0.18681318681318682,SUSPICIOUS,Sensor-specific sudden change exceeds both robust MAD and IQR criteria.,136.0,26.721635496089633,1.2723772092832963
4599,2026-08-20T20:30:00Z,Nablus,4,pm25,26.62,32.71,6.09,0.18618159584225008,SUSPICIOUS,Sensor-specific sudden change exceeds both robust MAD and IQR criteria.,24.36,4.661286211815693,1.306506342511799
5428,2026-08-20T20:30:00Z,Nablus,5,aqi,196.0,106.0,90.0,0.8490566037735849,SUSPICIOUS,Sensor-specific sudden change exceeds both robust MAD and IQR criteria.,360.0,26.721635496089633,3.3680573186910787
5429,2026-08-20T20:45:00Z,Nablus,5,aqi,163.0,196.0,33.0,0.1683673469387755,SUSPICIOUS,Sensor-specific sudden change exceeds both robust MAD and IQR criteria.,132.0,26.721635496089633,1.2349543501867288
5429,2026-08-20T20:45:00Z,Nablus,5,pm25,29.42,35.2,5.780000000000001,0.16420454545454546,SUSPICIOUS,Sensor-specific sudden change exceeds both robust MAD and IQR criteria.,23.120000000000005,5.413631187958153,1.0676752440869601
4609,2026-08-20T23:00:00Z,Nablus,4,pm25,51.6,24.54,27.060000000000002,1.1026894865525674,SUSPICIOUS,Sensor-specific sudden change exceeds both robust MAD and IQR criteria.,108.24000000000001,4.661286211815693,5.805264635200212
4610,2026-08-20T23:15:00Z,Nablus,4,aqi,195.0,130.0,65.0,0.5,SUSPICIOUS,Sensor-specific sudden change exceeds both robust MAD and IQR criteria.,260.0,26.721635496089633,2.43248584127689
4610,2026-08-20T23:15:00Z,Nablus,4,pm25,35.08,51.6,16.520000000000003,0.32015503875969,SUSPICIOUS,Sensor-specific sudden change exceeds both robust MAD and IQR criteria.,66.08000000000001,4.661286211815693,3.5440861704917777
4612,2026-08-20T23:45:00Z,Nablus,4,aqi,100.0,196.0,96.0,0.4897959183673469,SUSPICIOUS,Sensor-specific sudden change exceeds both robust MAD and IQR criteria.,384.0,26.721635496089633,3.5925944732704838
5441,2026-08-20T23:45:00Z,Nablus,5,aqi,100.0,192.0,92.0,0.4791666666666667,SUSPICIOUS,Sensor-specific sudden change exceeds both robust MAD and IQR criteria.,368.0,26.721635496089633,3.4429030368842137
4613,2026-08-21T00:00:00Z,Nablus,4,aqi,181.0,100.0,81.0,0.81,SUSPICIOUS,Sensor-specific sudden change exceeds both robust MAD and IQR criteria.,324.0,26.721635496089633,3.0312515868219707
5448,2026-08-21T01:30:00Z,Nablus,5,aqi,195.0,108.0,87.0,0.8055555555555556,SUSPICIOUS,Sensor-specific sudden change exceeds both robust MAD and IQR criteria.,348.0,26.721635496089633,3.255788741401376
4622,2026-08-21T02:15:00Z,Nablus,4,aqi,193.0,160.0,33.0,0.20625,SUSPICIOUS,Sensor-specific sudden change exceeds both robust MAD and IQR criteria.,132.0,26.721635496089633,1.2349543501867288
4622,2026-08-21T02:15:00Z,Nablus,4,pm25,34.71,28.79,5.920000000000002,0.205626953803404,SUSPICIOUS,Sensor-specific sudden change exceeds both robust MAD and IQR criteria.,23.680000000000007,4.661286211815693,1.2700357221132763
4623,2026-08-21T02:30:00Z,Nablus,4,aqi,102.0,193.0,91.0,0.47150259067357514,SUSPICIOUS,Sensor-specific sudden change exceeds both robust MAD and IQR criteria.,364.0,26.721635496089633,3.4054801777876462
5452,2026-08-21T02:30:00Z,Nablus,5,aqi,103.0,171.0,68.0,0.39766081871345027,SUSPICIOUS,Sensor-specific sudden change exceeds both robust MAD and IQR criteria.,272.0,26.721635496089633,2.5447544185665927
5452,2026-08-21T02:30:00Z,Nablus,5,pm25,37.05,30.69,6.359999999999996,0.20723362658846514,SUSPICIOUS,Sensor-specific sudden change exceeds both robust MAD and IQR criteria.,25.439999999999984,5.413631187958153,1.1748122062963773
4624,2026-08-21T02:45:00Z,Nablus,4,aqi,196.0,102.0,94.0,0.9215686274509803,SUSPICIOUS,Sensor-specific sudden change exceeds both robust MAD and IQR criteria.,376.0,26.721635496089633,3.5177487550773487
1447,2026-08-21T03:15:00Z,Tulkarem,1,aqi,117.0,89.0,28.0,0.3146067415730337,SUSPICIOUS,Sensor-specific sudden change exceeds both robust MAD and IQR criteria.,112.0,26.721635496089633,1.047840054703891
1447,2026-08-21T03:15:00Z,Tulkarem,1,pm25,21.14,16.13,5.010000000000002,0.310601363918165,SUSPICIOUS,Sensor-specific sudden change exceeds both robust MAD and IQR criteria.,20.040000000000006,4.414069856854811,1.135006957857666
5455,2026-08-21T03:15:00Z,Nablus,5,aqi,188.0,104.0,84.0,0.8076923076923077,SUSPICIOUS,Sensor-specific sudden change exceeds both robust MAD and IQR criteria.,336.0,26.721635496089633,3.1435201641116732
5456,2026-08-21T03:30:00Z,Nablus,5,aqi,114.0,188.0,74.0,0.39361702127659576,SUSPICIOUS,Sensor-specific sudden change exceeds both robust MAD and IQR criteria.,296.0,26.721635496089633,2.769291573145998
5456,2026-08-21T03:30:00Z,Nablus,5,pm25,42.94,33.77,9.169999999999995,0.27154278945809873,SUSPICIOUS,Sensor-specific sudden change exceeds both robust MAD and IQR criteria.,36.67999999999998,5.413631187958153,1.693872316310972
5463,2026-08-21T05:15:00Z,Nablus,5,aqi,164.0,105.0,59.0,0.5619047619047619,SUSPICIOUS,Sensor-specific sudden change exceeds both robust MAD and IQR criteria.,236.0,26.721635496089633,2.207948686697485
5463,2026-08-21T05:15:00Z,Nablus,5,pm25,29.58,38.02,8.440000000000005,0.22198842714360872,SUSPICIOUS,Sensor-specific sudden change exceeds both robust MAD and IQR criteria.,33.76000000000002,5.413631187958153,1.559027519047396
3045,2026-08-21T07:15:00Z,Nablus,2,aqi,126.0,156.0,30.0,0.19230769230769232,SUSPICIOUS,Sensor-specific sudden change exceeds both robust MAD and IQR criteria.,120.0,26.721635496089633,1.1226857728970263
3045,2026-08-21T07:15:00Z,Nablus,2,pm25,22.7,27.96,5.260000000000002,0.1881258941344779,SUSPICIOUS,Sensor-specific sudden change exceeds both robust MAD and IQR criteria.,21.040000000000006,5.077110744257018,1.0360223097260306
4674,2026-08-21T15:30:00Z,Nablus,4,temperature,42.03,46.04,4.009999999999998,0.08709817549956556,SUSPICIOUS,Sensor-specific sudden change exceeds both robust MAD and IQR criteria.,8.019999999999996,2.1177308396871712,1.8935361967871
1497,2026-08-21T16:00:00Z,Tulkarem,1,temperature,28.41,30.07,1.6600000000000001,0.055204522780179587,SUSPICIOUS,Sensor-specific sudden change exceeds both robust MAD and IQR criteria.,6.640000000000001,1.3260817748044569,1.2518081701596289
1498,2026-08-21T16:15:00Z,Tulkarem,1,temperature,26.98,28.41,1.4299999999999997,0.050334389299542405,SUSPICIOUS,Sensor-specific sudden change exceeds both robust MAD and IQR criteria.,5.719999999999999,1.3260817748044569,1.0783648694748607
5512,2026-08-21T17:45:00Z,Nablus,5,aqi,252.0,149.0,103.0,0.6912751677852349,SUSPICIOUS,Sensor-specific sudden change exceeds both robust MAD and IQR criteria.,412.0,26.721635496089633,3.8545544869464567
5512,2026-08-21T17:45:00Z,Nablus,5,pm25,96.88,26.77,70.11,2.6189764661935,EXTREME,Value exceeds the sensor-feature Q3 + 4×IQR fence; retained for review.,,,
5512,2026-08-21T17:45:00Z,Nablus,5,pm25,96.88,26.77,70.11,2.6189764661935,SUSPICIOUS,Sensor-specific sudden change exceeds both robust MAD and IQR criteria.,280.44,5.413631187958153,12.95064210431432
5513,2026-08-21T18:00:00Z,Nablus,5,aqi,171.0,252.0,81.0,0.32142857142857145,SUSPICIOUS,Sensor-specific sudden change exceeds both robust MAD and IQR criteria.,324.0,26.721635496089633,3.0312515868219707
5513,2026-08-21T18:00:00Z,Nablus,5,pm25,63.78,96.88,33.099999999999994,0.34165978530140373,SUSPICIOUS,Sensor-specific sudden change exceeds both robust MAD and IQR criteria.,132.39999999999998,5.413631187958153,6.114195601951275
5514,2026-08-21T18:15:00Z,Nablus,5,aqi,106.0,171.0,65.0,0.38011695906432746,SUSPICIOUS,Sensor-specific sudden change exceeds both robust MAD and IQR criteria.,260.0,26.721635496089633,2.43248584127689
5514,2026-08-21T18:15:00Z,Nablus,5,pm25,38.52,63.78,25.259999999999998,0.3960489181561618,SUSPICIOUS,Sensor-specific sudden change exceeds both robust MAD and IQR criteria.,101.03999999999999,5.413631187958153,4.66599942312052
5516,2026-08-21T18:45:00Z,Nablus,5,aqi,192.0,100.0,92.0,0.92,SUSPICIOUS,Sensor-specific sudden change exceeds both robust MAD and IQR criteria.,368.0,26.721635496089633,3.4429030368842137
5520,2026-08-21T19:45:00Z,Nablus,5,aqi,102.0,188.0,86.0,0.4574468085106383,SUSPICIOUS,Sensor-specific sudden change exceeds both robust MAD and IQR criteria.,344.0,26.721635496089633,3.2183658823048087
3097,2026-08-21T20:30:00Z,Nablus,2,aqi,102.0,194.0,92.0,0.4742268041237113,SUSPICIOUS,Sensor-specific sudden change exceeds both robust MAD and IQR criteria.,368.0,26.721635496089633,3.4429030368842137
4699,2026-08-21T21:45:00Z,Nablus,4,aqi,100.0,192.0,92.0,0.4791666666666667,SUSPICIOUS,Sensor-specific sudden change exceeds both robust MAD and IQR criteria.,368.0,26.721635496089633,3.4429030368842137
3109,2026-08-21T23:30:00Z,Nablus,2,pm25,35.53,41.96,6.43,0.15324118207816967,SUSPICIOUS,Sensor-specific sudden change exceeds both robust MAD and IQR criteria.,25.72,5.077110744257018,1.2664683367943677
4707,2026-08-21T23:45:00Z,Nablus,4,aqi,184.0,102.0,82.0,0.803921568627451,SUSPICIOUS,Sensor-specific sudden change exceeds both robust MAD and IQR criteria.,328.0,26.721635496089633,3.068674445918538
3111,2026-08-22T00:00:00Z,Nablus,2,aqi,191.0,101.0,90.0,0.8910891089108911,SUSPICIOUS,Sensor-specific sudden change exceeds both robust MAD and IQR criteria.,360.0,26.721635496089633,3.3680573186910787
5539,2026-08-22T00:30:00Z,Nablus,5,aqi,194.0,103.0,91.0,0.883495145631068,SUSPICIOUS,Sensor-specific sudden change exceeds both robust MAD and IQR criteria.,364.0,26.721635496089633,3.4054801777876462
3116,2026-08-22T01:15:00Z,Nablus,2,aqi,101.0,194.0,93.0,0.4793814432989691,SUSPICIOUS,Sensor-specific sudden change exceeds both robust MAD and IQR criteria.,372.0,26.721635496089633,3.4803258959807812
5542,2026-08-22T01:15:00Z,Nablus,5,aqi,100.0,194.0,94.0,0.4845360824742268,SUSPICIOUS,Sensor-specific sudden change exceeds both robust MAD and IQR criteria.,376.0,26.721635496089633,3.5177487550773487
3119,2026-08-22T02:00:00Z,Nablus,2,aqi,196.0,102.0,94.0,0.9215686274509803,SUSPICIOUS,Sensor-specific sudden change exceeds both robust MAD and IQR criteria.,376.0,26.721635496089633,3.5177487550773487
5546,2026-08-22T02:15:00Z,Nablus,5,aqi,193.0,101.0,92.0,0.9108910891089109,SUSPICIOUS,Sensor-specific sudden change exceeds both robust MAD and IQR criteria.,368.0,26.721635496089633,3.4429030368842137
5548,2026-08-22T02:45:00Z,Nablus,5,aqi,101.0,191.0,90.0,0.4712041884816754,SUSPICIOUS,Sensor-specific sudden change exceeds both robust MAD and IQR criteria.,360.0,26.721635496089633,3.3680573186910787
3123,2026-08-22T03:00:00Z,Nablus,2,aqi,102.0,193.0,91.0,0.47150259067357514,SUSPICIOUS,Sensor-specific sudden change exceeds both robust MAD and IQR criteria.,364.0,26.721635496089633,3.4054801777876462
3125,2026-08-22T03:30:00Z,Nablus,2,aqi,193.0,101.0,92.0,0.9108910891089109,SUSPICIOUS,Sensor-specific sudden change exceeds both robust MAD and IQR criteria.,368.0,26.721635496089633,3.4429030368842137
3128,2026-08-22T04:15:00Z,Nablus,2,aqi,100.0,191.0,91.0,0.47643979057591623,SUSPICIOUS,Sensor-specific sudden change exceeds both robust MAD and IQR criteria.,364.0,26.721635496089633,3.4054801777876462
5554,2026-08-22T04:15:00Z,Nablus,5,aqi,191.0,101.0,90.0,0.8910891089108911,SUSPICIOUS,Sensor-specific sudden change exceeds both robust MAD and IQR criteria.,360.0,26.721635496089633,3.3680573186910787
3130,2026-08-22T04:45:00Z,Nablus,2,aqi,183.0,101.0,82.0,0.8118811881188119,SUSPICIOUS,Sensor-specific sudden change exceeds both robust MAD and IQR criteria.,328.0,26.721635496089633,3.068674445918538
1552,2026-08-22T05:45:00Z,Tulkarem,1,aqi,131.0,166.0,35.0,0.21084337349397592,SUSPICIOUS,Sensor-specific sudden change exceeds both robust MAD and IQR criteria.,140.0,26.721635496089633,1.3098000683798638
1552,2026-08-22T05:45:00Z,Tulkarem,1,pm25,23.62,29.82,6.199999999999999,0.2079141515761234,SUSPICIOUS,Sensor-specific sudden change exceeds both robust MAD and IQR criteria.,24.799999999999997,4.414069856854811,1.4045994288857337
1556,2026-08-22T06:45:00Z,Tulkarem,1,pm25,27.57,23.04,4.530000000000001,0.1966145833333334,SUSPICIOUS,Sensor-specific sudden change exceeds both robust MAD and IQR criteria.,18.120000000000005,4.414069856854811,1.0262637762665123
1593,2026-08-22T16:00:00Z,Tulkarem,1,temperature,27.97,29.8,1.8300000000000018,0.061409395973154424,SUSPICIOUS,Sensor-specific sudden change exceeds both robust MAD and IQR criteria.,7.320000000000007,1.3260817748044569,1.3800053924048934
4772,2026-08-22T16:00:00Z,Nablus,4,temperature,38.32,40.57,2.25,0.0554596992851861,SUSPICIOUS,Sensor-specific sudden change exceeds both robust MAD and IQR criteria.,9.0,2.1177308396871712,1.0624579657782984
4773,2026-08-22T16:15:00Z,Nablus,4,temperature,35.95,38.32,2.3699999999999974,0.06184759916492687,SUSPICIOUS,Sensor-specific sudden change exceeds both robust MAD and IQR criteria.,9.47999999999999,2.1177308396871712,1.1191223906198067
3207,2026-08-23T00:00:00Z,Nablus,2,aqi,100.0,191.0,91.0,0.47643979057591623,SUSPICIOUS,Sensor-specific sudden change exceeds both robust MAD and IQR criteria.,364.0,26.721635496089633,3.4054801777876462
3209,2026-08-23T00:30:00Z,Nablus,2,aqi,191.0,102.0,89.0,0.8725490196078431,SUSPICIOUS,Sensor-specific sudden change exceeds both robust MAD and IQR criteria.,356.0,26.721635496089633,3.330634459594511
