sensor_id,city,feature,pattern_type,period,mean,median,std,min,max,count
1,Tulkarem,pm25,hour,0,19.896142857142856,19.725,5.863454561910232,11.59,48.39,70
1,Tulkarem,pm25,hour,1,19.706119402985074,19.46,5.266969963042083,11.32,32.95,67
1,Tulkarem,pm25,hour,2,19.961029411764706,19.939999999999998,5.379171866493139,11.62,34.08,68
1,Tulkarem,pm25,hour,3,21.190000000000005,20.21,5.923505668350885,13.42,36.03,68
1,Tulkarem,pm25,hour,4,21.56161764705882,20.725,6.5088462444363975,12.38,40.6,68
1,Tulkarem,pm25,hour,5,20.605882352941173,20.35,5.556979539092517,9.89,35.05,68
1,Tulkarem,pm25,hour,6,18.93735294117647,18.075000000000003,5.083834966157492,11.27,33.11,68
1,Tulkarem,pm25,hour,7,18.55205882352941,18.305,5.594457960972195,8.78,34.7,68
1,Tulkarem,pm25,hour,8,17.936176470588236,17.07,4.116035271526841,8.92,26.23,68
1,Tulkarem,pm25,hour,9,16.25955223880597,15.88,4.1557650474738725,8.15,25.38,67
1,Tulkarem,pm25,hour,10,14.530294117647056,14.325,4.437775754085257,6.75,24.8,68
1,Tulkarem,pm25,hour,11,13.62985294117647,13.74,4.346160251679039,5.85,24.2,68
1,Tulkarem,pm25,hour,12,13.393088235294115,14.105,4.3309659938470455,5.4,20.37,68
1,Tulkarem,pm25,hour,13,13.636764705882353,14.5,4.464517971733316,5.4,21.21,68
1,Tulkarem,pm25,hour,14,13.802058823529412,15.16,4.330618706899495,5.4,21.39,68
1,Tulkarem,pm25,hour,15,13.235074626865671,15.16,4.502687875081622,5.02,20.05,67
1,Tulkarem,pm25,hour,16,16.376666666666665,17.515,5.356495218483913,6.42,34.64,66
1,Tulkarem,pm25,hour,17,18.82102941176471,18.625,7.617422124315913,7.63,50.41,68
1,Tulkarem,pm25,hour,18,19.12641791044776,19.29,7.956766646010695,7.66,59.44,67
1,Tulkarem,pm25,hour,19,18.57073529411765,18.345,5.498994566492844,7.69,31.85,68
1,Tulkarem,pm25,hour,20,19.16,18.405,5.922781214381706,7.65,36.65,68
1,Tulkarem,pm25,hour,21,18.7034328358209,17.66,5.443059676610931,8.52,35.0,67
1,Tulkarem,pm25,hour,22,19.281323529411765,18.520000000000003,4.620053596772449,9.51,30.31,68
1,Tulkarem,pm25,hour,23,19.86764705882353,20.75,4.30692019257556,11.98,27.74,68
1,Tulkarem,pm25,day_of_week,Monday,13.424188481675392,13.21,6.180139348290432,5.4,59.44,191
1,Tulkarem,pm25,day_of_week,Tuesday,15.21645833333333,15.39,4.676914671706374,5.02,40.6,192
1,Tulkarem,pm25,day_of_week,Wednesday,15.280575916230365,14.43,6.811898041642484,5.37,50.41,191
1,Tulkarem,pm25,day_of_week,Thursday,18.136968641114986,17.54,4.224607840747362,9.89,48.39,287
1,Tulkarem,pm25,day_of_week,Friday,19.688566433566436,19.48,5.180999331984828,9.86,36.65,286
1,Tulkarem,pm25,day_of_week,Saturday,21.20055944055944,20.465,5.282281176042242,13.48,38.42,286
1,Tulkarem,pm25,day_of_week,Sunday,18.734948453608247,17.58,5.5206445564420035,8.65,29.7,194
1,Tulkarem,pm25,day_type,Weekday,16.774551002615514,16.17,5.833890248441488,5.02,59.44,1147
1,Tulkarem,pm25,day_type,Weekend,20.20404166666667,19.755,5.508975549571438,8.65,38.42,480
1,Tulkarem,pm25,daily,2026-08-06 00:00:00+00:00,17.325416666666666,16.88,2.0904715744321356,14.06,24.0,96
1,Tulkarem,pm25,daily,2026-08-07 00:00:00+00:00,15.960315789473682,14.53,4.062861231764854,9.86,29.14,95
1,Tulkarem,pm25,daily,2026-08-08 00:00:00+00:00,17.722526315789473,16.67,3.498833838678695,13.48,24.77,95
1,Tulkarem,pm25,daily,2026-08-09 00:00:00+00:00,17.627368421052637,15.87,5.847971499647915,8.65,29.7,95
1,Tulkarem,pm25,daily,2026-08-10 00:00:00+00:00,14.908947368421057,14.84,7.829521122510543,5.67,59.44,95
1,Tulkarem,pm25,daily,2026-08-11 00:00:00+00:00,13.652187499999998,13.25,5.741311825729652,5.02,40.6,96
1,Tulkarem,pm25,daily,2026-08-12 00:00:00+00:00,18.289375,15.885,6.725620427260146,11.25,50.41,96
1,Tulkarem,pm25,daily,2026-08-13 00:00:00+00:00,21.31757894736842,20.91,3.060965886979827,15.8,34.7,95
1,Tulkarem,pm25,daily,2026-08-14 00:00:00+00:00,24.022395833333334,23.509999999999998,4.422260851834349,18.29,36.65,96
1,Tulkarem,pm25,daily,2026-08-15 00:00:00+00:00,24.66473684210526,23.21,5.824276202334074,15.16,38.42,95
1,Tulkarem,pm25,daily,2026-08-16 00:00:00+00:00,19.84239583333333,18.4,5.060399348666314,11.17,29.41,96
1,Tulkarem,pm25,daily,2026-08-17 00:00:00+00:00,11.954895833333333,12.93,3.3683923995663183,5.4,19.02,96
1,Tulkarem,pm25,daily,2026-08-18 00:00:00+00:00,16.780729166666664,16.23,2.4635841433042938,12.64,24.9,96
1,Tulkarem,pm25,daily,2026-08-19 00:00:00+00:00,12.240105263157897,9.73,5.430258701320764,5.37,26.11,95
1,Tulkarem,pm25,daily,2026-08-20 00:00:00+00:00,15.801041666666668,14.5,4.877808929851635,9.89,48.39,96
1,Tulkarem,pm25,daily,2026-08-21 00:00:00+00:00,19.037368421052633,18.81,3.384623619203916,14.77,25.63,95
1,Tulkarem,pm25,daily,2026-08-22 00:00:00+00:00,21.214270833333334,20.665,3.7325540133693043,15.89,32.13,96
1,Tulkarem,pm25,daily,2026-08-23 00:00:00+00:00,18.37,18.27,0.19078784028338916,18.25,18.59,3
1,Tulkarem,pm25,weekly,2026-08-03/2026-08-09,17.159343832021,16.49,4.142966244751777,8.65,29.7,381
1,Tulkarem,pm25,weekly,2026-08-10/2026-08-16,19.52478325859492,19.71,6.8995320388883945,5.02,59.44,669
1,Tulkarem,pm25,weekly,2026-08-17/2026-08-23,16.184679376083192,15.78,5.195306770579059,5.37,48.39,577
1,Tulkarem,temperature,hour,0,24.225000000000005,24.25,0.48555884432718127,23.39,25.17,70
1,Tulkarem,temperature,hour,1,23.986716417910447,23.96,0.6053909031654333,22.84,25.06,67
1,Tulkarem,temperature,hour,2,23.734411764705882,23.625,0.6197938568057548,22.62,24.94,68
1,Tulkarem,temperature,hour,3,23.62838235294118,23.515,0.6636862464401262,22.48,24.88,68
1,Tulkarem,temperature,hour,4,24.30691176470588,24.26,0.6844569856701442,23.01,25.98,68
1,Tulkarem,temperature,hour,5,25.51970588235294,25.515,0.6659209100729186,24.09,26.87,68
1,Tulkarem,temperature,hour,6,26.898970588235294,26.98,0.7862781014713432,24.78,28.43,68
1,Tulkarem,temperature,hour,7,28.36441176470588,28.4,0.8443815759653187,26.34,30.1,68
1,Tulkarem,temperature,hour,8,29.645588235294124,29.85,0.9352043153778307,27.3,31.34,68
1,Tulkarem,temperature,hour,9,30.219402985074623,30.31,0.885102083817925,27.44,31.66,67
1,Tulkarem,temperature,hour,10,30.468235294117648,30.58,0.8681889559383631,28.4,31.93,68
1,Tulkarem,temperature,hour,11,30.47867647058823,30.4,0.8637991481781674,28.19,32.1,68
1,Tulkarem,temperature,hour,12,30.34205882352941,30.395000000000003,0.8525581502004552,28.43,32.04,68
1,Tulkarem,temperature,hour,13,29.96323529411765,30.015,0.725533136300515,28.62,31.66,68
1,Tulkarem,temperature,hour,14,29.82235294117647,29.695,1.030031324907028,28.06,32.74,68
1,Tulkarem,temperature,hour,15,30.941791044776124,30.63,1.5429378955795852,27.93,33.76,67
1,Tulkarem,temperature,hour,16,27.120454545454546,26.975,1.3080877785392064,24.79,30.75,66
1,Tulkarem,temperature,hour,17,25.84470588235294,25.994999999999997,0.6992244543612745,24.24,27.08,68
1,Tulkarem,temperature,hour,18,25.572835820895524,25.71,0.6805986802410853,24.06,26.75,67
1,Tulkarem,temperature,hour,19,25.348088235294114,25.4,0.6000528766574649,23.95,26.36,68
1,Tulkarem,temperature,hour,20,25.194852941176475,25.36,0.557618851924028,23.86,26.15,68
1,Tulkarem,temperature,hour,21,25.010735294117644,25.11,0.4770097035105218,23.77,25.77,68
1,Tulkarem,temperature,hour,22,24.776911764705883,24.835,0.43664001140644276,23.87,25.72,68
1,Tulkarem,temperature,hour,23,24.42647058823529,24.44,0.40286201743548145,23.59,25.36,68
1,Tulkarem,temperature,day_of_week,Monday,26.61623036649215,25.49,2.7787462961254517,22.94,33.76,191
1,Tulkarem,temperature,day_of_week,Tuesday,26.78453125,25.880000000000003,2.987519202166158,22.8,33.52,192
1,Tulkarem,temperature,day_of_week,Wednesday,26.682722513089004,25.47,2.986405852748852,22.6,33.24,191
1,Tulkarem,temperature,day_of_week,Thursday,26.66825783972125,25.64,2.665483811106764,22.48,32.18,287
1,Tulkarem,temperature,day_of_week,Friday,27.103986013986017,26.310000000000002,2.455965066286825,23.21,31.77,286
1,Tulkarem,temperature,day_of_week,Saturday,27.260801393728226,26.16,2.509899641154877,23.78,33.09,287
1,Tulkarem,temperature,day_of_week,Sunday,27.05443298969072,25.895000000000003,2.6483526873560947,23.96,33.32,194
1,Tulkarem,temperature,day_type,Weekday,26.7901133391456,25.92,2.7485969902328713,22.48,33.76,1147
1,Tulkarem,temperature,day_type,Weekend,27.177567567567568,26.11,2.5659112473503987,23.78,33.32,481
1,Tulkarem,temperature,daily,2026-08-06 00:00:00+00:00,26.6540625,25.165,2.734703901271869,23.39,31.05,96
1,Tulkarem,temperature,daily,2026-08-07 00:00:00+00:00,26.818526315789477,26.01,2.5937723978714256,23.21,31.77,95
1,Tulkarem,temperature,daily,2026-08-08 00:00:00+00:00,26.98368421052632,26.17,2.419657111558164,23.78,31.06,95
1,Tulkarem,temperature,daily,2026-08-09 00:00:00+00:00,27.392947368421055,26.24,2.886545779951123,24.07,33.32,95
1,Tulkarem,temperature,daily,2026-08-10 00:00:00+00:00,27.046631578947373,25.77,3.2994050432491147,22.94,33.76,95
1,Tulkarem,temperature,daily,2026-08-11 00:00:00+00:00,27.44875,26.16,3.2910108029696836,22.97,33.52,96
1,Tulkarem,temperature,daily,2026-08-12 00:00:00+00:00,27.41208333333333,26.005000000000003,3.1777234209966854,23.15,33.24,96
1,Tulkarem,temperature,daily,2026-08-13 00:00:00+00:00,27.125789473684208,26.51,2.6540529340018373,23.44,32.18,95
1,Tulkarem,temperature,daily,2026-08-14 00:00:00+00:00,27.007291666666664,26.355,2.3617176974516108,23.7,31.31,96
1,Tulkarem,temperature,daily,2026-08-15 00:00:00+00:00,27.568645833333335,26.240000000000002,2.7277986574068986,24.57,33.09,96
1,Tulkarem,temperature,daily,2026-08-16 00:00:00+00:00,26.806249999999995,25.54,2.363019589200938,23.96,30.66,96
1,Tulkarem,temperature,daily,2026-08-17 00:00:00+00:00,26.1903125,25.08,2.074323455021572,23.62,30.19,96
1,Tulkarem,temperature,daily,2026-08-18 00:00:00+00:00,26.1203125,25.175,2.494409519041372,22.8,31.69,96
1,Tulkarem,temperature,daily,2026-08-19 00:00:00+00:00,25.945684210526316,24.59,2.5941003657774617,22.6,30.59,95
1,Tulkarem,temperature,daily,2026-08-20 00:00:00+00:00,26.2296875,25.23,2.5567238301038797,22.48,30.86,96
1,Tulkarem,temperature,daily,2026-08-21 00:00:00+00:00,27.487157894736843,26.51,2.383864046868648,24.48,31.5,95
1,Tulkarem,temperature,daily,2026-08-22 00:00:00+00:00,27.2271875,25.810000000000002,2.3574141511968487,24.4,31.09,96
1,Tulkarem,temperature,daily,2026-08-23 00:00:00+00:00,24.276666666666667,24.28,0.10503967504392353,24.17,24.38,3
1,Tulkarem,temperature,weekly,2026-08-03/2026-08-09,26.961496062992126,26.11,2.6681261151661904,23.21,33.32,381
1,Tulkarem,temperature,weekly,2026-08-10/2026-08-16,27.202552238805968,26.134999999999998,2.8634575501501973,22.94,33.76,670
1,Tulkarem,temperature,weekly,2026-08-17/2026-08-23,26.52102253032929,25.69,2.4765392578499656,22.48,31.69,577
1,Tulkarem,humidity,hour,0,61.024285714285725,60.955,2.5408600457830666,54.34,65.85,70
1,Tulkarem,humidity,hour,1,61.28820895522387,61.51,2.502566516158437,55.32,65.64,67
1,Tulkarem,humidity,hour,2,61.52000000000001,62.025000000000006,3.0213958422922502,54.8,67.08,68
1,Tulkarem,humidity,hour,3,61.407352941176484,62.33,3.3919142737895798,52.45,66.39,68
1,Tulkarem,humidity,hour,4,59.10176470588235,60.285,4.412419359096185,46.29,66.4,68
1,Tulkarem,humidity,hour,5,56.08176470588235,57.16,4.0162431175952555,43.72,61.64,68
1,Tulkarem,humidity,hour,6,51.9414705882353,52.455,3.040244130371172,44.42,58.7,68
1,Tulkarem,humidity,hour,7,46.987058823529416,47.255,3.219988902745098,38.39,53.53,68
1,Tulkarem,humidity,hour,8,43.92558823529412,44.644999999999996,2.715717866313024,37.48,49.09,68
1,Tulkarem,humidity,hour,9,43.24850746268657,43.9,3.0154984781812044,35.19,46.86,67
1,Tulkarem,humidity,hour,10,42.60852941176471,42.945,3.2347424934795095,34.75,48.37,68
1,Tulkarem,humidity,hour,11,42.41838235294117,43.08,3.522058679829389,29.79,47.3,68
1,Tulkarem,humidity,hour,12,42.47176470588235,43.010000000000005,4.286038403647558,29.04,47.88,68
1,Tulkarem,humidity,hour,13,43.64235294117646,44.644999999999996,3.517396475111322,32.08,48.61,68
1,Tulkarem,humidity,hour,14,44.40661764705882,44.83,3.920875477280635,32.96,49.72,68
1,Tulkarem,humidity,hour,15,43.71776119402985,43.69,4.280773726755878,32.11,51.16,67
1,Tulkarem,humidity,hour,16,52.95151515151515,53.655,3.9205875707305533,43.74,62.12,66
1,Tulkarem,humidity,hour,17,57.36691176470588,57.150000000000006,2.6479759983090325,51.46,63.46,68
1,Tulkarem,humidity,hour,18,58.8523880597015,58.84,2.4883291762852116,52.92,62.97,67
1,Tulkarem,humidity,hour,19,59.86882352941176,59.835,2.4664328761538252,52.96,64.24,68
1,Tulkarem,humidity,hour,20,60.21529411764706,60.335,2.5777813384035495,52.89,65.25,68
1,Tulkarem,humidity,hour,21,60.459701492537306,60.67,2.5935590208035904,52.63,65.91,67
1,Tulkarem,humidity,hour,22,60.88411764705882,60.989999999999995,2.768397475610667,52.86,66.83,68
1,Tulkarem,humidity,hour,23,61.17911764705882,61.38,2.5881213928565145,53.46,65.54,68
1,Tulkarem,humidity,day_of_week,Monday,52.00926701570681,52.92,9.62982852155962,32.11,67.08,191
1,Tulkarem,humidity,day_of_week,Tuesday,50.022760416666664,53.035,9.141225196841361,29.04,61.88,192
1,Tulkarem,humidity,day_of_week,Wednesday,50.897277486911,53.92,8.795148897424017,35.55,61.91,191
1,Tulkarem,humidity,day_of_week,Thursday,53.803658536585374,56.52,7.2857830855515004,39.38,63.46,287
1,Tulkarem,humidity,day_of_week,Friday,54.17832167832167,57.040000000000006,7.475254192569534,39.17,65.92,286
1,Tulkarem,humidity,day_of_week,Saturday,54.80926573426573,58.685,7.972470427798398,39.79,64.92,286
1,Tulkarem,humidity,day_of_week,Sunday,55.4209793814433,59.21,8.123596320014746,42.15,66.83,194
1,Tulkarem,humidity,day_type,Weekday,52.48140366172624,54.8,8.479119731063117,29.04,67.08,1147
1,Tulkarem,humidity,day_type,Weekend,55.0565,59.11,8.03106553401795,39.79,66.83,480
1,Tulkarem,humidity,daily,2026-08-06 00:00:00+00:00,52.90395833333334,56.815,7.970465941496859,39.38,62.97,96
1,Tulkarem,humidity,daily,2026-08-07 00:00:00+00:00,52.18463157894736,55.07,7.79783505286936,39.17,61.1,95
1,Tulkarem,humidity,daily,2026-08-08 00:00:00+00:00,54.45747368421053,57.55,7.3577100924914935,42.46,63.31,95
1,Tulkarem,humidity,daily,2026-08-09 00:00:00+00:00,55.35252631578946,59.18,8.872109534512365,42.15,66.83,95
1,Tulkarem,humidity,daily,2026-08-10 00:00:00+00:00,52.9718947368421,57.13,11.463813213458124,32.11,67.08,95
1,Tulkarem,humidity,daily,2026-08-11 00:00:00+00:00,48.95708333333332,52.605000000000004,11.109383318586962,29.04,61.88,96
1,Tulkarem,humidity,daily,2026-08-12 00:00:00+00:00,49.520520833333336,49.415,9.718093528626918,35.55,61.55,96
1,Tulkarem,humidity,daily,2026-08-13 00:00:00+00:00,53.083052631578944,55.54,6.446524888302093,41.44,62.63,95
1,Tulkarem,humidity,daily,2026-08-14 00:00:00+00:00,55.19947916666666,58.81,7.443422298603706,42.87,65.92,96
1,Tulkarem,humidity,daily,2026-08-15 00:00:00+00:00,54.3857894736842,58.4,8.53010707809215,39.79,63.5,95
1,Tulkarem,humidity,daily,2026-08-16 00:00:00+00:00,55.234791666666666,58.67,7.352389511926563,43.7,65.13,96
1,Tulkarem,humidity,daily,2026-08-17 00:00:00+00:00,51.05666666666667,52.665,7.320374834617299,40.06,63.23,96
1,Tulkarem,humidity,daily,2026-08-18 00:00:00+00:00,51.088437500000005,53.7,6.503072687199491,40.08,59.02,96
1,Tulkarem,humidity,daily,2026-08-19 00:00:00+00:00,52.28852631578949,54.87,7.55096963879489,41.72,61.91,95
1,Tulkarem,humidity,daily,2026-08-20 00:00:00+00:00,55.41645833333334,59.239999999999995,7.154883055304798,42.25,63.46,96
1,Tulkarem,humidity,daily,2026-08-21 00:00:00+00:00,55.14010526315789,57.79,6.826754858913231,43.39,64.69,95
1,Tulkarem,humidity,daily,2026-08-22 00:00:00+00:00,55.576458333333335,59.89,8.01374660773489,43.41,64.92,96
1,Tulkarem,humidity,daily,2026-08-23 00:00:00+00:00,63.54666666666666,63.5,0.2631222782915432,63.31,63.83,3
1,Tulkarem,humidity,weekly,2026-08-03/2026-08-09,53.7224934383202,56.64,8.083711551670726,39.17,66.83,381
1,Tulkarem,humidity,weekly,2026-08-10/2026-08-16,52.76144992526159,55.9,9.319306283257163,29.04,67.08,669
1,Tulkarem,humidity,weekly,2026-08-17/2026-08-23,53.47939341421144,54.61,7.50099725866304,40.06,64.92,577
1,Tulkarem,no2,hour,0,12.083142857142857,12.08,0.015561272734250335,12.05,12.13,70
1,Tulkarem,no2,hour,1,12.091492537313432,12.09,0.016260542626086977,12.06,12.13,67
1,Tulkarem,no2,hour,2,12.100588235294119,12.1,0.015441981249147805,12.06,12.14,68
1,Tulkarem,no2,hour,3,12.101617647058825,12.1,0.014923715886922108,12.07,12.13,68
1,Tulkarem,no2,hour,4,12.08558823529412,12.085,0.02851458662808699,12.02,12.16,68
1,Tulkarem,no2,hour,5,12.061470588235292,12.06,0.03369152007585822,11.99,12.15,68
1,Tulkarem,no2,hour,6,12.02720588235294,12.024999999999999,0.0332716359069741,11.96,12.14,68
1,Tulkarem,no2,hour,7,12.01323529411765,12.01,0.049848761611905226,11.92,12.26,68
1,Tulkarem,no2,hour,8,12.020441176470587,12.02,0.04999802454394312,11.89,12.2,68
1,Tulkarem,no2,hour,9,12.041641791044773,12.02,0.08247308128194003,11.95,12.36,67
1,Tulkarem,no2,hour,10,12.027794117647057,12.02,0.07247944820873478,11.95,12.34,68
1,Tulkarem,no2,hour,11,12.024558823529409,12.02,0.04268712356200915,11.93,12.2,68
1,Tulkarem,no2,hour,12,12.02705882352941,12.02,0.04738092139277265,11.96,12.22,68
1,Tulkarem,no2,hour,13,12.040882352941175,12.03,0.04441108151740087,11.96,12.22,68
1,Tulkarem,no2,hour,14,12.015,12.02,0.07101607974317879,11.88,12.29,68
1,Tulkarem,no2,hour,15,12.00820895522388,12.0,0.08368275904278667,11.84,12.28,67
1,Tulkarem,no2,hour,16,12.168787878787876,12.15,0.05760649406541048,12.09,12.38,66
1,Tulkarem,no2,hour,17,12.115588235294119,12.11,0.024700133115912966,12.06,12.22,68
1,Tulkarem,no2,hour,18,12.088656716417914,12.09,0.01641281118129673,12.05,12.13,67
1,Tulkarem,no2,hour,19,12.090882352941176,12.094999999999999,0.01742663034345119,12.06,12.13,68
1,Tulkarem,no2,hour,20,12.086029411764708,12.09,0.014876577391076413,12.05,12.12,68
1,Tulkarem,no2,hour,21,12.087205882352942,12.08,0.015438427365127991,12.06,12.13,68
1,Tulkarem,no2,hour,22,12.089705882352943,12.085,0.016204899594000025,12.06,12.14,68
1,Tulkarem,no2,hour,23,12.087352941176471,12.09,0.013227926932133162,12.06,12.12,68
1,Tulkarem,no2,day_of_week,Monday,12.067329842931935,12.08,0.05781723563342496,11.88,12.25,191
1,Tulkarem,no2,day_of_week,Tuesday,12.069166666666668,12.08,0.052000134246034224,11.88,12.22,192
1,Tulkarem,no2,day_of_week,Wednesday,12.06879581151832,12.08,0.05536591373234003,11.87,12.26,191
1,Tulkarem,no2,day_of_week,Thursday,12.068885017421604,12.08,0.04933272242650089,11.88,12.21,287
1,Tulkarem,no2,day_of_week,Friday,12.048986013986015,12.06,0.04994052406669295,11.88,12.16,286
1,Tulkarem,no2,day_of_week,Saturday,12.053972125435541,12.07,0.04817188691366959,11.84,12.22,287
1,Tulkarem,no2,day_of_week,Sunday,12.096752577319585,12.085,0.08542045124402198,11.88,12.38,194
1,Tulkarem,no2,day_type,Weekday,12.063696599825633,12.08,0.0530379561866466,11.87,12.26,1147
1,Tulkarem,no2,day_type,Weekend,12.071226611226612,12.08,0.06897729547008415,11.84,12.38,481
1,Tulkarem,no2,daily,2026-08-06 00:00:00+00:00,12.063645833333334,12.07,0.04403634364253582,11.95,12.18,96
1,Tulkarem,no2,daily,2026-08-07 00:00:00+00:00,12.049263157894734,12.07,0.05080714695208709,11.88,12.15,95
1,Tulkarem,no2,daily,2026-08-08 00:00:00+00:00,12.056315789473679,12.07,0.04245279309606536,11.93,12.12,95
1,Tulkarem,no2,daily,2026-08-09 00:00:00+00:00,12.054421052631575,12.06,0.057827987582280124,11.88,12.24,95
1,Tulkarem,no2,daily,2026-08-10 00:00:00+00:00,12.06147368421052,12.08,0.06523229230746415,11.88,12.25,95
1,Tulkarem,no2,daily,2026-08-11 00:00:00+00:00,12.066458333333335,12.08,0.054308653311985165,11.88,12.22,96
1,Tulkarem,no2,daily,2026-08-12 00:00:00+00:00,12.066041666666669,12.08,0.0617376310504323,11.87,12.26,96
1,Tulkarem,no2,daily,2026-08-13 00:00:00+00:00,12.070736842105257,12.09,0.05726463587447756,11.88,12.19,95
1,Tulkarem,no2,daily,2026-08-14 00:00:00+00:00,12.054166666666667,12.08,0.05046450898073472,11.91,12.12,96
1,Tulkarem,no2,daily,2026-08-15 00:00:00+00:00,12.050520833333335,12.065000000000001,0.056946323603283,11.84,12.22,96
1,Tulkarem,no2,daily,2026-08-16 00:00:00+00:00,12.138854166666667,12.105,0.08905196344260163,12.0,12.38,96
1,Tulkarem,no2,daily,2026-08-17 00:00:00+00:00,12.073125,12.09,0.04906091809384046,11.98,12.16,96
1,Tulkarem,no2,daily,2026-08-18 00:00:00+00:00,12.071875,12.08,0.049721593318248186,11.89,12.22,96
1,Tulkarem,no2,daily,2026-08-19 00:00:00+00:00,12.071578947368414,12.09,0.04825278714193908,11.93,12.21,95
1,Tulkarem,no2,daily,2026-08-20 00:00:00+00:00,12.072291666666667,12.085,0.04582527839905483,11.93,12.21,96
1,Tulkarem,no2,daily,2026-08-21 00:00:00+00:00,12.04347368421052,12.05,0.04846074131756702,11.89,12.16,95
1,Tulkarem,no2,daily,2026-08-22 00:00:00+00:00,12.055104166666666,12.06,0.04405725441589233,11.97,12.18,96
1,Tulkarem,no2,daily,2026-08-23 00:00:00+00:00,12.089999999999998,12.09,2.175583928816829e-15,12.09,12.09,3
1,Tulkarem,no2,weekly,2026-08-03/2026-08-09,12.055931758530182,12.07,0.04922542736500976,11.88,12.24,381
1,Tulkarem,no2,weekly,2026-08-10/2026-08-16,12.072626865671642,12.08,0.06888582347812904,11.84,12.38,670
1,Tulkarem,no2,weekly,2026-08-17/2026-08-23,12.064731369150781,12.08,0.04863382457446898,11.89,12.22,577
1,Tulkarem,o3,hour,0,48.22942857142856,47.035,10.903092485881867,27.85,66.55,70
1,Tulkarem,o3,hour,1,44.90029850746269,43.27,11.557834279953859,24.63,68.39,67
1,Tulkarem,o3,hour,2,43.964411764705886,41.480000000000004,11.457655901330446,27.01,66.02,68
1,Tulkarem,o3,hour,3,42.76867647058823,42.195,10.651294351225724,18.31,62.61,68
1,Tulkarem,o3,hour,4,47.16411764705882,46.385000000000005,10.895009022386944,27.23,71.09,68
1,Tulkarem,o3,hour,5,60.39838235294118,60.239999999999995,8.378678806243345,40.17,75.47,68
1,Tulkarem,o3,hour,6,67.65279411764706,68.185,7.812513277951842,47.07,83.35,68
1,Tulkarem,o3,hour,7,73.97544117647057,74.985,8.979388742588105,28.27,87.01,68
1,Tulkarem,o3,hour,8,76.68382352941177,78.19,8.301105668022599,41.84,89.18,68
1,Tulkarem,o3,hour,9,68.44910447761193,72.2,15.435864547779754,4.45,94.02,67
1,Tulkarem,o3,hour,10,61.989999999999995,64.895,13.944096273890336,7.66,78.86,68
1,Tulkarem,o3,hour,11,58.412941176470596,59.07,10.211309366656305,17.67,72.85,68
1,Tulkarem,o3,hour,12,57.72323529411764,59.715,11.738774941953706,8.55,71.15,68
1,Tulkarem,o3,hour,13,55.85808823529412,57.67,11.631799986135913,7.98,73.54,68
1,Tulkarem,o3,hour,14,56.930882352941175,59.725,12.667095431570718,4.93,72.39,68
1,Tulkarem,o3,hour,15,51.16298507462687,53.89,13.916259512997994,0.96,71.62,67
1,Tulkarem,o3,hour,16,46.28454545454546,49.43,15.333000928797908,-2.32,72.11,66
1,Tulkarem,o3,hour,17,48.22691176470588,49.125,9.301613767441943,14.32,70.88,68
1,Tulkarem,o3,hour,18,51.2555223880597,51.23,7.098441417403497,37.19,66.83,67
1,Tulkarem,o3,hour,19,53.42220588235295,54.025,6.5911874330711715,36.86,65.55,68
1,Tulkarem,o3,hour,20,54.91455882352941,55.995000000000005,8.103207847167603,32.04,72.18,68
1,Tulkarem,o3,hour,21,53.868970588235285,54.355000000000004,8.576904277429978,33.45,68.59,68
1,Tulkarem,o3,hour,22,50.848235294117636,52.01,9.993929939983715,27.71,66.62,68
1,Tulkarem,o3,hour,23,49.767794117647064,52.79,10.52819240705473,30.18,67.18,68
1,Tulkarem,o3,day_of_week,Monday,52.96031413612565,52.54,12.364566730262524,29.57,86.95,191
1,Tulkarem,o3,day_of_week,Tuesday,54.22104166666667,55.08,13.267460054262404,24.63,82.23,192
1,Tulkarem,o3,day_of_week,Wednesday,50.40989528795812,49.42,13.449731869349618,27.71,84.91,191
1,Tulkarem,o3,day_of_week,Thursday,53.018745644599306,53.75,14.367835770038486,18.31,94.02,287
1,Tulkarem,o3,day_of_week,Friday,61.41412587412588,60.17,10.768435344075698,38.17,87.95,286
1,Tulkarem,o3,day_of_week,Saturday,61.63303135888502,61.57,8.196244334956948,38.65,89.18,287
1,Tulkarem,o3,day_of_week,Sunday,47.70360824742268,52.43,19.28455467697551,-2.32,83.15,194
1,Tulkarem,o3,day_type,Weekday,54.869197907585004,54.55,13.43772226366204,18.31,94.02,1147
1,Tulkarem,o3,day_type,Weekend,56.014927234927235,59.34,15.373700786736775,-2.32,89.18,481
1,Tulkarem,o3,daily,2026-08-06 00:00:00+00:00,56.564375000000005,57.230000000000004,13.752358864649558,30.48,85.25,96
1,Tulkarem,o3,daily,2026-08-07 00:00:00+00:00,61.39147368421054,59.1,12.048396729963617,38.17,87.01,95
1,Tulkarem,o3,daily,2026-08-08 00:00:00+00:00,63.12431578947369,62.1,6.627742411536844,51.87,83.34,95
1,Tulkarem,o3,daily,2026-08-09 00:00:00+00:00,56.85368421052633,54.52,11.827979634732285,34.1,83.15,95
1,Tulkarem,o3,daily,2026-08-10 00:00:00+00:00,54.635894736842104,53.09,13.475431978607528,31.5,86.95,95
1,Tulkarem,o3,daily,2026-08-11 00:00:00+00:00,49.22166666666667,50.445,13.448836119994033,24.63,81.94,96
1,Tulkarem,o3,daily,2026-08-12 00:00:00+00:00,49.58406250000001,48.93,13.8242470112347,27.71,84.91,96
1,Tulkarem,o3,daily,2026-08-13 00:00:00+00:00,49.797263157894754,50.85,12.802500540503237,27.23,94.02,95
1,Tulkarem,o3,daily,2026-08-14 00:00:00+00:00,65.91177083333334,66.55,8.265608392266007,46.86,85.15,96
1,Tulkarem,o3,daily,2026-08-15 00:00:00+00:00,60.88625,60.52,10.263776185154631,38.79,89.18,96
1,Tulkarem,o3,daily,2026-08-16 00:00:00+00:00,38.20822916666666,41.68000000000001,20.880238756186454,-2.32,69.16,96
1,Tulkarem,o3,daily,2026-08-17 00:00:00+00:00,51.3021875,52.0,10.977399673216162,29.57,74.06,96
1,Tulkarem,o3,daily,2026-08-18 00:00:00+00:00,59.220416666666665,61.19,11.068830767583517,35.82,82.23,96
1,Tulkarem,o3,daily,2026-08-19 00:00:00+00:00,51.244421052631594,49.43,13.080373450634456,30.18,80.2,95
1,Tulkarem,o3,daily,2026-08-20 00:00:00+00:00,52.66104166666667,52.8,15.714959582925514,18.31,84.15,96
1,Tulkarem,o3,daily,2026-08-21 00:00:00+00:00,56.89178947368421,53.31,9.79993073997968,44.4,87.95,95
1,Tulkarem,o3,daily,2026-08-22 00:00:00+00:00,60.90406250000001,61.425,7.078718227435039,38.65,78.07,96
1,Tulkarem,o3,daily,2026-08-23 00:00:00+00:00,61.803333333333335,61.72,0.5398456569551465,61.31,62.38,3
1,Tulkarem,o3,weekly,2026-08-03/2026-08-09,59.47580052493438,59.32,11.694858078484513,30.48,87.01,381
1,Tulkarem,o3,weekly,2026-08-10/2026-08-16,52.607611940298504,55.0,16.049569150725603,-2.32,94.02,670
1,Tulkarem,o3,weekly,2026-08-17/2026-08-23,55.40861351819757,55.24,12.150421795577383,18.31,87.95,577
1,Tulkarem,aqi,hour,0,108.48571428571428,110.0,26.360787114737086,64.0,165.0,70
1,Tulkarem,aqi,hour,1,109.49253731343283,108.0,29.245239516433895,63.0,183.0,67
1,Tulkarem,aqi,hour,2,110.86764705882354,111.0,29.92423488056138,64.0,189.0,68
1,Tulkarem,aqi,hour,3,116.25,112.0,31.359911190096604,74.0,196.0,68
1,Tulkarem,aqi,hour,4,112.02941176470588,108.5,25.34535818919052,69.0,158.0,68
1,Tulkarem,aqi,hour,5,114.41176470588235,113.0,30.82508926479559,55.0,194.0,68
1,Tulkarem,aqi,hour,6,105.26470588235294,100.5,28.261897585549427,63.0,184.0,68
1,Tulkarem,aqi,hour,7,103.07352941176471,102.0,31.081172578425484,49.0,193.0,68
1,Tulkarem,aqi,hour,8,99.66176470588235,94.5,22.872528196355205,49.0,146.0,68
1,Tulkarem,aqi,hour,9,90.35820895522389,88.0,23.08068948377811,46.0,141.0,67
1,Tulkarem,aqi,hour,10,80.73529411764706,79.5,24.645921007344466,38.0,138.0,68
1,Tulkarem,aqi,hour,11,75.67647058823529,76.5,24.18550273575498,32.0,134.0,68
1,Tulkarem,aqi,hour,12,74.3970588235294,78.0,24.046062578907318,30.0,113.0,68
1,Tulkarem,aqi,hour,13,75.66176470588235,80.5,24.77396942394249,30.0,118.0,68
1,Tulkarem,aqi,hour,14,76.61764705882354,84.0,24.115412432075377,30.0,119.0,68
1,Tulkarem,aqi,hour,15,73.5223880597015,84.0,25.01233526528232,28.0,111.0,67
1,Tulkarem,aqi,hour,16,99.03030303030303,97.5,73.49913022969827,36.0,637.0,66
1,Tulkarem,aqi,hour,17,100.25,103.5,30.966700940916827,42.0,186.0,68
1,Tulkarem,aqi,hour,18,101.5223880597015,107.0,28.1340719827752,43.0,171.0,67
1,Tulkarem,aqi,hour,19,103.19117647058823,102.0,30.53222293579734,43.0,177.0,68
1,Tulkarem,aqi,hour,20,104.94117647058823,102.0,30.637447748880916,42.0,184.0,68
1,Tulkarem,aqi,hour,21,102.55882352941177,97.5,32.03467447539482,11.0,194.0,68
1,Tulkarem,aqi,hour,22,107.08823529411765,103.0,25.664154276924467,53.0,168.0,68
1,Tulkarem,aqi,hour,23,110.33823529411765,115.0,23.95244685355065,67.0,154.0,68
1,Tulkarem,aqi,day_of_week,Monday,72.87958115183245,73.0,25.933947511087727,30.0,160.0,191
1,Tulkarem,aqi,day_of_week,Tuesday,83.95833333333333,86.0,23.969403125921065,28.0,154.0,192
1,Tulkarem,aqi,day_of_week,Wednesday,83.36125654450262,80.0,32.9076917339228,30.0,192.0,191
1,Tulkarem,aqi,day_of_week,Thursday,100.24738675958189,97.0,21.304603686808914,55.0,193.0,287
1,Tulkarem,aqi,day_of_week,Friday,109.0,108.0,28.214093778097823,55.0,194.0,286
1,Tulkarem,aqi,day_of_week,Saturday,115.62717770034843,113.0,27.623031082822497,11.0,196.0,287
1,Tulkarem,aqi,day_of_week,Sunday,106.80927835051547,98.0,49.05775085190421,48.0,637.0,194
1,Tulkarem,aqi,day_type,Weekday,92.33391455972101,90.0,29.51772193337081,28.0,194.0,1147
1,Tulkarem,aqi,day_type,Weekend,112.07068607068607,109.0,37.961427700627816,11.0,637.0,481
1,Tulkarem,aqi,daily,2026-08-06 00:00:00+00:00,96.22916666666667,94.0,11.644270483277143,78.0,133.0,96
1,Tulkarem,aqi,daily,2026-08-07 00:00:00+00:00,88.67368421052632,81.0,22.520648730907336,55.0,162.0,95
1,Tulkarem,aqi,daily,2026-08-08 00:00:00+00:00,98.51578947368421,93.0,19.52078170189605,75.0,138.0,95
1,Tulkarem,aqi,daily,2026-08-09 00:00:00+00:00,97.89473684210526,88.0,32.52085212703242,48.0,165.0,95
1,Tulkarem,aqi,daily,2026-08-10 00:00:00+00:00,79.4421052631579,82.0,30.29490364747969,32.0,160.0,95
1,Tulkarem,aqi,daily,2026-08-11 00:00:00+00:00,74.61458333333333,73.5,28.13814410206849,28.0,154.0,96
1,Tulkarem,aqi,daily,2026-08-12 00:00:00+00:00,98.5625,88.0,28.13569095051973,62.0,192.0,96
1,Tulkarem,aqi,daily,2026-08-13 00:00:00+00:00,118.43157894736842,116.0,17.011043116338726,88.0,193.0,95
1,Tulkarem,aqi,daily,2026-08-14 00:00:00+00:00,132.35416666666666,130.0,23.651851676333887,102.0,194.0,96
1,Tulkarem,aqi,daily,2026-08-15 00:00:00+00:00,130.34375,126.0,31.18158300056385,11.0,196.0,96
1,Tulkarem,aqi,daily,2026-08-16 00:00:00+00:00,115.78125,105.0,60.67362266126941,62.0,637.0,96
1,Tulkarem,aqi,daily,2026-08-17 00:00:00+00:00,66.38541666666667,72.0,18.743908367178733,30.0,106.0,96
1,Tulkarem,aqi,daily,2026-08-18 00:00:00+00:00,93.30208333333333,90.5,13.67142220428143,70.0,138.0,96
1,Tulkarem,aqi,daily,2026-08-19 00:00:00+00:00,68.0,54.0,30.23841434545898,30.0,145.0,95
1,Tulkarem,aqi,daily,2026-08-20 00:00:00+00:00,86.27083333333333,81.0,20.003409797051397,55.0,174.0,96
1,Tulkarem,aqi,daily,2026-08-21 00:00:00+00:00,105.72631578947369,104.0,18.856367571309235,82.0,142.0,95
1,Tulkarem,aqi,daily,2026-08-22 00:00:00+00:00,117.84375,115.0,20.764508244395746,88.0,178.0,96
1,Tulkarem,aqi,daily,2026-08-23 00:00:00+00:00,102.0,102.0,1.0,101.0,103.0,3
1,Tulkarem,aqi,weekly,2026-08-03/2026-08-09,95.33070866141732,92.0,23.036945767309327,48.0,165.0,381
1,Tulkarem,aqi,weekly,2026-08-10/2026-08-16,107.1,109.0,40.041650587404945,11.0,637.0,670
1,Tulkarem,aqi,weekly,2026-08-17/2026-08-23,89.66204506065858,88.0,27.94044692346005,30.0,178.0,577
2,Nablus,pm25,hour,0,24.17666666666667,23.685,11.083613730788949,9.37,45.81,66
2,Nablus,pm25,hour,1,24.35253968253969,20.75,11.453594867178795,9.27,48.56,63
2,Nablus,pm25,hour,2,23.927031250000002,21.005000000000003,11.445269859541893,9.05,48.61,64
2,Nablus,pm25,hour,3,23.10578125,22.475,10.339415230875886,8.68,41.74,64
2,Nablus,pm25,hour,4,22.797656250000003,21.58,10.335602015500474,8.54,42.8,64
2,Nablus,pm25,hour,5,21.633125,21.835,8.58233547135377,9.13,42.9,64
2,Nablus,pm25,hour,6,19.696718750000002,20.41,6.353854237049714,9.5,35.25,64
2,Nablus,pm25,hour,7,18.6784375,18.755,5.281695019758906,10.3,30.48,64
2,Nablus,pm25,hour,8,18.10921875,18.369999999999997,4.190057129090208,12.18,27.94,64
2,Nablus,pm25,hour,9,17.279531249999998,18.07,3.7096576788493616,11.59,26.04,64
2,Nablus,pm25,hour,10,17.2828125,16.740000000000002,3.634981919017934,11.25,24.66,64
2,Nablus,pm25,hour,11,17.002769230769232,16.43,4.021142758786172,10.52,26.57,65
2,Nablus,pm25,hour,12,15.951029411764704,16.055,3.4623842788813066,9.24,22.54,68
2,Nablus,pm25,hour,13,15.282352941176471,15.825,3.078168246566507,8.7,21.01,68
2,Nablus,pm25,hour,14,14.895147058823527,14.969999999999999,3.3568666505231044,8.34,21.86,68
2,Nablus,pm25,hour,15,15.402537313432836,15.56,3.5109479611221563,9.59,23.48,67
2,Nablus,pm25,hour,16,18.59318181818182,18.86,5.050932331024383,11.25,29.64,66
2,Nablus,pm25,hour,17,21.744852941176475,22.985,5.953177376290186,12.0,35.85,68
2,Nablus,pm25,hour,18,22.999104477611937,24.62,7.122947494125627,11.42,40.1,67
2,Nablus,pm25,hour,19,23.980441176470592,23.73,8.329082914133943,12.31,40.54,68
2,Nablus,pm25,hour,20,23.89544117647059,23.83,9.39005911856893,11.26,50.79,68
2,Nablus,pm25,hour,21,23.515882352941176,23.674999999999997,9.29924796113476,10.39,41.69,68
2,Nablus,pm25,hour,22,23.829852941176473,22.73,10.170810662395093,10.17,44.58,68
2,Nablus,pm25,hour,23,24.357058823529407,21.869999999999997,11.235232305195654,10.04,44.98,68
2,Nablus,pm25,day_of_week,Monday,12.73680628272251,12.31,2.9651945457010167,8.34,23.91,191
2,Nablus,pm25,day_of_week,Tuesday,15.289479166666666,14.625,3.8213772824260936,10.23,26.69,192
2,Nablus,pm25,day_of_week,Wednesday,13.515497382198951,13.08,2.421087976127882,10.02,20.75,191
2,Nablus,pm25,day_of_week,Thursday,21.06091286307054,19.09,6.270403960661189,11.43,37.74,241
2,Nablus,pm25,day_of_week,Friday,25.35265734265734,23.23,7.917504918964249,12.8,44.98,286
2,Nablus,pm25,day_of_week,Saturday,26.994773519163765,25.5,8.26231425957955,15.44,50.79,287
2,Nablus,pm25,day_of_week,Sunday,22.879896907216494,21.445,7.999987369788652,10.07,44.33,194
2,Nablus,pm25,day_type,Weekday,18.416267029972754,16.04,7.443545144955716,8.34,44.98,1101
2,Nablus,pm25,day_type,Weekend,25.335135135135136,24.13,8.395928181790492,10.07,50.79,481
2,Nablus,pm25,daily,2026-08-06 00:00:00+00:00,21.290816326530614,22.61,4.051347428497655,14.11,28.55,49
2,Nablus,pm25,daily,2026-08-07 00:00:00+00:00,19.52705263157895,18.32,4.906971131837827,12.8,29.98,95
2,Nablus,pm25,daily,2026-08-08 00:00:00+00:00,24.11336842105263,21.79,7.744207115785557,15.77,50.79,95
2,Nablus,pm25,daily,2026-08-09 00:00:00+00:00,20.472842105263158,18.06,8.494589349667521,10.07,41.88,95
2,Nablus,pm25,daily,2026-08-10 00:00:00+00:00,11.279684210526316,11.1,1.7101837979060557,8.54,15.74,95
2,Nablus,pm25,daily,2026-08-11 00:00:00+00:00,12.347708333333335,12.280000000000001,1.4702806600436007,10.23,19.48,96
2,Nablus,pm25,daily,2026-08-12 00:00:00+00:00,13.390520833333333,13.030000000000001,2.4089147457294917,10.2,20.73,96
2,Nablus,pm25,daily,2026-08-13 00:00:00+00:00,22.951562500000005,20.880000000000003,6.155425732956849,13.96,34.06,96
2,Nablus,pm25,daily,2026-08-14 00:00:00+00:00,29.641562500000003,31.235,7.3745046332297,19.57,43.1,96
2,Nablus,pm25,daily,2026-08-15 00:00:00+00:00,30.239687500000002,29.64,9.419740800224869,15.44,48.61,96
2,Nablus,pm25,daily,2026-08-16 00:00:00+00:00,24.870104166666668,23.66,6.621353891573546,15.5,44.33,96
2,Nablus,pm25,daily,2026-08-17 00:00:00+00:00,14.178749999999999,14.52,3.2352005550783014,8.34,23.91,96
2,Nablus,pm25,daily,2026-08-18 00:00:00+00:00,18.23125,16.85,3.1157049552903837,14.31,26.69,96
2,Nablus,pm25,daily,2026-08-19 00:00:00+00:00,13.641789473684206,13.08,2.4395443326473587,10.02,20.75,95
2,Nablus,pm25,daily,2026-08-20 00:00:00+00:00,19.052916666666665,16.96,6.740422900470932,11.43,37.74,96
2,Nablus,pm25,daily,2026-08-21 00:00:00+00:00,26.84421052631579,24.8,7.4624309510968345,16.78,44.98,95
2,Nablus,pm25,daily,2026-08-22 00:00:00+00:00,26.601250000000004,26.96,6.192240347912522,17.23,36.67,96
2,Nablus,pm25,daily,2026-08-23 00:00:00+00:00,35.416666666666664,35.53,0.9749529903197032,34.39,36.33,3
2,Nablus,pm25,weekly,2026-08-03/2026-08-09,21.35931137724551,19.61,7.057438846204636,10.07,50.79,334
2,Nablus,pm25,weekly,2026-08-10/2026-08-16,20.688405365126677,18.57,9.558660681314537,8.54,48.61,671
2,Nablus,pm25,weekly,2026-08-17/2026-08-23,19.838093587521662,17.38,7.5095827325900775,8.34,44.98,577
2,Nablus,temperature,hour,0,29.151818181818182,28.715,1.875698769559194,26.32,32.9,66
2,Nablus,temperature,hour,1,29.07730158730159,28.72,1.724063285970007,26.35,32.69,63
2,Nablus,temperature,hour,2,29.23046875,29.03,1.6166989978971311,26.82,32.85,64
2,Nablus,temperature,hour,3,29.485156249999996,29.335,1.4271316467317143,26.89,32.59,64
2,Nablus,temperature,hour,4,29.95421875,29.939999999999998,1.523945177416117,26.98,32.78,64
2,Nablus,temperature,hour,5,30.56609375,30.335,1.6310894374546698,27.89,34.29,64
2,Nablus,temperature,hour,6,31.44578125,31.075000000000003,1.4392753960499027,29.16,34.24,64
2,Nablus,temperature,hour,7,32.462656249999995,32.29,1.3153045904559915,30.57,35.04,64
2,Nablus,temperature,hour,8,33.610625,33.545,1.3193274801958763,31.13,36.78,64
2,Nablus,temperature,hour,9,34.83359374999999,34.894999999999996,1.2394768061469283,32.25,37.29,64
2,Nablus,temperature,hour,10,35.46,35.665,1.1288623293963524,32.6,37.29,64
2,Nablus,temperature,hour,11,35.29923076923077,35.53,1.200938835469343,32.71,37.35,65
2,Nablus,temperature,hour,12,35.1529411764706,34.965,1.2141123639552651,32.45,37.3,68
2,Nablus,temperature,hour,13,35.13088235294118,35.085,1.2124192360165842,32.19,37.17,68
2,Nablus,temperature,hour,14,36.07426470588236,35.91,1.2960298920641427,33.26,38.89,68
2,Nablus,temperature,hour,15,35.86820895522388,35.82,1.5455791553243512,32.95,38.7,67
2,Nablus,temperature,hour,16,32.42363636363637,32.25,1.8777520409448971,28.77,37.48,66
2,Nablus,temperature,hour,17,30.066323529411772,29.990000000000002,1.053148661263777,27.87,32.6,68
2,Nablus,temperature,hour,18,29.661791044776123,29.52,0.8737587306073274,27.93,31.82,67
2,Nablus,temperature,hour,19,29.693676470588237,29.39,1.1407092640588776,27.99,32.14,68
2,Nablus,temperature,hour,20,29.52691176470588,29.255,1.3874536510778934,27.3,32.36,68
2,Nablus,temperature,hour,21,29.446323529411767,29.23,1.6007460055747371,26.85,32.3,68
2,Nablus,temperature,hour,22,29.476470588235294,28.98,1.6376008704999934,26.68,32.5,68
2,Nablus,temperature,hour,23,29.26279411764706,28.525,1.7875839156490718,27.27,32.8,68
2,Nablus,temperature,day_of_week,Monday,32.223350785340315,32.03,2.7180148091240786,27.87,38.89,191
2,Nablus,temperature,day_of_week,Tuesday,32.23104166666666,32.06,2.8534366087106604,26.89,37.84,192
2,Nablus,temperature,day_of_week,Wednesday,32.56151832460733,32.4,2.9615421477810333,27.15,38.38,191
2,Nablus,temperature,day_of_week,Thursday,31.521327800829873,30.19,3.0463806223559065,26.73,36.77,241
2,Nablus,temperature,day_of_week,Friday,30.992797202797206,29.740000000000002,2.9495501662610173,26.32,37.38,286
2,Nablus,temperature,day_of_week,Saturday,31.37445993031359,30.28,3.021854135641742,26.54,37.0,287
2,Nablus,temperature,day_of_week,Sunday,32.0880412371134,31.52,2.864835811398267,27.01,38.7,194
2,Nablus,temperature,day_type,Weekday,31.810036330608536,31.66,2.97223656200126,26.32,38.89,1101
2,Nablus,temperature,day_type,Weekend,31.66226611226611,31.01,2.977200247274285,26.54,38.7,481
2,Nablus,temperature,daily,2026-08-06 00:00:00+00:00,30.955102040816325,29.08,3.3270714865885807,26.73,36.18,49
2,Nablus,temperature,daily,2026-08-07 00:00:00+00:00,30.52726315789473,29.58,2.8938976301591914,26.32,35.46,95
2,Nablus,temperature,daily,2026-08-08 00:00:00+00:00,31.018631578947364,30.0,3.0814470939169447,26.54,36.59,95
2,Nablus,temperature,daily,2026-08-09 00:00:00+00:00,32.57936842105263,31.64,3.1662310000694314,27.89,38.7,95
2,Nablus,temperature,daily,2026-08-10 00:00:00+00:00,33.84147368421052,32.6,2.2907580128063034,31.06,38.89,95
2,Nablus,temperature,daily,2026-08-11 00:00:00+00:00,33.71729166666666,32.55,2.390891258249093,30.0,37.84,96
2,Nablus,temperature,daily,2026-08-12 00:00:00+00:00,34.00989583333333,32.89,2.5162271233741023,29.7,38.38,96
2,Nablus,temperature,daily,2026-08-13 00:00:00+00:00,31.736145833333335,30.53,2.8528819665998935,27.47,36.62,96
2,Nablus,temperature,daily,2026-08-14 00:00:00+00:00,30.471770833333334,29.54,2.5414910645407254,27.33,35.08,96
2,Nablus,temperature,daily,2026-08-15 00:00:00+00:00,31.665520833333336,30.64,3.036091972045527,27.47,37.0,96
2,Nablus,temperature,daily,2026-08-16 00:00:00+00:00,31.756874999999997,31.255000000000003,2.3715752315596843,28.13,36.4,96
2,Nablus,temperature,daily,2026-08-17 00:00:00+00:00,30.622083333333336,30.2,2.0912926834183923,27.87,34.35,96
2,Nablus,temperature,daily,2026-08-18 00:00:00+00:00,30.744791666666668,30.035,2.48780308036361,26.89,35.09,96
2,Nablus,temperature,daily,2026-08-19 00:00:00+00:00,31.097894736842104,30.39,2.649887952162234,27.15,35.59,95
2,Nablus,temperature,daily,2026-08-20 00:00:00+00:00,31.595520833333335,30.39,3.08153340837477,27.47,36.77,96
2,Nablus,temperature,daily,2026-08-21 00:00:00+00:00,31.98484210526316,30.5,3.1597094073084975,28.23,37.38,95
2,Nablus,temperature,daily,2026-08-22 00:00:00+00:00,31.43552083333333,30.03,2.943079972728773,27.39,36.27,96
2,Nablus,temperature,daily,2026-08-23 00:00:00+00:00,27.12666666666667,27.11,0.1258305739211793,27.01,27.26,3
2,Nablus,temperature,weekly,2026-08-03/2026-08-09,31.313473053892213,30.595,3.185444359825172,26.32,38.7,334
2,Nablus,temperature,weekly,2026-08-10/2026-08-16,32.454932935916545,32.16,2.8745258329248693,27.33,38.89,671
2,Nablus,temperature,weekly,2026-08-17/2026-08-23,31.224332755632588,30.28,2.797639247884487,26.89,37.38,577
2,Nablus,humidity,hour,0,60.53348484848485,70.325,17.88707384526381,26.08,78.32,66
2,Nablus,humidity,hour,1,59.829365079365076,67.7,17.697343146051146,25.46,76.76,63
2,Nablus,humidity,hour,2,59.338437500000005,64.715,16.804048758043354,26.86,75.29,64
2,Nablus,humidity,hour,3,58.712500000000006,64.765,15.776889467504082,25.82,75.58,64
2,Nablus,humidity,hour,4,57.66828125000001,63.975,15.667677429875399,24.57,74.65,64
2,Nablus,humidity,hour,5,55.24015625,60.375,15.061508755996007,22.21,71.75,64
2,Nablus,humidity,hour,6,51.63609375,56.475,13.545565855300316,22.04,65.74,64
2,Nablus,humidity,hour,7,48.05328125,52.055,11.357474016991057,23.73,60.26,64
2,Nablus,humidity,hour,8,45.266875,47.754999999999995,8.402669242379197,26.53,54.95,64
2,Nablus,humidity,hour,9,42.3184375,44.18,6.491031717526615,27.76,51.35,64
2,Nablus,humidity,hour,10,42.78875000000001,43.845,5.5673762022857565,28.52,50.25,64
2,Nablus,humidity,hour,11,45.34323076923077,47.01,6.27097757224011,27.8,54.18,65
2,Nablus,humidity,hour,12,46.36941176470589,47.254999999999995,6.151594595446388,28.97,53.66,68
2,Nablus,humidity,hour,13,46.211470588235294,47.26,6.3419850145278,28.7,53.92,68
2,Nablus,humidity,hour,14,44.689117647058836,46.355000000000004,5.888066032059498,31.35,52.87,68
2,Nablus,humidity,hour,15,45.23776119402985,46.18,6.517972779494316,31.54,56.95,67
2,Nablus,humidity,hour,16,54.584545454545456,54.815,6.916437318072447,39.13,67.79,66
2,Nablus,humidity,hour,17,62.7845588235294,63.58,4.817630690920599,47.69,68.88,68
2,Nablus,humidity,hour,18,64.93059701492537,66.55,5.738263616734811,43.7,71.59,67
2,Nablus,humidity,hour,19,64.07161764705882,66.945,8.625105426185716,37.13,74.24,68
2,Nablus,humidity,hour,20,62.916029411764704,68.05,11.940802510557528,32.19,76.33,68
2,Nablus,humidity,hour,21,61.33808823529413,67.93,14.776726987723304,26.96,76.56,68
2,Nablus,humidity,hour,22,60.702058823529406,67.435,15.329130746044408,27.16,76.94,68
2,Nablus,humidity,hour,23,61.224411764705884,69.75999999999999,16.555987723466124,28.37,76.82,68
2,Nablus,humidity,day_of_week,Monday,44.87303664921466,45.22,14.337417744222074,22.04,72.3,191
2,Nablus,humidity,day_of_week,Tuesday,45.75703124999999,46.28,14.16995767687622,23.88,65.61,192
2,Nablus,humidity,day_of_week,Wednesday,45.50214659685864,45.23,14.033913026720459,25.23,69.25,191
2,Nablus,humidity,day_of_week,Thursday,57.050788381742734,59.07,10.967173281777356,32.81,74.37,241
2,Nablus,humidity,day_of_week,Friday,61.40437062937063,62.519999999999996,9.965194769571,44.67,76.94,286
2,Nablus,humidity,day_of_week,Saturday,61.392543554006984,64.59,11.005055583813137,37.7,77.09,287
2,Nablus,humidity,day_of_week,Sunday,56.31128865979381,55.519999999999996,11.249362901438664,37.31,78.32,194
2,Nablus,humidity,day_type,Weekday,52.09618528610354,52.45,14.418362817734184,22.04,76.94,1101
2,Nablus,humidity,day_type,Weekend,59.343139293139295,61.13,11.369760749431231,37.31,78.32,481
2,Nablus,humidity,daily,2026-08-06 00:00:00+00:00,59.501428571428576,65.41,9.963433979641088,42.97,72.35,49
2,Nablus,humidity,daily,2026-08-07 00:00:00+00:00,59.35810526315789,59.81,10.422082355609154,45.41,76.94,95
2,Nablus,humidity,daily,2026-08-08 00:00:00+00:00,62.29031578947368,65.66,9.968194788728027,47.03,77.09,95
2,Nablus,humidity,daily,2026-08-09 00:00:00+00:00,53.10442105263157,50.24,11.898812985299271,37.31,72.77,95
2,Nablus,humidity,daily,2026-08-10 00:00:00+00:00,32.80747368421053,31.54,7.061137568593177,22.04,50.22,95
2,Nablus,humidity,daily,2026-08-11 00:00:00+00:00,35.81822916666666,29.880000000000003,12.043565217448272,23.88,64.82,96
2,Nablus,humidity,daily,2026-08-12 00:00:00+00:00,35.489062499999996,32.68,10.673616471727204,25.23,65.06,96
2,Nablus,humidity,daily,2026-08-13 00:00:00+00:00,54.16458333333333,51.504999999999995,11.582401434178326,32.81,74.37,96
2,Nablus,humidity,daily,2026-08-14 00:00:00+00:00,62.936770833333334,64.86,9.12657317309032,48.56,75.58,96
2,Nablus,humidity,daily,2026-08-15 00:00:00+00:00,59.425625000000004,63.37,11.622567232713578,37.7,74.39,96
2,Nablus,humidity,daily,2026-08-16 00:00:00+00:00,58.812083333333334,58.84,9.260608473434434,38.43,73.35,96
2,Nablus,humidity,daily,2026-08-17 00:00:00+00:00,56.812916666666666,57.735,8.494061816372122,42.03,72.3,96
2,Nablus,humidity,daily,2026-08-18 00:00:00+00:00,55.695833333333326,59.6,7.681298364300368,43.44,65.61,96
2,Nablus,humidity,daily,2026-08-19 00:00:00+00:00,55.620631578947375,58.41,8.779851427343528,37.98,69.25,95
2,Nablus,humidity,daily,2026-08-20 00:00:00+00:00,58.686145833333335,60.93,10.263279087144324,40.11,72.97,96
2,Nablus,humidity,daily,2026-08-21 00:00:00+00:00,61.90210526315789,64.65,10.069957731401162,44.67,76.82,95
2,Nablus,humidity,daily,2026-08-22 00:00:00+00:00,62.47104166666667,66.62,11.194404004178692,42.11,76.51,96
2,Nablus,humidity,daily,2026-08-23 00:00:00+00:00,77.83666666666666,77.97,0.5619905100029098,77.22,78.32,3
2,Nablus,humidity,weekly,2026-08-03/2026-08-09,58.43440119760479,59.705,11.213508883136926,37.31,77.09,334
2,Nablus,humidity,weekly,2026-08-10/2026-08-16,48.51678092399404,48.64,15.964902748571227,22.04,75.58,671
2,Nablus,humidity,weekly,2026-08-17/2026-08-23,58.63102253032929,59.64,9.92104758769651,37.98,78.32,577
2,Nablus,aqi,hour,0,113.84848484848484,103.5,45.58111701613102,52.0,194.0,66
2,Nablus,aqi,hour,1,114.23809523809524,108.0,43.143688764225196,52.0,194.0,63
2,Nablus,aqi,hour,2,112.8125,100.0,45.37248834274684,50.0,196.0,64
2,Nablus,aqi,hour,3,110.171875,102.0,43.192281309078126,48.0,196.0,64
2,Nablus,aqi,hour,4,111.234375,102.0,44.002432179351324,47.0,191.0,64
2,Nablus,aqi,hour,5,113.15625,114.0,39.708948553671064,51.0,177.0,64
2,Nablus,aqi,hour,6,109.453125,113.5,35.315777169184486,53.0,196.0,64
2,Nablus,aqi,hour,7,103.75,104.0,29.363620727393652,57.0,169.0,64
2,Nablus,aqi,hour,8,100.5625,102.0,23.22483276888893,68.0,155.0,64
2,Nablus,aqi,hour,9,95.953125,101.0,20.610853734541582,64.0,144.0,64
2,Nablus,aqi,hour,10,96.03125,93.0,20.258620544084593,62.0,137.0,64
2,Nablus,aqi,hour,11,94.43076923076923,91.0,22.385101931006222,58.0,148.0,65
2,Nablus,aqi,hour,12,88.61764705882354,89.0,19.26641917466429,51.0,125.0,68
2,Nablus,aqi,hour,13,84.91176470588235,87.5,17.139232548796365,48.0,117.0,68
2,Nablus,aqi,hour,14,82.73529411764706,83.0,18.637642576456017,46.0,122.0,68
2,Nablus,aqi,hour,15,85.56716417910448,87.0,19.540342015397208,53.0,131.0,67
2,Nablus,aqi,hour,16,103.28787878787878,105.0,28.068468567752813,62.0,164.0,66
2,Nablus,aqi,hour,17,119.44117647058823,128.0,31.73414863581557,67.0,193.0,68
2,Nablus,aqi,hour,18,121.2089552238806,126.0,32.48707776361513,63.0,177.0,67
2,Nablus,aqi,hour,19,122.01470588235294,114.5,37.15537872998902,68.0,183.0,68
2,Nablus,aqi,hour,20,121.23529411764706,115.5,42.16142314254515,63.0,195.0,68
2,Nablus,aqi,hour,21,116.61764705882354,115.0,40.89923161405165,58.0,195.0,68
2,Nablus,aqi,hour,22,115.29411764705883,116.5,40.09580274439328,57.0,196.0,68
2,Nablus,aqi,hour,23,113.25,109.5,43.851640994499256,56.0,193.0,68
2,Nablus,aqi,day_of_week,Monday,70.7434554973822,68.0,16.50684536143012,46.0,133.0,191
2,Nablus,aqi,day_of_week,Tuesday,84.953125,81.5,21.21672980671384,57.0,148.0,192
2,Nablus,aqi,day_of_week,Wednesday,75.07853403141361,73.0,13.484849586329878,56.0,116.0,191
2,Nablus,aqi,day_of_week,Thursday,115.30705394190872,104.0,32.91385713800868,63.0,189.0,241
2,Nablus,aqi,day_of_week,Friday,124.36363636363636,118.0,30.701630439485513,71.0,195.0,286
2,Nablus,aqi,day_of_week,Saturday,131.794425087108,122.0,30.90482067315143,86.0,196.0,287
2,Nablus,aqi,day_of_week,Sunday,117.19072164948453,111.0,35.00673090711197,56.0,196.0,194
2,Nablus,aqi,day_type,Weekday,97.65667574931881,89.0,33.665523549298946,46.0,195.0,1101
2,Nablus,aqi,day_type,Weekend,125.9043659043659,118.0,33.36551365905374,56.0,196.0,481
2,Nablus,aqi,daily,2026-08-06 00:00:00+00:00,118.28571428571429,126.0,22.522211259110417,78.0,159.0,49
2,Nablus,aqi,daily,2026-08-07 00:00:00+00:00,108.54736842105264,102.0,27.256765086875582,71.0,167.0,95
2,Nablus,aqi,daily,2026-08-08 00:00:00+00:00,119.41052631578947,109.0,25.11102781259961,88.0,196.0,95
2,Nablus,aqi,daily,2026-08-09 00:00:00+00:00,110.30526315789474,100.0,43.28851100200187,56.0,196.0,95
2,Nablus,aqi,daily,2026-08-10 00:00:00+00:00,62.67368421052632,62.0,9.499655206803682,47.0,87.0,95
2,Nablus,aqi,daily,2026-08-11 00:00:00+00:00,68.63541666666667,68.0,8.161681704502696,57.0,108.0,96
2,Nablus,aqi,daily,2026-08-12 00:00:00+00:00,74.375,72.5,13.387543306726357,57.0,115.0,96
2,Nablus,aqi,daily,2026-08-13 00:00:00+00:00,127.55208333333333,116.5,34.21876056436591,78.0,189.0,96
2,Nablus,aqi,daily,2026-08-14 00:00:00+00:00,132.16666666666666,120.0,30.26537596753327,100.0,195.0,96
2,Nablus,aqi,daily,2026-08-15 00:00:00+00:00,135.30208333333334,127.0,30.453802732617696,86.0,196.0,96
2,Nablus,aqi,daily,2026-08-16 00:00:00+00:00,123.57291666666667,119.0,22.000356356762982,86.0,186.0,96
2,Nablus,aqi,daily,2026-08-17 00:00:00+00:00,78.72916666666667,81.0,18.0580812448503,46.0,133.0,96
2,Nablus,aqi,daily,2026-08-18 00:00:00+00:00,101.27083333333333,93.5,17.32869792944134,79.0,148.0,96
2,Nablus,aqi,daily,2026-08-19 00:00:00+00:00,75.78947368421052,73.0,13.616240879093304,56.0,116.0,95
2,Nablus,aqi,daily,2026-08-20 00:00:00+00:00,101.54166666666667,94.0,31.01643593718682,63.0,182.0,96
2,Nablus,aqi,daily,2026-08-21 00:00:00+00:00,132.29473684210527,126.0,28.47128963897854,93.0,194.0,95
2,Nablus,aqi,daily,2026-08-22 00:00:00+00:00,140.54166666666666,135.0,32.87709702470597,96.0,196.0,96
2,Nablus,aqi,daily,2026-08-23 00:00:00+00:00,131.0,102.0,51.97114584074513,100.0,191.0,3
2,Nablus,aqi,weekly,2026-08-03/2026-08-09,113.56586826347305,107.0,31.82827660880333,56.0,196.0,334
2,Nablus,aqi,weekly,2026-08-10/2026-08-16,103.52906110283159,101.0,38.45623958666535,47.0,196.0,671
2,Nablus,aqi,weekly,2026-08-17/2026-08-23,105.16637781629116,97.0,34.77267514918313,46.0,196.0,577
4,Nablus,pm25,hour,0,21.776060606060607,22.605,10.291958605373999,8.26,42.7,66
4,Nablus,pm25,hour,1,22.462063492063493,19.49,11.326424877781726,8.02,43.7,63
4,Nablus,pm25,hour,2,22.281875,20.865000000000002,10.880752465080217,8.2,41.07,64
4,Nablus,pm25,hour,3,21.87796875,18.895,10.375631429198103,8.21,43.74,64
4,Nablus,pm25,hour,4,21.95375,22.48,9.91788787998735,7.93,39.12,64
4,Nablus,pm25,hour,5,21.430625,21.185000000000002,9.706787655414205,8.2,48.86,64
4,Nablus,pm25,hour,6,18.694375,20.25,6.35830137918701,8.99,34.7,64
4,Nablus,pm25,hour,7,17.00212121212121,18.130000000000003,4.906850318342719,9.28,27.77,66
4,Nablus,pm25,hour,8,16.325147058823532,16.560000000000002,3.7374620220292036,10.72,25.81,68
4,Nablus,pm25,hour,9,15.56439393939394,16.41,3.2389172591554436,10.24,23.22,66
4,Nablus,pm25,hour,10,15.052941176470588,15.440000000000001,2.937755290309572,10.29,21.25,68
4,Nablus,pm25,hour,11,14.835882352941177,13.83,3.449919849942491,8.67,22.98,68
4,Nablus,pm25,hour,12,13.698823529411765,13.295,3.605493126440715,7.68,30.34,68
4,Nablus,pm25,hour,13,12.505,12.620000000000001,2.6211046435117407,7.18,17.57,68
4,Nablus,pm25,hour,14,12.482500000000002,12.615,2.9507779773547504,6.78,17.97,68
4,Nablus,pm25,hour,15,13.151641791044776,13.01,3.1493499074315587,8.18,20.69,67
4,Nablus,pm25,hour,16,16.245151515151516,16.485,4.395572332533743,9.23,25.92,66
4,Nablus,pm25,hour,17,19.368823529411767,20.915,5.528923009052949,10.34,31.75,68
4,Nablus,pm25,hour,18,20.79388059701493,21.77,6.32639491271194,10.92,36.61,67
4,Nablus,pm25,hour,19,22.069411764705883,22.695,7.697807767470825,11.1,37.95,68
4,Nablus,pm25,hour,20,21.734411764705882,22.59,8.49794485819918,10.21,39.97,68
4,Nablus,pm25,hour,21,21.466323529411767,22.36,8.527800875628106,9.31,38.59,68
4,Nablus,pm25,hour,22,21.85941176470588,21.755000000000003,9.088636973544189,9.07,37.64,68
4,Nablus,pm25,hour,23,22.926323529411764,22.625,10.95666837155411,8.88,51.6,68
4,Nablus,pm25,day_of_week,Monday,11.019738219895288,10.77,2.3863223046430284,6.78,17.43,191
4,Nablus,pm25,day_of_week,Tuesday,13.652395833333335,12.925,3.6024181072522645,8.92,22.3,192
4,Nablus,pm25,day_of_week,Wednesday,12.125916230366492,11.63,2.595683070691033,8.21,19.57,191
4,Nablus,pm25,day_of_week,Thursday,18.996914062499997,16.814999999999998,6.526585529581201,10.02,51.6,256
4,Nablus,pm25,day_of_week,Friday,23.408776223776222,21.665,7.491526504946099,12.08,48.86,286
4,Nablus,pm25,day_of_week,Saturday,24.47383275261324,23.46,7.59887877816308,12.88,43.7,287
4,Nablus,pm25,day_of_week,Sunday,21.120773195876286,19.2,8.87860121318091,8.88,43.74,194
4,Nablus,pm25,day_type,Weekday,16.6668458781362,14.175,7.2037347997420325,6.78,51.6,1116
4,Nablus,pm25,day_type,Weekend,23.121455301455303,22.21,8.295332771767027,8.88,43.74,481
4,Nablus,pm25,daily,2026-08-06 00:00:00+00:00,19.640151515151516,19.09,3.583782055712069,13.62,26.64,66
4,Nablus,pm25,daily,2026-08-07 00:00:00+00:00,19.66842105263158,17.74,6.4407037272086765,12.08,48.86,95
4,Nablus,pm25,daily,2026-08-08 00:00:00+00:00,23.745052631578943,22.65,7.1485519845577015,15.03,41.79,95
4,Nablus,pm25,daily,2026-08-09 00:00:00+00:00,19.10084210526316,15.42,9.805927610613454,8.88,43.74,95
4,Nablus,pm25,daily,2026-08-10 00:00:00+00:00,9.822315789473686,9.49,1.3203331725175156,7.93,12.31,95
4,Nablus,pm25,daily,2026-08-11 00:00:00+00:00,10.960729166666667,10.805,1.2825445471214156,8.92,14.07,96
4,Nablus,pm25,daily,2026-08-12 00:00:00+00:00,12.082395833333331,11.43,2.506072097417818,8.24,19.57,96
4,Nablus,pm25,daily,2026-08-13 00:00:00+00:00,20.371382978723407,18.775,6.109936134869191,12.48,41.59,94
4,Nablus,pm25,daily,2026-08-14 00:00:00+00:00,26.165937500000002,26.075,6.984726280757555,16.25,38.34,96
4,Nablus,pm25,daily,2026-08-15 00:00:00+00:00,26.709791666666664,26.275,8.846913583625668,12.88,43.7,96
4,Nablus,pm25,daily,2026-08-16 00:00:00+00:00,22.917291666666667,21.735,7.504529927305545,11.77,40.65,96
4,Nablus,pm25,daily,2026-08-17 00:00:00+00:00,12.2046875,13.075,2.609872331269542,6.78,17.43,96
4,Nablus,pm25,daily,2026-08-18 00:00:00+00:00,16.3440625,15.665,3.1311099690298163,10.88,22.3,96
4,Nablus,pm25,daily,2026-08-19 00:00:00+00:00,12.169894736842112,11.7,2.6958105774799637,8.21,19.49,95
4,Nablus,pm25,daily,2026-08-20 00:00:00+00:00,17.20885416666667,13.605,7.976019963786406,10.02,51.6,96
4,Nablus,pm25,daily,2026-08-21 00:00:00+00:00,24.362947368421054,23.43,7.519913403994986,13.39,37.99,95
4,Nablus,pm25,daily,2026-08-22 00:00:00+00:00,22.959062499999998,22.945,6.091222689139202,12.94,32.7,96
4,Nablus,pm25,daily,2026-08-23 00:00:00+00:00,27.596666666666664,28.08,0.9880452081424875,26.46,28.25,3
4,Nablus,pm25,weekly,2026-08-03/2026-08-09,20.612849002849003,18.57,7.535218785523493,8.88,48.86,351
4,Nablus,pm25,weekly,2026-08-10/2026-08-16,18.439910313901347,15.75,8.880882868885644,7.93,43.7,669
4,Nablus,pm25,weekly,2026-08-17/2026-08-23,17.591351819757364,15.08,7.25421672699324,6.78,51.6,577
4,Nablus,temperature,hour,0,29.87818181818182,29.58,2.071464668809457,26.32,33.86,66
4,Nablus,temperature,hour,1,29.912380952380957,29.7,2.0592276302487114,26.31,33.82,63
4,Nablus,temperature,hour,2,29.77421875,29.634999999999998,1.9790360044588489,26.63,33.69,64
4,Nablus,temperature,hour,3,29.64328125,29.44,1.872816446812763,26.71,33.32,64
4,Nablus,temperature,hour,4,30.32484375,30.310000000000002,2.019989778527887,27.01,34.39,64
4,Nablus,temperature,hour,5,31.45046875,31.384999999999998,2.18723673585885,27.79,35.79,64
4,Nablus,temperature,hour,6,32.7228125,32.83,2.1612338251159677,28.45,36.61,64
4,Nablus,temperature,hour,7,33.86606060606061,34.09,1.9952450235403927,29.53,37.62,66
4,Nablus,temperature,hour,8,35.17661764705882,35.46,2.0546079339066106,30.88,39.37,68
4,Nablus,temperature,hour,9,36.74909090909091,37.16,2.0948587081216257,32.46,40.4,66
4,Nablus,temperature,hour,10,39.18441176470589,39.295,2.2393871645375096,34.05,43.04,68
4,Nablus,temperature,hour,11,41.182352941176475,41.474999999999994,2.453967313365409,36.81,45.51,68
4,Nablus,temperature,hour,12,43.43455882352941,43.965,3.387592124130829,37.25,48.46,68
4,Nablus,temperature,hour,13,45.36882352941177,46.83,3.974653098318822,37.74,50.0,68
4,Nablus,temperature,hour,14,45.41911764705883,46.875,4.213585255144424,36.99,50.98,68
4,Nablus,temperature,hour,15,43.11029850746269,44.0,4.459073137197518,35.1,51.41,67
4,Nablus,temperature,hour,16,36.66121212121212,36.195,3.837557522556208,30.46,46.61,66
4,Nablus,temperature,hour,17,32.33191176470589,32.635000000000005,2.120778692073986,28.45,37.9,68
4,Nablus,temperature,hour,18,31.448059701492536,31.61,1.762383233876331,28.2,35.06,67
4,Nablus,temperature,hour,19,30.91735294117647,30.895,1.680783059906552,27.75,34.49,68
4,Nablus,temperature,hour,20,30.69441176470588,30.575,1.655151508015623,27.54,34.29,68
4,Nablus,temperature,hour,21,30.441029411764703,30.32,1.7720871745898725,27.38,34.04,68
4,Nablus,temperature,hour,22,30.21191176470588,30.07,1.9474179287233793,26.67,33.62,68
4,Nablus,temperature,hour,23,29.922058823529415,29.665,1.9984505631124743,26.51,33.52,68
4,Nablus,temperature,day_of_week,Monday,35.44109947643979,34.17,5.881906184540567,28.28,51.41,191
4,Nablus,temperature,day_of_week,Tuesday,35.522447916666664,33.245000000000005,6.083337103219683,27.54,49.46,192
4,Nablus,temperature,day_of_week,Wednesday,36.03507853403142,33.51,6.335485514491076,28.51,49.42,191
4,Nablus,temperature,day_of_week,Thursday,34.4294921875,32.56,5.800097035694156,26.51,49.33,256
4,Nablus,temperature,day_of_week,Friday,33.14601398601398,30.945,5.373920603473341,26.31,49.6,286
4,Nablus,temperature,day_of_week,Saturday,33.75341463414634,31.66,5.3908693376476196,26.62,47.28,287
4,Nablus,temperature,day_of_week,Sunday,35.36515463917526,32.995000000000005,6.532428174240456,27.35,50.59,194
4,Nablus,temperature,day_type,Weekday,34.736532258064514,33.02,5.941429240249832,26.31,51.41,1116
4,Nablus,temperature,day_type,Weekend,34.403471933471934,32.51,5.924541631684666,26.62,50.59,481
4,Nablus,temperature,daily,2026-08-06 00:00:00+00:00,32.31242424242425,31.785,4.41541218935048,26.51,38.52,66
4,Nablus,temperature,daily,2026-08-07 00:00:00+00:00,30.635157894736842,28.45,4.159715585397609,26.31,38.1,95
4,Nablus,temperature,daily,2026-08-08 00:00:00+00:00,31.376736842105263,29.37,4.16809141538816,26.62,39.19,95
4,Nablus,temperature,daily,2026-08-09 00:00:00+00:00,35.77978947368421,33.35,7.218468626856343,27.35,50.59,95
4,Nablus,temperature,daily,2026-08-10 00:00:00+00:00,37.81494736842105,35.06,6.0074602332972,31.88,51.41,95
4,Nablus,temperature,daily,2026-08-11 00:00:00+00:00,37.3621875,34.68000000000001,5.54888707724825,32.6,49.46,96
4,Nablus,temperature,daily,2026-08-12 00:00:00+00:00,37.50604166666667,34.565,5.640124761435815,31.83,49.42,96
4,Nablus,temperature,daily,2026-08-13 00:00:00+00:00,35.11808510638298,32.795,5.182370088541969,29.62,46.0,94
4,Nablus,temperature,daily,2026-08-14 00:00:00+00:00,33.32833333333333,30.995,4.205055520421171,29.17,42.64,96
4,Nablus,temperature,daily,2026-08-15 00:00:00+00:00,35.059270833333336,32.955,5.530713715205425,29.47,47.28,96
4,Nablus,temperature,daily,2026-08-16 00:00:00+00:00,35.156875,32.655,5.79648138506184,29.37,49.17,96
4,Nablus,temperature,daily,2026-08-17 00:00:00+00:00,33.09197916666667,30.63,4.719358479996968,28.28,43.07,96
4,Nablus,temperature,daily,2026-08-18 00:00:00+00:00,33.68270833333333,30.785,6.064061428512407,27.54,47.9,96
4,Nablus,temperature,daily,2026-08-19 00:00:00+00:00,34.548631578947365,31.65,6.673720071808863,28.51,48.46,95
4,Nablus,temperature,daily,2026-08-20 00:00:00+00:00,35.21072916666666,32.295,6.816840793951969,28.74,49.33,96
4,Nablus,temperature,daily,2026-08-21 00:00:00+00:00,35.47263157894737,32.55,6.3646485772396035,29.58,49.6,95
4,Nablus,temperature,daily,2026-08-22 00:00:00+00:00,34.799479166666664,32.155,5.588724620499021,29.09,46.92,96
4,Nablus,temperature,daily,2026-08-23 00:00:00+00:00,28.900000000000002,28.89,0.06557438524301942,28.84,28.97,3
4,Nablus,temperature,weekly,2026-08-03/2026-08-09,32.54367521367521,31.05,5.580218981615675,26.31,50.59,351
4,Nablus,temperature,weekly,2026-08-10/2026-08-16,35.906038863976086,33.67,5.637418613800987,29.17,51.41,669
4,Nablus,temperature,weekly,2026-08-17/2026-08-23,34.43686308492201,31.66,6.106544278446239,27.54,49.6,577
4,Nablus,humidity,hour,0,57.6319696969697,65.53,17.367944408699696,23.91,75.79,66
4,Nablus,humidity,hour,1,56.809523809523796,64.35,17.93049082938023,23.52,75.63,63
4,Nablus,humidity,hour,2,56.9215625,64.66499999999999,17.740934033386857,23.1,74.5,64
4,Nablus,humidity,hour,3,57.6803125,64.57499999999999,17.039969815975763,22.5,73.76,64
4,Nablus,humidity,hour,4,56.5696875,62.625,16.545709458590622,21.14,72.49,64
4,Nablus,humidity,hour,5,53.22796875,58.584999999999994,15.17167946251481,21.13,70.22,64
4,Nablus,humidity,hour,6,49.30046875,53.515,13.440107287658455,21.12,67.26,64
4,Nablus,humidity,hour,7,45.68181818181818,49.260000000000005,11.186533099991381,21.49,60.74,66
4,Nablus,humidity,hour,8,42.983823529411765,44.535,8.786356117250177,23.53,55.76,68
4,Nablus,humidity,hour,9,39.84772727272727,40.75,7.033276246191725,25.78,52.98,66
4,Nablus,humidity,hour,10,37.23338235294117,38.010000000000005,5.704333678642569,24.32,48.76,68
4,Nablus,humidity,hour,11,36.65191176470587,37.129999999999995,5.786953999222153,23.08,47.26,68
4,Nablus,humidity,hour,12,34.56617647058824,34.12,6.11163339659403,21.59,45.81,68
4,Nablus,humidity,hour,13,32.31205882352941,31.565,6.343108743652563,19.9,44.75,68
4,Nablus,humidity,hour,14,32.25705882352941,32.105000000000004,6.685062443768582,21.09,45.92,68
4,Nablus,humidity,hour,15,35.27417910447761,33.75,8.075979563299395,20.78,51.62,67
4,Nablus,humidity,hour,16,46.41863636363637,46.67,8.965683445803208,27.4,65.04,66
4,Nablus,humidity,hour,17,57.04705882352942,56.535,6.973752508957401,36.68,70.16,68
4,Nablus,humidity,hour,18,59.99970149253731,59.59,6.950366454291251,35.98,71.23,67
4,Nablus,humidity,hour,19,60.27985294117648,62.015,9.577685897033273,31.13,72.28,68
4,Nablus,humidity,hour,20,57.97573529411765,63.065,13.478727221476605,25.3,72.23,68
4,Nablus,humidity,hour,21,57.159705882352945,63.275,15.504034233841978,24.31,73.87,68
4,Nablus,humidity,hour,22,57.432352941176475,63.22,16.332501075951637,24.31,75.1,68
4,Nablus,humidity,hour,23,58.06897058823529,64.78,16.839693436755258,24.98,75.65,68
4,Nablus,humidity,day_of_week,Monday,39.56293193717278,34.04,15.32420348374207,20.78,66.65,191
4,Nablus,humidity,day_of_week,Tuesday,40.873072916666665,37.265,15.615088904726376,19.9,63.82,192
4,Nablus,humidity,day_of_week,Wednesday,40.1334554973822,32.01,15.415933267986375,22.45,65.17,191
4,Nablus,humidity,day_of_week,Thursday,51.0635546875,51.685,13.166255927855188,30.07,72.91,256
4,Nablus,humidity,day_of_week,Friday,56.95618881118882,61.13,12.053206946890779,31.95,75.65,286
4,Nablus,humidity,day_of_week,Saturday,56.405191637630665,60.98,13.392338296599261,27.88,75.79,287
4,Nablus,humidity,day_of_week,Sunday,50.11134020618557,51.4,14.718797303090465,26.85,73.27,194
4,Nablus,humidity,day_type,Weekday,46.981523297491044,47.315,15.883726969160824,19.9,75.65,1116
4,Nablus,humidity,day_type,Weekend,53.866715176715175,56.7,14.266283752404595,26.85,75.79,481
4,Nablus,humidity,daily,2026-08-06 00:00:00+00:00,56.01015151515151,54.375,12.238571245473718,38.71,72.91,66
4,Nablus,humidity,daily,2026-08-07 00:00:00+00:00,60.29431578947369,64.64,12.22459960207822,40.67,75.65,95
4,Nablus,humidity,daily,2026-08-08 00:00:00+00:00,62.31221052631581,68.01,11.402085492234674,43.37,75.79,95
4,Nablus,humidity,daily,2026-08-09 00:00:00+00:00,47.72168421052631,43.84,16.59532256920039,26.85,73.27,95
4,Nablus,humidity,daily,2026-08-10 00:00:00+00:00,26.99084210526316,25.61,5.01517053085211,20.78,41.68,95
4,Nablus,humidity,daily,2026-08-11 00:00:00+00:00,30.5203125,25.585,10.919925241032415,19.9,58.05,96
4,Nablus,humidity,daily,2026-08-12 00:00:00+00:00,30.173645833333335,25.759999999999998,9.938366287409583,22.45,59.52,96
4,Nablus,humidity,daily,2026-08-13 00:00:00+00:00,46.94106382978725,46.209999999999994,12.58217808281658,30.07,66.13,94
4,Nablus,humidity,daily,2026-08-14 00:00:00+00:00,56.10927083333333,60.835,10.562607358013523,37.61,68.02,96
4,Nablus,humidity,daily,2026-08-15 00:00:00+00:00,52.442499999999995,57.855000000000004,13.433119871187193,27.88,67.57,96
4,Nablus,humidity,daily,2026-08-16 00:00:00+00:00,51.87041666666667,55.58,12.121106942386572,30.21,66.38,96
4,Nablus,humidity,daily,2026-08-17 00:00:00+00:00,52.0040625,57.525000000000006,11.415200076917296,32.25,66.65,96
4,Nablus,humidity,daily,2026-08-18 00:00:00+00:00,51.225833333333334,57.849999999999994,12.424498690864684,27.33,63.82,96
4,Nablus,humidity,daily,2026-08-19 00:00:00+00:00,50.19810526315789,53.91,13.298620812727789,28.56,65.17,95
4,Nablus,humidity,daily,2026-08-20 00:00:00+00:00,51.699374999999996,58.13,13.17662889660885,31.14,66.26,96
4,Nablus,humidity,daily,2026-08-21 00:00:00+00:00,54.4738947368421,60.36,12.651405883927115,31.95,68.98,95
4,Nablus,humidity,daily,2026-08-22 00:00:00+00:00,54.52239583333333,59.845,13.286121745703923,31.96,69.85,96
4,Nablus,humidity,daily,2026-08-23 00:00:00+00:00,69.49333333333334,69.49,0.005773502691899211,69.49,69.5,3
4,Nablus,humidity,weekly,2026-08-03/2026-08-09,56.63205128205128,57.04,14.52085575233842,26.85,75.79,351
4,Nablus,humidity,weekly,2026-08-10/2026-08-16,42.15805680119582,38.72,15.867495108199808,19.9,68.02,669
4,Nablus,humidity,weekly,2026-08-17/2026-08-23,52.44311958405546,57.51,12.798461481481535,27.33,69.85,577
4,Nablus,aqi,hour,0,111.16666666666667,104.5,48.6992602481593,46.0,193.0,66
4,Nablus,aqi,hour,1,108.17460317460318,107.0,46.94799445458487,44.0,196.0,63
4,Nablus,aqi,hour,2,108.40625,99.0,47.2301755673953,46.0,196.0,64
4,Nablus,aqi,hour,3,112.4375,99.5,48.53696840128462,46.0,193.0,64
4,Nablus,aqi,hour,4,110.578125,104.0,46.24393729032068,44.0,185.0,64
4,Nablus,aqi,hour,5,108.0,110.5,40.095520867682886,46.0,193.0,64
4,Nablus,aqi,hour,6,103.828125,112.5,35.36097512099937,50.0,193.0,64
4,Nablus,aqi,hour,7,94.42424242424242,101.0,27.234627622292578,52.0,154.0,66
4,Nablus,aqi,hour,8,90.70588235294117,92.0,20.78249753247778,59.0,143.0,68
4,Nablus,aqi,hour,9,86.48484848484848,91.0,17.93856389436107,57.0,129.0,66
4,Nablus,aqi,hour,10,83.6029411764706,86.0,16.376302232264106,57.0,118.0,68
4,Nablus,aqi,hour,11,82.48529411764706,77.0,19.154121685009315,48.0,128.0,68
4,Nablus,aqi,hour,12,76.1029411764706,74.0,19.964251413562966,43.0,168.0,68
4,Nablus,aqi,hour,13,69.52941176470588,70.5,14.604712578464563,40.0,98.0,68
4,Nablus,aqi,hour,14,69.44117647058823,70.0,16.325405851224627,38.0,100.0,68
4,Nablus,aqi,hour,15,73.07462686567165,72.0,17.510441415646337,46.0,115.0,67
4,Nablus,aqi,hour,16,90.21212121212122,91.5,24.44303591336405,51.0,144.0,66
4,Nablus,aqi,hour,17,107.58823529411765,116.5,30.73829605883395,57.0,177.0,68
4,Nablus,aqi,hour,18,111.07462686567165,120.0,29.947081323275956,61.0,188.0,67
4,Nablus,aqi,hour,19,114.97058823529412,119.0,35.424913481492126,62.0,196.0,68
4,Nablus,aqi,hour,20,116.1470588235294,111.0,43.35699248322602,57.0,196.0,68
4,Nablus,aqi,hour,21,113.30882352941177,114.5,42.233627880734964,52.0,194.0,68
4,Nablus,aqi,hour,22,108.17647058823529,112.5,39.29564222410791,51.0,192.0,68
4,Nablus,aqi,hour,23,106.52941176470588,104.0,41.895203511389646,49.0,196.0,68
4,Nablus,aqi,day_of_week,Monday,61.230366492146594,60.0,13.225148267867619,38.0,97.0,191
4,Nablus,aqi,day_of_week,Tuesday,75.875,72.0,20.009814345892067,49.0,124.0,192
4,Nablus,aqi,day_of_week,Wednesday,67.35078534031413,64.0,14.439984214563276,46.0,109.0,191
4,Nablus,aqi,day_of_week,Thursday,103.296875,93.5,31.81807585289205,56.0,196.0,256
4,Nablus,aqi,day_of_week,Friday,120.68181818181819,112.5,34.071650275149416,67.0,196.0,286
4,Nablus,aqi,day_of_week,Saturday,123.18815331010452,118.0,30.183230635781474,72.0,196.0,287
4,Nablus,aqi,day_of_week,Sunday,108.94329896907216,102.5,40.273442070559014,49.0,196.0,194
4,Nablus,aqi,day_type,Weekday,89.68279569892474,79.0,34.75853554787174,38.0,196.0,1116
4,Nablus,aqi,day_type,Weekend,117.44282744282744,112.0,35.26916375516879,49.0,196.0,481
4,Nablus,aqi,daily,2026-08-06 00:00:00+00:00,109.13636363636364,106.0,19.88883441194416,76.0,148.0,66
4,Nablus,aqi,daily,2026-08-07 00:00:00+00:00,107.71578947368421,98.0,31.627709086857156,67.0,182.0,95
4,Nablus,aqi,daily,2026-08-08 00:00:00+00:00,119.63157894736842,112.0,27.88122705241806,83.0,196.0,95
4,Nablus,aqi,daily,2026-08-09 00:00:00+00:00,99.17894736842105,86.0,45.98380356570714,49.0,196.0,95
4,Nablus,aqi,daily,2026-08-10 00:00:00+00:00,54.578947368421055,53.0,7.302839650799238,44.0,68.0,95
4,Nablus,aqi,daily,2026-08-11 00:00:00+00:00,60.916666666666664,60.0,7.140200007027176,49.0,78.0,96
4,Nablus,aqi,daily,2026-08-12 00:00:00+00:00,67.09375,63.0,13.972964968108952,46.0,109.0,96
4,Nablus,aqi,daily,2026-08-13 00:00:00+00:00,111.8936170212766,104.0,31.68747525208896,69.0,169.0,94
4,Nablus,aqi,daily,2026-08-14 00:00:00+00:00,128.41666666666666,115.5,30.543038371819794,90.0,188.0,96
4,Nablus,aqi,daily,2026-08-15 00:00:00+00:00,122.3125,117.5,28.21433472918556,72.0,188.0,96
4,Nablus,aqi,daily,2026-08-16 00:00:00+00:00,117.21875,114.0,31.232305516800018,66.0,190.0,96
4,Nablus,aqi,daily,2026-08-17 00:00:00+00:00,67.8125,72.5,14.457423880593593,38.0,97.0,96
4,Nablus,aqi,daily,2026-08-18 00:00:00+00:00,90.83333333333333,87.0,17.372492877302605,61.0,124.0,96
4,Nablus,aqi,daily,2026-08-19 00:00:00+00:00,67.61052631578947,65.0,14.966839044923297,46.0,108.0,95
4,Nablus,aqi,daily,2026-08-20 00:00:00+00:00,90.86458333333333,76.0,34.797344058257835,56.0,196.0,96
4,Nablus,aqi,daily,2026-08-21 00:00:00+00:00,125.83157894736843,118.0,36.31471556586034,74.0,196.0,95
4,Nablus,aqi,daily,2026-08-22 00:00:00+00:00,127.58333333333333,127.5,33.8304337189761,72.0,182.0,96
4,Nablus,aqi,daily,2026-08-23 00:00:00+00:00,153.33333333333334,156.0,5.507570547286102,147.0,157.0,3
4,Nablus,aqi,weekly,2026-08-03/2026-08-09,108.8974358974359,102.0,34.294202246040186,49.0,196.0,351
4,Nablus,aqi,weekly,2026-08-10/2026-08-16,94.64125560538116,88.0,38.168157350687544,44.0,190.0,669
4,Nablus,aqi,weekly,2026-08-17/2026-08-23,95.38648180242635,84.0,36.44942306732817,38.0,196.0,577
5,Nablus,pm25,hour,0,26.220882352941175,25.42,8.557203369144107,12.45,40.43,34
5,Nablus,pm25,hour,1,28.612258064516126,26.43,7.062683016945434,17.03,41.52,31
5,Nablus,pm25,hour,2,27.504999999999995,27.475,6.267958457568656,14.94,40.17,32
5,Nablus,pm25,hour,3,28.6203125,29.03,7.604634191696279,16.93,44.3,32
5,Nablus,pm25,hour,4,26.5871875,25.47,9.261439390106318,13.86,45.98,32
5,Nablus,pm25,hour,5,22.2015625,21.575,6.193134132494186,13.33,38.02,32
5,Nablus,pm25,hour,6,19.815624999999997,19.925,4.825233363903661,12.42,27.94,32
5,Nablus,pm25,hour,7,18.364375000000003,18.54,3.4792425366783872,11.07,25.11,32
5,Nablus,pm25,hour,8,16.894374999999997,17.58,2.6023574145192323,11.05,21.72,32
5,Nablus,pm25,hour,9,15.709142857142858,16.23,2.3114311474884626,11.0,19.43,35
5,Nablus,pm25,hour,10,15.406410256410258,15.17,2.7916534311930694,10.57,20.22,39
5,Nablus,pm25,hour,11,16.11027027027027,16.19,3.360134328074207,9.71,21.35,37
5,Nablus,pm25,hour,12,15.119722222222224,15.325,3.255323978707681,8.54,19.47,36
5,Nablus,pm25,hour,13,14.718333333333334,15.09,3.2004896946739705,8.68,21.82,36
5,Nablus,pm25,hour,14,15.109444444444442,14.975000000000001,3.2093728309833325,8.93,20.06,36
5,Nablus,pm25,hour,15,16.939428571428575,16.87,3.725151353306603,10.48,23.38,35
5,Nablus,pm25,hour,16,19.145142857142858,20.02,4.22612558722426,11.27,25.04,35
5,Nablus,pm25,hour,17,23.040000000000003,22.84,13.595828351793376,11.13,96.88,36
5,Nablus,pm25,hour,18,23.73314285714286,23.46,9.839956292175936,11.52,63.78,35
5,Nablus,pm25,hour,19,24.03527777777778,23.605,7.720465746909726,12.1,39.31,36
5,Nablus,pm25,hour,20,24.831666666666667,24.215,8.50756654816338,10.09,38.63,36
5,Nablus,pm25,hour,21,25.695000000000004,24.475,8.729158525965063,12.68,41.57,36
5,Nablus,pm25,hour,22,25.286944444444444,26.31,7.887645609050159,12.94,39.31,36
5,Nablus,pm25,hour,23,25.979444444444447,25.615000000000002,8.066316895211113,12.93,40.43,36
5,Nablus,pm25,day_of_week,Monday,13.679636363636364,14.51,3.3342953965186997,8.54,21.2,55
5,Nablus,pm25,day_of_week,Tuesday,18.929479166666667,19.035,3.761451950844085,13.37,27.42,96
5,Nablus,pm25,day_of_week,Wednesday,14.374526315789472,12.42,4.673064684961254,10.09,33.01,95
5,Nablus,pm25,day_of_week,Thursday,20.73264516129032,18.21,6.8349356657608755,11.86,41.52,155
5,Nablus,pm25,day_of_week,Friday,24.751105263157896,20.945,10.613570196541,13.13,96.88,190
5,Nablus,pm25,day_of_week,Saturday,24.675130890052355,23.24,6.377835291781485,15.25,41.57,191
5,Nablus,pm25,day_of_week,Sunday,24.498936170212765,25.41,6.849760463613356,13.84,37.12,47
5,Nablus,pm25,day_type,Weekday,20.053231810490693,17.41,8.453843948394123,8.54,96.88,591
5,Nablus,pm25,day_type,Weekend,24.64033613445378,23.68,6.459233985853528,13.84,41.57,238
5,Nablus,pm25,daily,2026-08-06 00:00:00+00:00,20.730000000000004,20.43,4.437876161812788,14.9,37.8,59
5,Nablus,pm25,daily,2026-08-07 00:00:00+00:00,19.185473684210525,16.97,5.169275797753133,13.13,32.98,95
5,Nablus,pm25,daily,2026-08-08 00:00:00+00:00,23.649263157894737,22.05,6.44389522117644,15.25,41.57,95
5,Nablus,pm25,daily,2026-08-09 00:00:00+00:00,24.345909090909092,25.085,7.058072178383009,13.84,37.12,44
5,Nablus,pm25,daily,2026-08-17 00:00:00+00:00,13.679636363636364,14.51,3.3342953965186997,8.54,21.2,55
5,Nablus,pm25,daily,2026-08-18 00:00:00+00:00,18.929479166666667,19.035,3.761451950844085,13.37,27.42,96
5,Nablus,pm25,daily,2026-08-19 00:00:00+00:00,14.374526315789472,12.42,4.673064684961254,10.09,33.01,95
5,Nablus,pm25,daily,2026-08-20 00:00:00+00:00,20.73427083333333,16.935000000000002,7.981571767751759,11.86,41.52,96
5,Nablus,pm25,daily,2026-08-21 00:00:00+00:00,30.316736842105264,27.94,11.711581233258075,16.82,96.88,95
5,Nablus,pm25,daily,2026-08-22 00:00:00+00:00,25.6903125,25.755000000000003,6.1784323430062145,17.67,40.43,96
5,Nablus,pm25,daily,2026-08-23 00:00:00+00:00,26.743333333333336,26.72,0.13650396819628843,26.62,26.89,3
5,Nablus,pm25,weekly,2026-08-03/2026-08-09,21.718737201365187,20.07,6.144529205179441,13.13,41.57,293
5,Nablus,pm25,weekly,2026-08-17/2026-08-23,21.179608208955226,18.855,9.124724327442465,8.54,96.88,536
5,Nablus,temperature,hour,0,28.064999999999998,27.925,0.8235593481953806,26.58,29.74,34
5,Nablus,temperature,hour,1,27.98354838709678,28.1,0.7151668727744447,26.79,29.19,31
5,Nablus,temperature,hour,2,27.845625000000002,27.814999999999998,0.8825145068715355,26.26,29.21,32
5,Nablus,temperature,hour,3,27.77375,27.66,1.0006086857185899,26.08,29.27,32
5,Nablus,temperature,hour,4,28.932499999999997,28.935000000000002,1.0588490403842186,26.68,31.15,32
5,Nablus,temperature,hour,5,30.674375000000005,30.605,1.1256508869782131,28.79,32.98,32
5,Nablus,temperature,hour,6,32.961875,32.995000000000005,1.4077537300664944,30.72,35.83,32
5,Nablus,temperature,hour,7,36.1275,36.09,1.9317232821265264,32.29,40.56,32
5,Nablus,temperature,hour,8,39.746875,39.27,2.3250715389618275,35.58,45.11,32
5,Nablus,temperature,hour,9,42.87571428571429,42.0,2.6168023658367363,38.5,48.83,35
5,Nablus,temperature,hour,10,44.56230769230769,43.94,2.3210597188834843,41.77,50.04,39
5,Nablus,temperature,hour,11,44.23702702702703,43.87,1.6354405877059295,41.67,49.41,37
5,Nablus,temperature,hour,12,43.38333333333335,42.96,1.668585371761704,40.4,48.34,36
5,Nablus,temperature,hour,13,41.59472222222223,41.385,1.5692664093429336,38.11,44.37,36
5,Nablus,temperature,hour,14,38.11194444444444,38.205,2.0130613778797484,34.29,42.79,36
5,Nablus,temperature,hour,15,33.74,33.61,1.3158915564115812,31.01,36.77,35
5,Nablus,temperature,hour,16,31.691142857142857,31.65,1.0954042268350381,29.78,34.22,35
5,Nablus,temperature,hour,17,30.482499999999998,30.375,0.7304181776802348,29.51,32.56,36
5,Nablus,temperature,hour,18,29.886285714285712,29.64,0.6129345311660929,28.98,31.47,35
5,Nablus,temperature,hour,19,29.21861111111111,29.165,0.471345507352714,28.21,30.28,36
5,Nablus,temperature,hour,20,28.86888888888889,28.83,0.5266648583452983,27.79,30.1,36
5,Nablus,temperature,hour,21,28.494722222222222,28.505000000000003,0.5644237825864588,27.41,29.39,36
5,Nablus,temperature,hour,22,28.297222222222224,28.259999999999998,0.5501563991194354,27.44,29.29,36
5,Nablus,temperature,hour,23,28.17111111111111,28.134999999999998,0.6701887912170837,26.9,29.66,36
5,Nablus,temperature,day_of_week,Monday,33.03672727272727,29.91,5.565470614870154,27.7,42.7,55
5,Nablus,temperature,day_of_week,Tuesday,32.7059375,29.79,6.11093559520015,26.08,44.67,96
5,Nablus,temperature,day_of_week,Wednesday,33.364315789473686,30.58,6.504521120389963,26.9,46.32,95
5,Nablus,temperature,day_of_week,Thursday,34.56341935483871,31.58,7.1335076742500245,26.58,50.04,155
5,Nablus,temperature,day_of_week,Friday,33.67163157894737,30.665,6.032745298981529,27.09,49.01,190
5,Nablus,temperature,day_of_week,Saturday,33.473821989528794,30.64,5.459947613951334,27.91,44.83,191
5,Nablus,temperature,day_of_week,Sunday,34.18617021276596,30.54,6.7780661450040425,28.06,48.07,47
5,Nablus,temperature,day_type,Weekday,33.64016920473773,30.6,6.3985820970490925,26.08,50.04,591
5,Nablus,temperature,day_type,Weekend,33.61449579831932,30.615000000000002,5.735585671372468,27.91,48.07,238
5,Nablus,temperature,daily,2026-08-06 00:00:00+00:00,34.849830508474575,32.11,6.721133035517311,27.46,44.13,59
5,Nablus,temperature,daily,2026-08-07 00:00:00+00:00,32.739789473684205,30.03,5.504364994961758,27.09,42.9,95
5,Nablus,temperature,daily,2026-08-08 00:00:00+00:00,33.27178947368421,30.66,5.393841835133953,27.91,43.85,95
5,Nablus,temperature,daily,2026-08-09 00:00:00+00:00,34.557272727272725,31.98,6.851225103020783,28.06,48.07,44
5,Nablus,temperature,daily,2026-08-17 00:00:00+00:00,33.03672727272727,29.91,5.565470614870154,27.7,42.7,55
5,Nablus,temperature,daily,2026-08-18 00:00:00+00:00,32.7059375,29.79,6.11093559520015,26.08,44.67,96
5,Nablus,temperature,daily,2026-08-19 00:00:00+00:00,33.364315789473686,30.58,6.504521120389963,26.9,46.32,95
5,Nablus,temperature,daily,2026-08-20 00:00:00+00:00,34.387395833333336,31.465,7.40462348377036,26.58,50.04,96
5,Nablus,temperature,daily,2026-08-21 00:00:00+00:00,34.60347368421052,31.15,6.412646376483894,28.4,49.01,95
5,Nablus,temperature,daily,2026-08-22 00:00:00+00:00,33.67375,30.615000000000002,5.545589665386549,28.33,44.83,96
5,Nablus,temperature,daily,2026-08-23 00:00:00+00:00,28.74333333333333,28.74,0.09504384952922233,28.65,28.84,3
5,Nablus,temperature,weekly,2026-08-03/2026-08-09,33.6101023890785,30.89,5.9777698047679655,27.09,48.07,293
5,Nablus,temperature,weekly,2026-08-17/2026-08-23,33.6452052238806,30.47,6.341953084797068,26.08,50.04,536
5,Nablus,humidity,hour,0,65.5385294117647,66.345,2.915515581362813,59.65,69.46,34
5,Nablus,humidity,hour,1,65.34032258064515,65.75,2.3972407525750192,61.51,69.1,31
5,Nablus,humidity,hour,2,65.6221875,65.275,1.655974003175638,62.0,68.63,32
5,Nablus,humidity,hour,3,65.7190625,66.02,1.8986350944228834,62.68,69.02,32
5,Nablus,humidity,hour,4,62.454062500000006,62.14,2.311978428539562,58.36,68.4,32
5,Nablus,humidity,hour,5,56.8584375,57.175,2.288932853727031,51.76,61.22,32
5,Nablus,humidity,hour,6,49.550312500000004,49.6,3.0997268187384592,43.02,55.44,32
5,Nablus,humidity,hour,7,41.746875,42.22,3.623381451787997,33.91,48.57,32
5,Nablus,humidity,hour,8,35.261562500000004,35.215,3.4835577932902946,27.28,42.51,32
5,Nablus,humidity,hour,9,29.786,30.07,3.9442118425388264,21.62,37.22,35
5,Nablus,humidity,hour,10,27.823076923076933,28.47,3.881317704788681,19.61,34.1,39
5,Nablus,humidity,hour,11,29.99945945945946,31.46,3.7552281673140167,21.91,35.11,37
5,Nablus,humidity,hour,12,32.23833333333334,31.77,2.9949714999836448,26.16,37.42,36
5,Nablus,humidity,hour,13,34.63055555555555,34.19,3.416176596676838,29.24,40.97,36
5,Nablus,humidity,hour,14,39.98527777777778,40.46,4.469222678409116,30.89,48.36,36
5,Nablus,humidity,hour,15,48.542,49.12,4.472304183067421,39.89,59.3,35
5,Nablus,humidity,hour,16,54.758,53.92,4.698620448349393,47.08,65.33,35
5,Nablus,humidity,hour,17,59.24472222222222,58.435,4.6849134683950355,51.46,66.85,36
5,Nablus,humidity,hour,18,61.03228571428572,60.73,4.267644401715751,52.96,66.77,35
5,Nablus,humidity,hour,19,63.19055555555555,64.22,4.3973296731048315,56.02,68.99,36
5,Nablus,humidity,hour,20,64.05638888888889,64.53,3.8612486157998003,55.99,69.26,36
5,Nablus,humidity,hour,21,64.98444444444443,64.795,3.3359157615644253,58.72,69.91,36
5,Nablus,humidity,hour,22,65.28722222222223,65.92,3.33206637827135,59.51,69.77,36
5,Nablus,humidity,hour,23,65.8627777777778,66.87,3.236345921040413,58.66,69.54,36
5,Nablus,humidity,day_of_week,Monday,47.99636363636365,51.46,11.542889965437977,30.35,62.23,55
5,Nablus,humidity,day_of_week,Tuesday,50.0621875,56.515,13.551585434776722,27.1,65.94,96
5,Nablus,humidity,day_of_week,Wednesday,49.10368421052632,52.96,14.470924851903176,21.91,67.46,95
5,Nablus,humidity,day_of_week,Thursday,50.26303225806452,56.32,15.791941779315497,19.61,69.85,155
5,Nablus,humidity,day_of_week,Friday,53.495315789473686,60.445,14.062252247045555,25.89,69.91,190
5,Nablus,humidity,day_of_week,Saturday,54.775863874345546,61.24,13.790956081596741,28.51,69.46,191
5,Nablus,humidity,day_of_week,Sunday,51.22297872340425,59.09,16.59574643184127,22.28,68.32,47
5,Nablus,humidity,day_type,Weekday,50.87225042301184,56.21,14.39661458009106,19.61,69.91,591
5,Nablus,humidity,day_type,Weekend,54.074243697478984,61.11,14.420094718970264,22.28,69.46,238
5,Nablus,humidity,daily,2026-08-06 00:00:00+00:00,48.57830508474576,53.92,15.22468244983855,26.81,66.78,59
5,Nablus,humidity,daily,2026-08-07 00:00:00+00:00,52.40768421052631,58.29,13.545167659371836,30.0,67.96,95
5,Nablus,humidity,daily,2026-08-08 00:00:00+00:00,55.145684210526326,61.24,13.354385736897612,32.87,68.34,95
5,Nablus,humidity,daily,2026-08-09 00:00:00+00:00,50.2984090909091,55.135,16.760948097619007,22.28,68.32,44
5,Nablus,humidity,daily,2026-08-17 00:00:00+00:00,47.99636363636365,51.46,11.542889965437977,30.35,62.23,55
5,Nablus,humidity,daily,2026-08-18 00:00:00+00:00,50.0621875,56.515,13.551585434776722,27.1,65.94,96
5,Nablus,humidity,daily,2026-08-19 00:00:00+00:00,49.10368421052632,52.96,14.470924851903176,21.91,67.46,95
5,Nablus,humidity,daily,2026-08-20 00:00:00+00:00,51.298437500000006,57.7,16.12161081987875,19.61,69.85,96
5,Nablus,humidity,daily,2026-08-21 00:00:00+00:00,54.58294736842105,61.3,14.551114958646766,25.89,69.91,95
5,Nablus,humidity,daily,2026-08-22 00:00:00+00:00,54.40989583333334,61.43,14.270475483155804,28.51,69.46,96
5,Nablus,humidity,daily,2026-08-23 00:00:00+00:00,64.78333333333333,64.74,0.14011899704655684,64.67,64.94,3
5,Nablus,humidity,weekly,2026-08-03/2026-08-09,52.207576791808876,57.99,14.488479265841526,22.28,68.34,293
5,Nablus,humidity,weekly,2026-08-17/2026-08-23,51.56408582089552,56.89,14.464402682347687,19.61,69.91,536
5,Nablus,aqi,hour,0,120.47058823529412,113.5,30.46332648036905,69.0,194.0,34
5,Nablus,aqi,hour,1,138.29032258064515,132.0,32.949652045089536,94.0,195.0,31
5,Nablus,aqi,hour,2,139.8125,132.5,31.04153045362335,83.0,193.0,32
5,Nablus,aqi,hour,3,131.84375,129.0,29.40167800236644,94.0,188.0,32
5,Nablus,aqi,hour,4,128.625,120.0,34.00640357154764,77.0,191.0,32
5,Nablus,aqi,hour,5,119.9375,113.0,30.506411277504572,74.0,172.0,32
5,Nablus,aqi,hour,6,110.0625,111.0,26.929941964169704,69.0,155.0,32
5,Nablus,aqi,hour,7,102.03125,102.5,19.29981510023414,62.0,139.0,32
5,Nablus,aqi,hour,8,93.875,98.0,14.501946476694197,61.0,121.0,32
5,Nablus,aqi,hour,9,87.14285714285714,90.0,12.95045503888901,61.0,108.0,35
5,Nablus,aqi,hour,10,85.46153846153847,84.0,15.484875734671514,59.0,112.0,39
5,Nablus,aqi,hour,11,89.45945945945945,90.0,18.70322995663612,54.0,119.0,37
5,Nablus,aqi,hour,12,84.02777777777777,85.0,18.108381817917692,47.0,108.0,36
5,Nablus,aqi,hour,13,81.69444444444444,84.0,17.729425813673146,48.0,121.0,36
5,Nablus,aqi,hour,14,83.91666666666667,83.0,17.825142756390882,49.0,112.0,36
5,Nablus,aqi,hour,15,94.2,94.0,20.6722320147242,58.0,130.0,35
5,Nablus,aqi,hour,16,106.37142857142857,111.0,23.43085662148968,63.0,139.0,35
5,Nablus,aqi,hour,17,120.0,127.0,35.62342728358084,62.0,252.0,36
5,Nablus,aqi,hour,18,120.71428571428571,128.0,34.28476889452896,64.0,192.0,35
5,Nablus,aqi,hour,19,124.86111111111111,127.0,37.02752086742105,67.0,194.0,36
5,Nablus,aqi,hour,20,118.13888888888889,105.0,34.60235564051985,56.0,196.0,36
5,Nablus,aqi,hour,21,116.25,107.0,28.1773718737977,71.0,174.0,36
5,Nablus,aqi,hour,22,125.52777777777777,130.5,33.26129119657703,72.0,192.0,36
5,Nablus,aqi,hour,23,126.61111111111111,125.0,34.40704062316962,72.0,192.0,36
5,Nablus,aqi,day_of_week,Monday,75.87272727272727,81.0,18.51831380358228,47.0,118.0,55
5,Nablus,aqi,day_of_week,Tuesday,105.1875,106.0,20.842927615355464,74.0,152.0,96
5,Nablus,aqi,day_of_week,Wednesday,79.82105263157895,69.0,25.898730334183032,56.0,183.0,95
5,Nablus,aqi,day_of_week,Thursday,109.55483870967743,101.0,30.085406984912844,66.0,196.0,155
5,Nablus,aqi,day_of_week,Friday,114.82105263157895,106.0,30.300253704341817,73.0,252.0,190
5,Nablus,aqi,day_of_week,Saturday,126.8586387434555,119.0,28.23707745855413,84.0,194.0,191
5,Nablus,aqi,day_of_week,Sunday,131.80851063829786,139.0,35.9441827535491,77.0,182.0,47
5,Nablus,aqi,day_type,Weekday,102.6243654822335,97.0,30.831708560744264,47.0,252.0,591
5,Nablus,aqi,day_type,Weekend,127.83613445378151,121.5,29.897758918855967,77.0,194.0,238
5,Nablus,aqi,daily,2026-08-06 00:00:00+00:00,113.30508474576271,113.0,21.222348530449374,83.0,149.0,59
5,Nablus,aqi,daily,2026-08-07 00:00:00+00:00,106.61052631578947,94.0,28.691793895713236,73.0,183.0,95
5,Nablus,aqi,daily,2026-08-08 00:00:00+00:00,123.48421052631579,113.0,28.076969875718703,84.0,192.0,95
5,Nablus,aqi,daily,2026-08-09 00:00:00+00:00,130.6818181818182,126.5,36.90199006877462,77.0,182.0,44
5,Nablus,aqi,daily,2026-08-17 00:00:00+00:00,75.87272727272727,81.0,18.51831380358228,47.0,118.0,55
5,Nablus,aqi,daily,2026-08-18 00:00:00+00:00,105.1875,106.0,20.842927615355464,74.0,152.0,96
5,Nablus,aqi,daily,2026-08-19 00:00:00+00:00,79.82105263157895,69.0,25.898730334183032,56.0,183.0,95
5,Nablus,aqi,daily,2026-08-20 00:00:00+00:00,107.25,94.0,34.324764728752484,66.0,196.0,96
5,Nablus,aqi,daily,2026-08-21 00:00:00+00:00,123.03157894736842,110.0,29.7741329371865,93.0,252.0,95
5,Nablus,aqi,daily,2026-08-22 00:00:00+00:00,130.19791666666666,126.0,28.142352346846117,98.0,194.0,96
5,Nablus,aqi,daily,2026-08-23 00:00:00+00:00,148.33333333333334,148.0,0.5773502691896258,148.0,149.0,3
5,Nablus,aqi,weekly,2026-08-03/2026-08-09,117.04436860068259,109.0,29.80831588531064,73.0,192.0,293
5,Nablus,aqi,weekly,2026-08-17/2026-08-23,105.93656716417911,101.5,33.425096712645214,47.0,252.0,536
