horizon,base_models,meta_model,aligned_rows,train_rows,validation_rows,validation_rmse,validation_mae,validation_r2
1h,gru + lightgbm + tft + random_forest,ridge_10.0,1254,940,314,2.17859464082222,1.606843809156797,0.7627934392018245
1h,gru + lightgbm + tft + random_forest,ridge_1.0,1254,940,314,2.178609445269171,1.6067812279376263,0.7627902153585159
1h,gru + lightgbm + tft + random_forest,ridge_0.1,1254,940,314,2.178610961988106,1.606774947090806,0.7627898850738034
1h,gru + lightgbm + tft + random_forest,linear_regression,1254,940,314,2.178611130919788,1.6067742489533914,0.7627898482867809
1h,gru + lightgbm + tft + random_forest,nonnegative_linear,1254,940,314,2.1786111309197898,1.6067742489533938,0.7627898482867805
1h,gru + lightgbm + tft + random_forest + xgboost,nonnegative_linear,1254,940,314,2.1786111309197898,1.6067742489533938,0.7627898482867805
1h,gru + lightgbm + tft + random_forest,elasticnet,1254,940,314,2.1788498665214724,1.6072505052297428,0.7627378577224064
1h,gru + lightgbm + tft + random_forest + xgboost,ridge_10.0,1254,940,314,2.1792982198382855,1.6021549323360027,0.7626402023355143
1h,gru + lightgbm + tft + random_forest + xgboost,ridge_1.0,1254,940,314,2.1793354849072974,1.6019347555359689,0.7626320847637337
1h,gru + lightgbm + tft + random_forest + xgboost,ridge_0.1,1254,940,314,2.1793393160824226,1.601912489725624,0.7626312501984656
1h,gru + lightgbm + tft + random_forest + xgboost,linear_regression,1254,940,314,2.1793397429711243,1.6019100129189872,0.7626311572069369
1h,gru + lightgbm + tft + random_forest + xgboost,elasticnet,1254,940,314,2.1794130948781802,1.6029240248029708,0.7626151782845436
1h,gru + lightgbm + tft + random_forest + xgboost,random_forest_meta,1254,940,314,2.188045168923031,1.6779193721612324,0.7607310183897821
1h,gru + lightgbm + tft + random_forest + xgboost,xgboost_meta,1254,940,314,2.190020590705336,1.6536447761924404,0.7602987873479756
1h,gru + lightgbm + tft + random_forest,xgboost_meta,1254,940,314,2.199545363245754,1.6567408033844775,0.7582092505351896
1h,gru + lightgbm + tft + random_forest,random_forest_meta,1254,940,314,2.2003863487292947,1.681911776393221,0.7580243201516084
1h,gru + lightgbm + tft + random_forest + xgboost,lightgbm_meta,1254,940,314,2.2106666777865702,1.6703337812189574,0.7557579902467828
1h,gru + lightgbm + tft + random_forest + xgboost,gradient_boosting,1254,940,314,2.2117516099453978,1.6930305683657045,0.755518197393912
1h,gru + lightgbm + tft + random_forest,gradient_boosting,1254,940,314,2.2153482612005866,1.6807486471914503,0.7547224202097131
1h,gru + lightgbm + tft + random_forest,lightgbm_meta,1254,940,314,2.2336172603825593,1.6986952768210928,0.7506603480755349
1h,gru + lightgbm + tft,ridge_10.0,1254,940,314,2.2510638523639335,1.7156192220189206,0.7467499946916868
1h,gru + lightgbm + tft,ridge_1.0,1254,940,314,2.251075287568357,1.7155781001421608,0.7467474217100866
1h,gru + lightgbm + tft,ridge_0.1,1254,940,314,2.2510765112921023,1.71557407688489,0.7467471463649841
1h,gru + lightgbm + tft,linear_regression,1254,940,314,2.251076648166959,1.715573630860572,0.74674711556732
1h,gru + lightgbm + tft,nonnegative_linear,1254,940,314,2.251076648166959,1.715573630860572,0.74674711556732
1h,gru + lightgbm + tft,elasticnet,1254,940,314,2.2512889612428975,1.7159646045870467,0.7466993415969685
1h,gru + lightgbm + tft,gradient_boosting,1254,940,314,2.269361293195118,1.750246733322274,0.7426162517303943
1h,gru + lightgbm + tft,random_forest_meta,1254,940,314,2.270337156295124,1.7657494308800044,0.742394845551352
1h,gru + lightgbm + tft + random_forest + xgboost,hist_gradient_boosting,1254,940,314,2.2721804733498163,1.746486775081896,0.7419763696074064
1h,gru + lightgbm + tft,xgboost_meta,1254,940,314,2.277401988114907,1.7430589242194108,0.7407891204053608
1h,gru + lightgbm + tft,lightgbm_meta,1254,940,314,2.285570487493688,1.7543058513203396,0.7389263301202602
1h,gru + lightgbm + tft + random_forest,hist_gradient_boosting,1254,940,314,2.301147898509406,1.7639533046780633,0.7353554835490499
1h,gru + lightgbm + tft,hist_gradient_boosting,1254,940,314,2.3502385171443616,1.800985224246454,0.7239436675617236
3h,tft + lightgbm + gru + random_forest + xgboost,linear_regression,1222,916,306,3.217519837092638,2.0315097720144863,0.5458014622777374
3h,tft + lightgbm + gru + random_forest + xgboost,ridge_0.1,1222,916,306,3.217526298656495,2.031514427372381,0.545799637993226
3h,tft + lightgbm + gru + random_forest + xgboost,ridge_1.0,1222,916,306,3.217584503204701,2.0315563462873376,0.5457832050173756
3h,tft + lightgbm + gru + random_forest + xgboost,ridge_10.0,1222,916,306,3.2181714851647807,2.031993240177399,0.5456174649202636
3h,tft + lightgbm + gru + random_forest + xgboost,elasticnet,1222,916,306,3.2188608812782276,2.0321537769792677,0.5454227685796381
3h,tft + lightgbm + gru + random_forest,linear_regression,1222,916,306,3.2230743374412283,2.025760398868803,0.5442319157350575
3h,tft + lightgbm + gru + random_forest,ridge_0.1,1222,916,306,3.2230793823736765,2.0257653784538716,0.5442304889476142
3h,tft + lightgbm + gru + random_forest,ridge_1.0,1222,916,306,3.2231248471311083,2.0258101813035547,0.5442176306875748
3h,tft + lightgbm + gru + random_forest,ridge_10.0,1222,916,306,3.223585422627111,2.0262696427123523,0.5440873613375381
3h,tft + lightgbm + gru + random_forest,elasticnet,1222,916,306,3.224028938374812,2.026719828894834,0.5439618995808788
3h,tft + lightgbm + gru,linear_regression,1222,916,306,3.2429106601371647,2.067757037696497,0.5386046279917442
3h,tft + lightgbm + gru,ridge_0.1,1222,916,306,3.242918486752604,2.0677696014013156,0.5386024008761199
3h,tft + lightgbm + gru,ridge_1.0,1222,916,306,3.242988955574547,2.067882640375034,0.5385823482607626
3h,tft + lightgbm + gru,ridge_10.0,1222,916,306,3.2436965213192837,2.0690096382257614,0.5383809791254061
3h,tft + lightgbm + gru,elasticnet,1222,916,306,3.243881202307948,2.0691281120706604,0.538328412750263
3h,tft + lightgbm + gru,nonnegative_linear,1222,916,306,3.3273075914727777,2.183778970346715,0.514276442541372
3h,tft + lightgbm + gru + random_forest,nonnegative_linear,1222,916,306,3.3273075914727777,2.183778970346715,0.514276442541372
3h,tft + lightgbm + gru + random_forest + xgboost,nonnegative_linear,1222,916,306,3.3273075914727777,2.183778970346715,0.514276442541372
3h,tft + lightgbm + gru + random_forest,gradient_boosting,1222,916,306,3.486813660181086,2.4333566528494868,0.4665905040957532
3h,tft + lightgbm + gru + random_forest + xgboost,gradient_boosting,1222,916,306,3.516415568361414,2.483836730611595,0.4574951143355782
3h,tft + lightgbm + gru + random_forest,hist_gradient_boosting,1222,916,306,3.5194874114658035,2.466794853854063,0.4565468658937276
3h,tft + lightgbm + gru + random_forest,xgboost_meta,1222,916,306,3.522832642647195,2.508275557748633,0.4555132833632507
3h,tft + lightgbm + gru + random_forest + xgboost,xgboost_meta,1222,916,306,3.5745247661040422,2.563419432421915,0.4394170479830797
3h,tft + lightgbm + gru + random_forest,lightgbm_meta,1222,916,306,3.5801045095017083,2.558680575221239,0.43766557022090813
3h,tft + lightgbm + gru + random_forest + xgboost,lightgbm_meta,1222,916,306,3.608405308931889,2.58071976554149,0.4287398999525863
3h,tft + lightgbm + gru,xgboost_meta,1222,916,306,3.633650660098973,2.6586181011075287,0.42071856672574925
3h,tft + lightgbm + gru,gradient_boosting,1222,916,306,3.648923975386125,2.6364496648190445,0.415838547572255
3h,tft + lightgbm + gru,lightgbm_meta,1222,916,306,3.658692785713625,2.6174103802662,0.4127065551257856
3h,tft + lightgbm + gru + random_forest + xgboost,hist_gradient_boosting,1222,916,306,3.72009831584449,2.629177084307478,0.39282748957309865
3h,tft + lightgbm + gru,hist_gradient_boosting,1222,916,306,3.7533447533178967,2.6082997141034703,0.3819264200068603
3h,tft + lightgbm + gru + random_forest,random_forest_meta,1222,916,306,3.8440902255683698,2.840166426398261,0.35167852043486003
3h,tft + lightgbm + gru + random_forest + xgboost,random_forest_meta,1222,916,306,3.944418895980514,2.987993162541422,0.317395217587926
3h,tft + lightgbm + gru,random_forest_meta,1222,916,306,3.9990385234860617,3.08388478322894,0.2983598366990754
6h,tft + gru + random_forest,nonnegative_linear,1222,916,306,3.7255860114975916,2.3929375576142133,0.23894761963659306
6h,tft + gru + random_forest + lightgbm,nonnegative_linear,1222,916,306,3.7301795205540356,2.4015606464997186,0.23706976409986902
6h,tft + gru + random_forest + lightgbm + xgboost,nonnegative_linear,1222,916,306,3.7301795205540356,2.4015606464997186,0.23706976409986902
6h,tft + gru + random_forest,elasticnet,1222,916,306,3.787772697349075,2.4589746841897977,0.21332893095308092
6h,tft + gru + random_forest,linear_regression,1222,916,306,3.789705470670802,2.460374838441228,0.21252590242111413
6h,tft + gru + random_forest,ridge_0.1,1222,916,306,3.7897082807941325,2.4603878136196893,0.21252473457302068
6h,tft + gru + random_forest,ridge_1.0,1222,916,306,3.7897335879894416,2.460504580349376,0.21251421721632324
6h,tft + gru + random_forest,ridge_10.0,1222,916,306,3.7899882476117748,2.461671270058306,0.21240837992445283
6h,tft + gru + random_forest + lightgbm + xgboost,elasticnet,1222,916,306,3.8053956195348846,2.4946138085815694,0.20599179932081146
6h,tft + gru + random_forest + lightgbm + xgboost,linear_regression,1222,916,306,3.8073013761393586,2.4968469790230468,0.2051963155243688
6h,tft + gru + random_forest + lightgbm + xgboost,ridge_0.1,1222,916,306,3.8073073214047093,2.4968633099904776,0.2051938332819464
6h,tft + gru + random_forest + lightgbm + xgboost,ridge_1.0,1222,916,306,3.807360847697978,2.4970102968171943,0.20517148503241833
6h,tft + gru + random_forest + lightgbm + xgboost,ridge_10.0,1222,916,306,3.807897957563649,2.4984809219479027,0.2049472140129882
6h,tft + gru + random_forest + lightgbm,elasticnet,1222,916,306,3.817443066936084,2.5065406107286177,0.20095636276601658
6h,tft + gru + random_forest + lightgbm,linear_regression,1222,916,306,3.820494604122283,2.5096398840455776,0.1996783943027266
6h,tft + gru + random_forest + lightgbm,ridge_0.1,1222,916,306,3.8204999671419153,2.509656950736208,0.19967614739810258
6h,tft + gru + random_forest + lightgbm,ridge_1.0,1222,916,306,3.8205482455909427,2.5098105289493535,0.1996559203918017
6h,tft + gru + random_forest + lightgbm,ridge_10.0,1222,916,306,3.821032142214808,2.511344136700252,0.19945317026321885
6h,tft + gru + random_forest,gradient_boosting,1222,916,306,3.8590808593742967,2.621069887725341,0.1834305703296799
6h,tft + gru + random_forest,lightgbm_meta,1222,916,306,3.8925328610282155,2.5410188374359075,0.1692125348892325
6h,tft + gru + random_forest + lightgbm,gradient_boosting,1222,916,306,3.9422307840503543,2.704270800929722,0.14786294688537227
6h,tft + gru + random_forest + lightgbm + xgboost,gradient_boosting,1222,916,306,3.9575661471584582,2.73613172667512,0.14122038894413136
6h,tft + gru + random_forest,xgboost_meta,1222,916,306,4.0366571904861495,2.9068953414368477,0.10655237665800521
6h,tft + gru + random_forest + lightgbm + xgboost,lightgbm_meta,1222,916,306,4.065023728585194,2.806616763921626,0.09395132384459515
6h,tft + gru + random_forest + lightgbm + xgboost,hist_gradient_boosting,1222,916,306,4.085551121892739,2.6521283103931075,0.08477756321908247
6h,tft + gru + random_forest,hist_gradient_boosting,1222,916,306,4.094582857123434,2.673679009842199,0.08072661236364975
6h,tft + gru + random_forest + lightgbm + xgboost,xgboost_meta,1222,916,306,4.0976580880413005,2.925281165877199,0.07934525575600793
6h,tft + gru + random_forest + lightgbm,hist_gradient_boosting,1222,916,306,4.116212283154167,2.6613878623472127,0.0709889307271655
6h,tft + gru + random_forest + lightgbm,lightgbm_meta,1222,916,306,4.123644890436837,2.8909400721513783,0.0676308879010541
6h,tft + gru + random_forest + lightgbm,xgboost_meta,1222,916,306,4.134556208986762,2.9784989553962657,0.06269019284800381
6h,tft + gru + random_forest + lightgbm,random_forest_meta,1222,916,306,4.198997509372911,3.227565038527311,0.03324462764368419
6h,tft + gru + random_forest + lightgbm + xgboost,random_forest_meta,1222,916,306,4.45978583229729,3.599369134214793,-0.09056954916297921
6h,tft + gru + random_forest,random_forest_meta,1222,916,306,4.476188793431507,3.5900188831636357,-0.09860646726624545
