horizon,method,overall_rmse,overall_mae,overall_median_ae,overall_r2,p90_mae,p90_rmse,p95_mae,p95_rmse,sensor_mean_mae,sensor_worst_mae,sensor_rmse_std,overall_mae_score,overall_rmse_score,overall_median_ae_score,p90_mae_score,p90_rmse_score,p95_mae_score,p95_rmse_score,sensor_mean_mae_score,sensor_worst_mae_score,sensor_rmse_std_score,overall_r2_score,overall_accuracy_score,high_pm_score,sensor_stability_score,final_score,final_score_100,final_rank
1h,lightgbm,3.239131744279672,2.1837216709886778,1.5081479071094943,0.8050831517089292,4.807972792536205,6.701151627855047,6.422635688121528,8.367914815717583,2.1837216709886778,2.521231938845458,0.4517636389528238,0.9905908760561445,0.9915567135287706,0.9821869408206654,0.9730699004560877,0.9633458303642324,0.9570417848927182,0.9484306858140957,0.9905908760561445,1.0,0.992328245098069,0.9967927492298113,0.9895065857621396,0.9613888088403073,0.9943184116969751,0.9792218401803738,97.92218401803738,1
1h,xgboost,3.488226098535804,2.290345481372549,1.5054455000000004,0.7739516142292487,5.066315774509802,6.823294159036362,6.543133784313725,8.332732870644064,2.2903454813725492,2.570959639215686,0.43036281752523986,0.9799306996798518,0.9678784991920668,0.9824390383881707,0.959540996776164,0.9563709884130823,0.9508175918149382,0.9504196954030805,0.9799306996798518,0.996094785992996,1.0,0.9873227039595088,0.9784687347699424,0.9544657133405632,0.9906054549694893,0.9712948702381001,97.12948702381001,2
1h,persistence,3.839622019795954,2.471647058823529,1.625,0.7261144605272638,4.293725490196079,6.059268544479411,5.590980392156862,7.4557478813723455,2.4716470588235295,3.113686274509804,0.8004051681070111,0.9618042907101356,0.9344757833196474,0.9712862411177567,1.0,1.0,1.0,1.0,0.9618042907101354,0.9534733970619733,0.867347418107106,0.9727709006168087,0.958713477702753,1.0,0.9352742597825214,0.9705402430376056,97.05402430376056,3
1h,weighted,3.150308534833078,2.089610972267116,1.3966358096318832,0.8156265698984894,5.188398548076419,7.002632454368786,7.186832402105235,8.780995293425029,2.089610972267116,2.677523948995635,0.6099562019318517,1.0,1.0,0.9925894920953262,0.9531477668461578,0.9461300325917599,0.9175680666552709,0.9250772006822874,1.0,0.9877260813856832,0.9356194605969687,1.0,0.9981473730238314,0.9354561967052379,0.9796089936342313,0.969363226618474,96.9363226618474,4
1h,gru,3.436689124259126,2.346360632204542,1.7272888565063464,0.780581797517813,5.328417484059052,7.1632220419776775,7.142650100109623,8.825969681064464,2.346360632204542,3.053954309650496,0.7069268286563345,0.9743303428227497,0.9727774601774835,0.961744091891774,0.9458152560738388,0.9369597052558241,0.9198502535688536,0.922534575819261,0.9743303428227497,0.9581642656140632,0.9008574827245679,0.9893395698445968,0.9726717128064201,0.9315985091078246,0.9503040007751641,0.9517688889207307,95.17688889207308,5
1h,stacking_advanced,3.272166162605653,2.092217533404548,1.3171974816673335,0.8010871433712905,6.002416284669555,7.701133077629653,8.249389547344114,9.605912123331535,2.0922175334045474,2.7044393675749814,0.6767132558640079,0.9997393977821599,0.9884165538894776,0.9999999999999997,0.9105192910579383,0.9062427680746014,0.862682877286032,0.8784405669950284,0.9997393977821599,0.9856123606855929,0.9116884279739695,0.995577185113113,0.9964535607798184,0.888897317517117,0.9727821923463138,0.948696789788037,94.86967897880369,6
1h,stacking_original,3.272166162605655,2.0922175334045505,1.3171974816673302,0.8010871433712903,6.002416284669569,7.701133077629666,8.249389547344126,9.605912123331546,2.0922175334045505,2.7044393675749907,0.6767132558640127,0.9997393977821596,0.9884165538894772,1.0,0.9105192910579375,0.9062427680746006,0.8626828772860314,0.8784405669950278,0.9997393977821596,0.9856123606855921,0.9116884279739678,0.995577185113113,0.9964535607798183,0.8888973175171162,0.9727821923463131,0.9486967897880365,94.86967897880365,7
1h,random_forest,3.6079936225874234,2.4325678524736287,1.7029229056437334,0.7581624812861314,5.50201583612396,7.61556761677933,7.395469280346924,9.377126040033309,2.432567852473629,2.710150055117864,0.48220951155134967,0.9657114033038016,0.9564937325098216,0.9640171013583486,0.9367242586481002,0.9111289085543856,0.9067911643277001,0.8913749773170137,0.9657114033038016,0.9851638891734164,0.9814140251396588,0.9825197351421886,0.9650844515987417,0.9135554040670198,0.9764454288171311,0.9467450280297309,94.6745028029731,8
1h,tft,3.3897352802672733,2.1750901519551,1.375359916687014,0.786536452370475,5.62358959571988,7.723865776880698,7.741964247460458,9.382905790205934,2.1750901519550996,3.094510022032495,0.925736124688829,0.9914538494854565,0.9772407615850621,0.9945742414837738,0.9303576847585588,0.9049446372526382,0.8888933581054859,0.8910482194162989,0.9914538494854565,0.9549793458434109,0.8224188445112832,0.9911509436342961,0.988642812278542,0.9049738841930007,0.9364290219671972,0.9447324829820566,94.47324829820566,9
1h,lstm,3.5479148691284363,2.391763977125579,1.6878335952758796,0.7661493739366043,6.544731136396821,8.153562456998925,8.77274657305549,10.188472881078894,2.3917639771255796,3.008410509446088,0.7069226498193497,0.9697909471362761,0.9622046511925516,0.9654247273321349,0.8821193502615591,0.8804071857869441,0.8356494611609794,0.8455055223036565,0.9697909471362761,0.9617409097211962,0.9008589807517922,0.984949304674962,0.9686976128916455,0.8605131850448816,0.9497404424448771,0.9216324076635862,92.16324076635863,10
1h,prophet,13.670289083788896,12.091679101364228,12.036884848096276,-2.471742876719411,23.38935866829086,23.571139356286768,24.95061379144333,25.143920562066327,12.091679101364228,15.254900383401646,3.2199229248479124,0.0,0.0,0.0,0.0,0.0,0.0,0.0,0.0,0.0,0.0,0.0,0.0,0.0,0.0,0.0,0.0,11
3h,tft,3.0481449974518013,2.230740307564516,1.798825187683109,0.828400852615724,4.473321852684021,5.738652335854282,5.3816681655248,6.768912993073623,2.230740307564516,2.66257076933793,0.296683646383443,1.0,1.0,0.9951830406960689,1.0,1.0,1.0,1.0,1.0,0.9951423524564007,0.9894804388098971,1.0,0.9987957601740172,1.0,0.9956699330622145,0.9986522906820499,99.86522906820498,1
3h,weighted,3.0481449974518013,2.230740307564516,1.798825187683109,0.828400852615724,4.473321852684021,5.738652335854282,5.3816681655248,6.768912993073623,2.230740307564516,2.66257076933793,0.296683646383443,1.0,1.0,0.9951830406960689,1.0,1.0,1.0,1.0,1.0,0.9951423524564007,0.9894804388098971,1.0,0.9987957601740172,1.0,0.9956699330622145,0.9986522906820499,99.86522906820498,2
3h,stacking_advanced,3.083667582282338,2.251007308238749,1.7528133432959407,0.8243779704345934,4.713160422967169,6.019676470253441,5.677801290607765,7.177671241966121,2.2510073082387496,2.604564000530181,0.26802346283014583,0.9980028768397624,0.9967245151680201,0.9994748375167023,0.9878657394113486,0.9850307160737873,0.9858031487045842,0.9792902675629515,0.9980028768397622,1.0,1.0,0.9988144541213076,0.9981527237512547,0.9849648631621275,0.999201150735905,0.993087264912534,99.3087264912534,3
3h,stacking_original,3.082013714958028,2.249482993076859,1.7471831386359007,0.8245663030860138,4.739666788677847,6.046987397621161,5.74990175043041,7.2198439276127475,2.249482993076859,2.618987075723513,0.2729868167129963,0.9981530838270837,0.9968770158196684,1.0,0.9865246909369028,0.9835759476891086,0.982346596837425,0.9771535888824361,0.9981530838270835,0.9987921717202307,0.9981782285245422,0.9988699558707156,0.9983854048739129,0.9828072936466072,0.9983830507640498,0.9921536895610181,99.21536895610181,4
3h,xgboost,4.024877349006028,3.048036444037656,2.4334955,0.7008085472839223,6.381289791666667,7.73608735729344,7.842124020833332,9.197237751520388,3.048036444037657,3.644022811715481,0.48361320359184246,0.9194631179443125,0.9099369593265151,0.9359835874937176,0.9034693204722027,0.8936028322833861,0.8820438413062898,0.8769689513203702,0.9194631179443122,0.9129528390460424,0.9208689830725048,0.9623984683298756,0.9265786144754098,0.889768305254299,0.9175359866119659,0.9100459652142767,91.00459652142767,5
3h,lightgbm,4.041620638877991,3.078301229319393,2.4286758321950748,0.6983141265526884,6.610189022393751,7.857519813885734,8.072454547460913,9.332955167879046,3.078301229319393,3.6886000563178016,0.6092455590377908,0.9164808067184279,0.9083930854143354,0.9364331464113657,0.8918885188067108,0.8871345019939822,0.8710016175280129,0.8700928298293652,0.9164808067184277,0.90921981706958,0.8747563247877898,0.9616633609902898,0.925094780599622,0.8803125072650866,0.9035083398586715,0.9028645831176179,90.28645831176179,6
3h,random_forest,4.557323573310416,3.565920825140962,2.933963697561518,0.6164132376512497,6.856505140086017,8.073999124686022,8.155061104103924,9.523996228287483,3.565920825140962,3.8704522000660586,0.5378159463148817,0.8684304610430029,0.8608408831295271,0.8893019591493068,0.8794265367504706,0.8756033206082668,0.8670413952450153,0.8604137364868617,0.8684304610430027,0.893991014680935,0.9009741674065104,0.9375271181359082,0.880388023227823,0.8711437910176714,0.8855125814071559,0.877715241979629,87.7715241979629,7
3h,persistence,6.050826061382413,4.3875732217573225,2.9650000000000007,0.3238030323031587,7.032708333333333,9.010238273763909,8.906666666666666,10.29763949488749,4.387573221757322,5.280167364016736,1.3061868363280176,0.7874643103370652,0.7231272350506639,0.8864070196852664,0.8705118093949362,0.8257327652719896,0.8310088426505658,0.8212171084153286,0.7874643103370652,0.7759375608497814,0.6189478998790969,0.8512947087850015,0.8040945186585071,0.8398461703511142,0.7413008454020238,0.8058364446842533,80.58364446842533,8
3h,lstm,4.992133473585078,3.4449523697936884,2.2901195144653315,0.5397261958767617,11.022313375473024,12.065213329122024,13.669134683609007,14.114817754227388,3.444952369793688,4.284265859915123,1.2276648534401988,0.8803507697120287,0.8207477074797629,0.9493571135296457,0.6686639282556854,0.6630037203487575,0.6026924386117998,0.6278198115298566,0.8803507697120286,0.8593371122211034,0.6477689575747162,0.9149273992698455,0.8870236688030937,0.6395716164359684,0.8148505365558768,0.7736082214068002,77.36082214068001,9
3h,gru,5.13220469909106,3.782804630630684,2.869002380371093,0.5135347512779026,10.92268888235092,11.705287811373385,13.274344868659972,13.685136235091717,3.782804630630684,4.554468176933512,0.9877130207907098,0.8470585926552603,0.8078319476404823,0.8953612853574902,0.6737042750152945,0.6821758362205417,0.6216189680036265,0.6495896212365828,0.8470585926552602,0.8367096215244672,0.7358419450187629,0.9072087642705855,0.856846376029039,0.6549500643971012,0.8156322908503584,0.7678450343405278,76.78450343405278,10
3h,prophet,13.893130290534206,12.378837869970983,12.46806446413576,-2.5648732951280597,24.23872647135992,24.512037608282515,26.24073887922489,26.506408401814483,12.378837869970985,14.54589327300474,2.992489154446792,0.0,0.0,0.0,0.0,0.0,0.0,0.0,0.0,0.0,0.0,0.0,0.0,0.0,0.0,0.0,0.0,11
6h,lightgbm,3.975257572868103,2.90068627682299,2.06657223832986,0.6806144656400854,4.2788476568591465,5.923600657861971,5.593994742009361,7.440926220191864,2.9006862768229906,3.125397745153531,0.2561877965728753,0.9537313108726283,1.0,0.9519789508002271,1.0,1.0,1.0,1.0,0.9537313108726283,1.0,1.0,1.0,0.9706439792772923,1.0,0.9814925243490513,0.9845560965807272,98.45560965807272,1
6h,xgboost,3.991415801061979,2.8983310044052866,2.119178500000002,0.6780127762612824,5.320089087912088,6.968522643989585,6.786056695652173,8.530871985732647,2.898331004405286,3.235747757709251,0.37748383294158444,0.9539618176592665,0.998350321374544,0.9471717178564802,0.9413831231661554,0.9361325284271049,0.9321933356368655,0.9318921531535809,0.9539618176592665,0.9906752092169628,0.9493223870250279,0.9992593836497313,0.9690236143861974,0.9356778739570434,0.9656516470459006,0.9550109247464764,95.50109247464763,2
6h,random_forest,4.176391407534667,3.058855287921161,2.2314079158702587,0.6474773045702056,6.562962861510676,7.9190092300688,7.728304987817789,9.215890122989272,3.058855287921162,3.971154319767764,0.6688997757479632,0.938251559902027,0.9794651874002395,0.9369160386255196,0.8714153167244042,0.8780371147763688,0.8785965292809815,0.88908716977338,0.938251559902027,0.9285319237487749,0.8275684962434154,0.9905669279777233,0.9547605074669153,0.8784284107115655,0.9071789213337359,0.9147113515381396,91.47113515381396,3
6h,stacking_advanced,4.018221258285765,2.4279220302931983,1.573920395295719,0.6736734655164074,6.846098717288355,9.698857457967824,8.346833640384839,10.65804143662666,2.4279220302931983,3.407537529888094,1.435199133422573,1.0,0.9956136110559949,0.9969981575342319,0.8554761319297861,0.7692496573311718,0.8434134881517596,0.7989709237142525,1.0,0.9761586391946038,0.5074078097626349,0.9980241230099582,0.9979059575238015,0.8233110022335486,0.86850747615877,0.9021882791346941,90.21882791346941,4
6h,stacking_original,4.081986589050257,2.438456878887074,1.5410707888600346,0.6632343074259618,6.99151673242342,9.893428928453655,8.320376307898675,10.73658091373748,2.438456878887075,3.5581065104858003,1.52627836140724,0.998968971029066,0.9891034725714317,1.0,0.8472897981666602,0.7573571064755784,0.8449184296175543,0.7940631981671858,0.9989689710290659,0.9634352673528486,0.46935481146155517,0.9950524342188922,0.9962707865561193,0.8179465292638172,0.8541286348505123,0.8965126532980771,89.6512653298077,5
6h,weighted,4.187582617290594,2.505666242019653,1.5700073348231145,0.6455855081203443,7.021406174129894,10.06368763668009,8.226202527010825,10.847731101971949,2.5056662420196534,3.602927305319136,1.5423127013619067,0.9923912969514346,0.9783226178495541,0.9973557384118228,0.8456071665781639,0.746950594456449,0.8502752065308313,0.7871177149729208,0.9923912969514346,0.9596478229759007,0.4626556471783819,0.9900283950561675,0.9898198748041531,0.8155783738185725,0.8484971686167345,0.8918587331724371,89.18587331724372,6
6h,tft,4.328175052761809,2.5612026522968305,1.589426155090333,0.6213880390397253,7.113004285372221,10.449118760387345,8.33292311295219,11.191612275371115,2.561202652296831,3.708038353604893,1.6608650126814122,0.9869560363088915,0.9639687955792663,0.9955812197603624,0.8404506341498733,0.7233923655518121,0.8442047443963343,0.765629484061159,0.9869560363088915,0.9507657348677957,0.41312436544650677,0.9831401625937382,0.9828885377749588,0.8032009834864564,0.8308315130889118,0.8806021111223485,88.06021111223485,7
6h,lstm,4.702713882945253,3.2018091138343983,2.073128433227538,0.553026466255069,8.546621688172058,10.532420191482728,10.260384090257729,12.243234760854891,3.201809113834398,4.601196309060252,1.1642692796622687,0.9242608950425363,0.9257301536227764,0.9513798366435252,0.7597448802097944,0.718300835415498,0.7345672384245961,0.6999163582837099,0.9242608950425363,0.8752921497005896,0.620602590756917,0.9636798461751442,0.9363353139794196,0.7319370743301586,0.8312072581014501,0.8335504069441214,83.35504069441214,8
6h,gru,5.455412047146242,3.893626533289838,2.673966751098633,0.3984942104745336,11.026048662793505,12.2315599458326,13.455865808569865,14.478833135209012,3.8936265332898383,4.885991213290176,1.1077482961422136,0.8565538183153051,0.8488832334033383,0.8964744002214067,0.6201650851156556,0.6144464219760021,0.5528023933257421,0.5602196903352196,0.8565538183153051,0.8512264261314311,0.644217117773177,0.9196895388742669,0.8725082826337089,0.5868234659946636,0.8016050559154172,0.7440537106344325,74.40537106344325,9
6h,persistence,8.961172670960343,6.9447577092511015,5.59,-0.6229845532161282,11.458791208791208,13.986227487805971,14.38695652173913,16.46850577947786,6.9447577092511015,8.839295154185022,2.1798239028425677,0.5579444355127338,0.49096166566220695,0.6300032491809241,0.5958037643277758,0.5071980523898926,0.4998402504718672,0.43589027504258154,0.5579444355127338,0.5171645506786611,0.19630278930230338,0.6289077568501389,0.5680838616343253,0.5173108699263876,0.4532610642682007,0.5248101054779253,52.48101054779253,10
6h,prophet,13.770030896921206,12.645722781646516,12.48421880888101,-2.8322561020418453,22.042356859242,22.28438589632241,23.17430141007959,23.444159562725424,12.645722781646514,14.95944476275093,2.6496714128713155,0.0,0.0,0.0,0.0,0.0,0.0,0.0,0.0,0.0,0.0,0.0,0.0,0.0,0.0,0.0,0.0,11
